ISO-10303-21;
HEADER;
FILE_DESCRIPTION(('KiCad electronic assembly'),'2;1');
FILE_NAME('B-GP8403-BRK_R1.0_Step.step','2026-05-12T11:46:10',('Pcbnew')
  ,('Kicad'),'Open CASCADE STEP processor 7.6','KiCad to STEP converter'
  ,'Unknown');
FILE_SCHEMA(('AUTOMOTIVE_DESIGN { 1 0 10303 214 1 1 1 1 }'));
ENDSEC;
DATA;
#1 = APPLICATION_PROTOCOL_DEFINITION('international standard',
  'automotive_design',2000,#2);
#2 = APPLICATION_CONTEXT(
  'core data for automotive mechanical design processes');
#3 = SHAPE_DEFINITION_REPRESENTATION(#4,#10);
#4 = PRODUCT_DEFINITION_SHAPE('','',#5);
#5 = PRODUCT_DEFINITION('design','',#6,#9);
#6 = PRODUCT_DEFINITION_FORMATION('','',#7);
#7 = PRODUCT('B-GP8403-BRK_R1.0_Step 1','B-GP8403-BRK_R1.0_Step 1','',(
    #8));
#8 = PRODUCT_CONTEXT('',#2,'mechanical');
#9 = PRODUCT_DEFINITION_CONTEXT('part definition',#2,'design');
#10 = SHAPE_REPRESENTATION('',(#11,#15,#19,#23,#27,#31,#35,#39,#43,#47,
    #51,#55,#59,#63,#67,#71,#75,#79,#83,#87,#91,#95,#99),#103);
#11 = AXIS2_PLACEMENT_3D('',#12,#13,#14);
#12 = CARTESIAN_POINT('',(0.,0.,0.));
#13 = DIRECTION('',(0.,0.,1.));
#14 = DIRECTION('',(1.,0.,-0.));
#15 = AXIS2_PLACEMENT_3D('',#16,#17,#18);
#16 = CARTESIAN_POINT('',(183.02,-105.93,1.595));
#17 = DIRECTION('',(0.,-0.,1.));
#18 = DIRECTION('',(1.110223024625E-16,1.,0.));
#19 = AXIS2_PLACEMENT_3D('',#20,#21,#22);
#20 = CARTESIAN_POINT('',(185.78,-103.14,1.595));
#21 = DIRECTION('',(0.,0.,1.));
#22 = DIRECTION('',(-1.,1.224646799147E-16,0.));
#23 = AXIS2_PLACEMENT_3D('',#24,#25,#26);
#24 = CARTESIAN_POINT('',(175.605,-102.31,1.595));
#25 = DIRECTION('',(0.,0.,1.));
#26 = DIRECTION('',(-1.,1.224646799147E-16,0.));
#27 = AXIS2_PLACEMENT_3D('',#28,#29,#30);
#28 = CARTESIAN_POINT('',(171.93,-99.23,1.595));
#29 = DIRECTION('',(0.,0.,1.));
#30 = DIRECTION('',(-1.,1.224646799147E-16,0.));
#31 = AXIS2_PLACEMENT_3D('',#32,#33,#34);
#32 = CARTESIAN_POINT('',(180.2375,-97.674,1.595));
#33 = DIRECTION('',(-0.,0.,1.));
#34 = DIRECTION('',(1.110223024625E-16,-1.,0.));
#35 = AXIS2_PLACEMENT_3D('',#36,#37,#38);
#36 = CARTESIAN_POINT('',(168.3,-96.92,1.595));
#37 = DIRECTION('',(-0.,0.,1.));
#38 = DIRECTION('',(1.110223024625E-16,-1.,0.));
#39 = AXIS2_PLACEMENT_3D('',#40,#41,#42);
#40 = CARTESIAN_POINT('',(180.14,-94.35,1.595));
#41 = DIRECTION('',(0.,0.,1.));
#42 = DIRECTION('',(1.,0.,0.));
#43 = AXIS2_PLACEMENT_3D('',#44,#45,#46);
#44 = CARTESIAN_POINT('',(166.5,-97.1325,1.595));
#45 = DIRECTION('',(-0.,0.,1.));
#46 = DIRECTION('',(1.110223024625E-16,-1.,0.));
#47 = AXIS2_PLACEMENT_3D('',#48,#49,#50);
#48 = CARTESIAN_POINT('',(175.36,-92.09,1.595));
#49 = DIRECTION('',(0.,0.,1.));
#50 = DIRECTION('',(1.,0.,0.));
#51 = AXIS2_PLACEMENT_3D('',#52,#53,#54);
#52 = CARTESIAN_POINT('',(172.3,-92.09,1.595));
#53 = DIRECTION('',(0.,0.,1.));
#54 = DIRECTION('',(-1.,1.224646799147E-16,0.));
#55 = AXIS2_PLACEMENT_3D('',#56,#57,#58);
#56 = CARTESIAN_POINT('',(185.73,-92.22,1.595));
#57 = DIRECTION('',(0.,0.,1.));
#58 = DIRECTION('',(1.,0.,0.));
#59 = AXIS2_PLACEMENT_3D('',#60,#61,#62);
#60 = CARTESIAN_POINT('',(175.605,-103.83,1.595));
#61 = DIRECTION('',(0.,0.,1.));
#62 = DIRECTION('',(-1.,1.224646799147E-16,0.));
#63 = AXIS2_PLACEMENT_3D('',#64,#65,#66);
#64 = CARTESIAN_POINT('',(173.81,-95.68,1.595));
#65 = DIRECTION('',(0.,0.,1.));
#66 = DIRECTION('',(-1.,1.224646799147E-16,0.));
#67 = AXIS2_PLACEMENT_3D('',#68,#69,#70);
#68 = CARTESIAN_POINT('',(175.625,-105.36,1.595));
#69 = DIRECTION('',(0.,0.,1.));
#70 = DIRECTION('',(-1.,1.224646799147E-16,0.));
#71 = AXIS2_PLACEMENT_3D('',#72,#73,#74);
#72 = CARTESIAN_POINT('',(185.73,-97.87,1.595));
#73 = DIRECTION('',(-0.,0.,1.));
#74 = DIRECTION('',(1.110223024625E-16,-1.,0.));
#75 = AXIS2_PLACEMENT_3D('',#76,#77,#78);
#76 = CARTESIAN_POINT('',(166.49,-93.2575,1.595));
#77 = DIRECTION('',(0.,-0.,1.));
#78 = DIRECTION('',(1.110223024625E-16,1.,0.));
#79 = AXIS2_PLACEMENT_3D('',#80,#81,#82);
#80 = CARTESIAN_POINT('',(185.051649,-90.15,1.595));
#81 = DIRECTION('',(0.,0.,1.));
#82 = DIRECTION('',(1.,0.,0.));
#83 = AXIS2_PLACEMENT_3D('',#84,#85,#86);
#84 = CARTESIAN_POINT('',(168.32,-93.44,1.595));
#85 = DIRECTION('',(-0.,0.,1.));
#86 = DIRECTION('',(1.110223024625E-16,-1.,0.));
#87 = AXIS2_PLACEMENT_3D('',#88,#89,#90);
#88 = CARTESIAN_POINT('',(179.31,-92.03,1.595));
#89 = DIRECTION('',(-0.,0.,1.));
#90 = DIRECTION('',(1.110223024625E-16,-1.,0.));
#91 = AXIS2_PLACEMENT_3D('',#92,#93,#94);
#92 = CARTESIAN_POINT('',(172.31,-90.4,1.595));
#93 = DIRECTION('',(0.,0.,1.));
#94 = DIRECTION('',(-1.,1.224646799147E-16,0.));
#95 = AXIS2_PLACEMENT_3D('',#96,#97,#98);
#96 = CARTESIAN_POINT('',(180.42,-105.93,1.595));
#97 = DIRECTION('',(0.,-0.,1.));
#98 = DIRECTION('',(1.110223024625E-16,1.,0.));
#99 = AXIS2_PLACEMENT_3D('',#100,#101,#102);
#100 = CARTESIAN_POINT('',(0.,0.,0.));
#101 = DIRECTION('',(0.,0.,1.));
#102 = DIRECTION('',(1.,0.,-0.));
#103 = ( GEOMETRIC_REPRESENTATION_CONTEXT(3) 
GLOBAL_UNCERTAINTY_ASSIGNED_CONTEXT((#107)) GLOBAL_UNIT_ASSIGNED_CONTEXT
((#104,#105,#106)) REPRESENTATION_CONTEXT('Context #1',
  '3D Context with UNIT and UNCERTAINTY') );
#104 = ( LENGTH_UNIT() NAMED_UNIT(*) SI_UNIT(.MILLI.,.METRE.) );
#105 = ( NAMED_UNIT(*) PLANE_ANGLE_UNIT() SI_UNIT($,.RADIAN.) );
#106 = ( NAMED_UNIT(*) SI_UNIT($,.STERADIAN.) SOLID_ANGLE_UNIT() );
#107 = UNCERTAINTY_MEASURE_WITH_UNIT(LENGTH_MEASURE(5.E-07),#104,
  'distance_accuracy_value','confusion accuracy');
#108 = PRODUCT_RELATED_PRODUCT_CATEGORY('part',$,(#7));
#109 = SHAPE_DEFINITION_REPRESENTATION(#110,#116);
#110 = PRODUCT_DEFINITION_SHAPE('','',#111);
#111 = PRODUCT_DEFINITION('design','',#112,#115);
#112 = PRODUCT_DEFINITION_FORMATION('','',#113);
#113 = PRODUCT('R_0603_1608Metric','R_0603_1608Metric','',(#114));
#114 = PRODUCT_CONTEXT('',#2,'mechanical');
#115 = PRODUCT_DEFINITION_CONTEXT('part definition',#2,'design');
#116 = ADVANCED_BREP_SHAPE_REPRESENTATION('',(#11,#117),#907);
#117 = MANIFOLD_SOLID_BREP('',#118);
#118 = CLOSED_SHELL('',(#119,#159,#242,#267,#292,#359,#376,#393,#442,
    #459,#476,#525,#542,#611,#642,#666,#735,#759,#776,#793,#810,#827,
    #844,#861,#878,#895));
#119 = ADVANCED_FACE('',(#120),#154,.F.);
#120 = FACE_BOUND('',#121,.F.);
#121 = EDGE_LOOP('',(#122,#132,#140,#148));
#122 = ORIENTED_EDGE('',*,*,#123,.F.);
#123 = EDGE_CURVE('',#124,#126,#128,.T.);
#124 = VERTEX_POINT('',#125);
#125 = CARTESIAN_POINT('',(-0.8,-0.4,4.5E-02));
#126 = VERTEX_POINT('',#127);
#127 = CARTESIAN_POINT('',(-0.8,-0.4,0.405));
#128 = LINE('',#129,#130);
#129 = CARTESIAN_POINT('',(-0.8,-0.4,0.));
#130 = VECTOR('',#131,1.);
#131 = DIRECTION('',(0.,0.,1.));
#132 = ORIENTED_EDGE('',*,*,#133,.T.);
#133 = EDGE_CURVE('',#124,#134,#136,.T.);
#134 = VERTEX_POINT('',#135);
#135 = CARTESIAN_POINT('',(-0.8,0.4,4.5E-02));
#136 = LINE('',#137,#138);
#137 = CARTESIAN_POINT('',(-0.8,-0.4,4.5E-02));
#138 = VECTOR('',#139,1.);
#139 = DIRECTION('',(0.,1.,0.));
#140 = ORIENTED_EDGE('',*,*,#141,.T.);
#141 = EDGE_CURVE('',#134,#142,#144,.T.);
#142 = VERTEX_POINT('',#143);
#143 = CARTESIAN_POINT('',(-0.8,0.4,0.405));
#144 = LINE('',#145,#146);
#145 = CARTESIAN_POINT('',(-0.8,0.4,0.));
#146 = VECTOR('',#147,1.);
#147 = DIRECTION('',(0.,0.,1.));
#148 = ORIENTED_EDGE('',*,*,#149,.F.);
#149 = EDGE_CURVE('',#126,#142,#150,.T.);
#150 = LINE('',#151,#152);
#151 = CARTESIAN_POINT('',(-0.8,-0.4,0.405));
#152 = VECTOR('',#153,1.);
#153 = DIRECTION('',(0.,1.,0.));
#154 = PLANE('',#155);
#155 = AXIS2_PLACEMENT_3D('',#156,#157,#158);
#156 = CARTESIAN_POINT('',(-0.8,-0.4,0.));
#157 = DIRECTION('',(1.,0.,0.));
#158 = DIRECTION('',(0.,0.,1.));
#159 = ADVANCED_FACE('',(#160),#237,.F.);
#160 = FACE_BOUND('',#161,.F.);
#161 = EDGE_LOOP('',(#162,#172,#179,#180,#189,#197,#206,#214,#222,#230)
  );
#162 = ORIENTED_EDGE('',*,*,#163,.F.);
#163 = EDGE_CURVE('',#164,#166,#168,.T.);
#164 = VERTEX_POINT('',#165);
#165 = CARTESIAN_POINT('',(-0.755,-0.4,-2.775557561563E-17));
#166 = VERTEX_POINT('',#167);
#167 = CARTESIAN_POINT('',(-0.545,-0.4,-2.775557561563E-17));
#168 = LINE('',#169,#170);
#169 = CARTESIAN_POINT('',(-0.8,-0.4,0.));
#170 = VECTOR('',#171,1.);
#171 = DIRECTION('',(1.,0.,0.));
#172 = ORIENTED_EDGE('',*,*,#173,.F.);
#173 = EDGE_CURVE('',#124,#164,#174,.T.);
#174 = CIRCLE('',#175,4.5E-02);
#175 = AXIS2_PLACEMENT_3D('',#176,#177,#178);
#176 = CARTESIAN_POINT('',(-0.755,-0.4,4.5E-02));
#177 = DIRECTION('',(0.,-1.,0.));
#178 = DIRECTION('',(0.,0.,1.));
#179 = ORIENTED_EDGE('',*,*,#123,.T.);
#180 = ORIENTED_EDGE('',*,*,#181,.T.);
#181 = EDGE_CURVE('',#126,#182,#184,.T.);
#182 = VERTEX_POINT('',#183);
#183 = CARTESIAN_POINT('',(-0.755,-0.4,0.45));
#184 = CIRCLE('',#185,4.5E-02);
#185 = AXIS2_PLACEMENT_3D('',#186,#187,#188);
#186 = CARTESIAN_POINT('',(-0.755,-0.4,0.405));
#187 = DIRECTION('',(0.,1.,0.));
#188 = DIRECTION('',(0.,-0.,1.));
#189 = ORIENTED_EDGE('',*,*,#190,.T.);
#190 = EDGE_CURVE('',#182,#191,#193,.T.);
#191 = VERTEX_POINT('',#192);
#192 = CARTESIAN_POINT('',(-0.545,-0.4,0.45));
#193 = LINE('',#194,#195);
#194 = CARTESIAN_POINT('',(-0.8,-0.4,0.45));
#195 = VECTOR('',#196,1.);
#196 = DIRECTION('',(1.,0.,0.));
#197 = ORIENTED_EDGE('',*,*,#198,.F.);
#198 = EDGE_CURVE('',#199,#191,#201,.T.);
#199 = VERTEX_POINT('',#200);
#200 = CARTESIAN_POINT('',(-0.5,-0.4,0.405));
#201 = CIRCLE('',#202,4.5E-02);
#202 = AXIS2_PLACEMENT_3D('',#203,#204,#205);
#203 = CARTESIAN_POINT('',(-0.545,-0.4,0.405));
#204 = DIRECTION('',(0.,-1.,0.));
#205 = DIRECTION('',(0.,0.,1.));
#206 = ORIENTED_EDGE('',*,*,#207,.F.);
#207 = EDGE_CURVE('',#208,#199,#210,.T.);
#208 = VERTEX_POINT('',#209);
#209 = CARTESIAN_POINT('',(-0.755,-0.4,0.405));
#210 = LINE('',#211,#212);
#211 = CARTESIAN_POINT('',(-0.755,-0.4,0.405));
#212 = VECTOR('',#213,1.);
#213 = DIRECTION('',(1.,0.,0.));
#214 = ORIENTED_EDGE('',*,*,#215,.F.);
#215 = EDGE_CURVE('',#216,#208,#218,.T.);
#216 = VERTEX_POINT('',#217);
#217 = CARTESIAN_POINT('',(-0.755,-0.4,4.5E-02));
#218 = LINE('',#219,#220);
#219 = CARTESIAN_POINT('',(-0.755,-0.4,4.5E-02));
#220 = VECTOR('',#221,1.);
#221 = DIRECTION('',(0.,0.,1.));
#222 = ORIENTED_EDGE('',*,*,#223,.T.);
#223 = EDGE_CURVE('',#216,#224,#226,.T.);
#224 = VERTEX_POINT('',#225);
#225 = CARTESIAN_POINT('',(-0.5,-0.4,4.5E-02));
#226 = LINE('',#227,#228);
#227 = CARTESIAN_POINT('',(-0.755,-0.4,4.5E-02));
#228 = VECTOR('',#229,1.);
#229 = DIRECTION('',(1.,0.,0.));
#230 = ORIENTED_EDGE('',*,*,#231,.T.);
#231 = EDGE_CURVE('',#224,#166,#232,.T.);
#232 = CIRCLE('',#233,4.5E-02);
#233 = AXIS2_PLACEMENT_3D('',#234,#235,#236);
#234 = CARTESIAN_POINT('',(-0.545,-0.4,4.5E-02));
#235 = DIRECTION('',(0.,1.,0.));
#236 = DIRECTION('',(0.,-0.,1.));
#237 = PLANE('',#238);
#238 = AXIS2_PLACEMENT_3D('',#239,#240,#241);
#239 = CARTESIAN_POINT('',(-0.8,-0.4,0.));
#240 = DIRECTION('',(0.,1.,0.));
#241 = DIRECTION('',(0.,-0.,1.));
#242 = ADVANCED_FACE('',(#243),#262,.T.);
#243 = FACE_BOUND('',#244,.T.);
#244 = EDGE_LOOP('',(#245,#246,#255,#261));
#245 = ORIENTED_EDGE('',*,*,#133,.T.);
#246 = ORIENTED_EDGE('',*,*,#247,.T.);
#247 = EDGE_CURVE('',#134,#248,#250,.T.);
#248 = VERTEX_POINT('',#249);
#249 = CARTESIAN_POINT('',(-0.755,0.4,-2.775557561563E-17));
#250 = CIRCLE('',#251,4.5E-02);
#251 = AXIS2_PLACEMENT_3D('',#252,#253,#254);
#252 = CARTESIAN_POINT('',(-0.755,0.4,4.5E-02));
#253 = DIRECTION('',(0.,-1.,0.));
#254 = DIRECTION('',(0.,0.,1.));
#255 = ORIENTED_EDGE('',*,*,#256,.F.);
#256 = EDGE_CURVE('',#164,#248,#257,.T.);
#257 = LINE('',#258,#259);
#258 = CARTESIAN_POINT('',(-0.755,-0.4,-2.775557561563E-17));
#259 = VECTOR('',#260,1.);
#260 = DIRECTION('',(0.,1.,0.));
#261 = ORIENTED_EDGE('',*,*,#173,.F.);
#262 = CYLINDRICAL_SURFACE('',#263,4.5E-02);
#263 = AXIS2_PLACEMENT_3D('',#264,#265,#266);
#264 = CARTESIAN_POINT('',(-0.755,-0.4,4.5E-02));
#265 = DIRECTION('',(0.,1.,0.));
#266 = DIRECTION('',(-1.,0.,0.));
#267 = ADVANCED_FACE('',(#268),#287,.T.);
#268 = FACE_BOUND('',#269,.T.);
#269 = EDGE_LOOP('',(#270,#271,#279,#286));
#270 = ORIENTED_EDGE('',*,*,#181,.T.);
#271 = ORIENTED_EDGE('',*,*,#272,.T.);
#272 = EDGE_CURVE('',#182,#273,#275,.T.);
#273 = VERTEX_POINT('',#274);
#274 = CARTESIAN_POINT('',(-0.755,0.4,0.45));
#275 = LINE('',#276,#277);
#276 = CARTESIAN_POINT('',(-0.755,-0.4,0.45));
#277 = VECTOR('',#278,1.);
#278 = DIRECTION('',(0.,1.,0.));
#279 = ORIENTED_EDGE('',*,*,#280,.F.);
#280 = EDGE_CURVE('',#142,#273,#281,.T.);
#281 = CIRCLE('',#282,4.5E-02);
#282 = AXIS2_PLACEMENT_3D('',#283,#284,#285);
#283 = CARTESIAN_POINT('',(-0.755,0.4,0.405));
#284 = DIRECTION('',(0.,1.,0.));
#285 = DIRECTION('',(0.,-0.,1.));
#286 = ORIENTED_EDGE('',*,*,#149,.F.);
#287 = CYLINDRICAL_SURFACE('',#288,4.5E-02);
#288 = AXIS2_PLACEMENT_3D('',#289,#290,#291);
#289 = CARTESIAN_POINT('',(-0.755,-0.4,0.405));
#290 = DIRECTION('',(0.,1.,0.));
#291 = DIRECTION('',(-1.,0.,0.));
#292 = ADVANCED_FACE('',(#293),#354,.T.);
#293 = FACE_BOUND('',#294,.T.);
#294 = EDGE_LOOP('',(#295,#303,#304,#305,#306,#314,#323,#331,#339,#347)
  );
#295 = ORIENTED_EDGE('',*,*,#296,.F.);
#296 = EDGE_CURVE('',#248,#297,#299,.T.);
#297 = VERTEX_POINT('',#298);
#298 = CARTESIAN_POINT('',(-0.545,0.4,-2.775557561563E-17));
#299 = LINE('',#300,#301);
#300 = CARTESIAN_POINT('',(-0.8,0.4,0.));
#301 = VECTOR('',#302,1.);
#302 = DIRECTION('',(1.,0.,0.));
#303 = ORIENTED_EDGE('',*,*,#247,.F.);
#304 = ORIENTED_EDGE('',*,*,#141,.T.);
#305 = ORIENTED_EDGE('',*,*,#280,.T.);
#306 = ORIENTED_EDGE('',*,*,#307,.T.);
#307 = EDGE_CURVE('',#273,#308,#310,.T.);
#308 = VERTEX_POINT('',#309);
#309 = CARTESIAN_POINT('',(-0.545,0.4,0.45));
#310 = LINE('',#311,#312);
#311 = CARTESIAN_POINT('',(-0.8,0.4,0.45));
#312 = VECTOR('',#313,1.);
#313 = DIRECTION('',(1.,0.,0.));
#314 = ORIENTED_EDGE('',*,*,#315,.F.);
#315 = EDGE_CURVE('',#316,#308,#318,.T.);
#316 = VERTEX_POINT('',#317);
#317 = CARTESIAN_POINT('',(-0.5,0.4,0.405));
#318 = CIRCLE('',#319,4.5E-02);
#319 = AXIS2_PLACEMENT_3D('',#320,#321,#322);
#320 = CARTESIAN_POINT('',(-0.545,0.4,0.405));
#321 = DIRECTION('',(0.,-1.,0.));
#322 = DIRECTION('',(0.,0.,1.));
#323 = ORIENTED_EDGE('',*,*,#324,.F.);
#324 = EDGE_CURVE('',#325,#316,#327,.T.);
#325 = VERTEX_POINT('',#326);
#326 = CARTESIAN_POINT('',(-0.755,0.4,0.405));
#327 = LINE('',#328,#329);
#328 = CARTESIAN_POINT('',(-0.755,0.4,0.405));
#329 = VECTOR('',#330,1.);
#330 = DIRECTION('',(1.,0.,0.));
#331 = ORIENTED_EDGE('',*,*,#332,.F.);
#332 = EDGE_CURVE('',#333,#325,#335,.T.);
#333 = VERTEX_POINT('',#334);
#334 = CARTESIAN_POINT('',(-0.755,0.4,4.5E-02));
#335 = LINE('',#336,#337);
#336 = CARTESIAN_POINT('',(-0.755,0.4,4.5E-02));
#337 = VECTOR('',#338,1.);
#338 = DIRECTION('',(0.,0.,1.));
#339 = ORIENTED_EDGE('',*,*,#340,.T.);
#340 = EDGE_CURVE('',#333,#341,#343,.T.);
#341 = VERTEX_POINT('',#342);
#342 = CARTESIAN_POINT('',(-0.5,0.4,4.5E-02));
#343 = LINE('',#344,#345);
#344 = CARTESIAN_POINT('',(-0.755,0.4,4.5E-02));
#345 = VECTOR('',#346,1.);
#346 = DIRECTION('',(1.,0.,0.));
#347 = ORIENTED_EDGE('',*,*,#348,.T.);
#348 = EDGE_CURVE('',#341,#297,#349,.T.);
#349 = CIRCLE('',#350,4.5E-02);
#350 = AXIS2_PLACEMENT_3D('',#351,#352,#353);
#351 = CARTESIAN_POINT('',(-0.545,0.4,4.5E-02));
#352 = DIRECTION('',(0.,1.,0.));
#353 = DIRECTION('',(0.,-0.,1.));
#354 = PLANE('',#355);
#355 = AXIS2_PLACEMENT_3D('',#356,#357,#358);
#356 = CARTESIAN_POINT('',(-0.8,0.4,0.));
#357 = DIRECTION('',(0.,1.,0.));
#358 = DIRECTION('',(0.,-0.,1.));
#359 = ADVANCED_FACE('',(#360),#371,.F.);
#360 = FACE_BOUND('',#361,.F.);
#361 = EDGE_LOOP('',(#362,#363,#364,#365));
#362 = ORIENTED_EDGE('',*,*,#296,.F.);
#363 = ORIENTED_EDGE('',*,*,#256,.F.);
#364 = ORIENTED_EDGE('',*,*,#163,.T.);
#365 = ORIENTED_EDGE('',*,*,#366,.T.);
#366 = EDGE_CURVE('',#166,#297,#367,.T.);
#367 = LINE('',#368,#369);
#368 = CARTESIAN_POINT('',(-0.545,-0.4,-2.775557561563E-17));
#369 = VECTOR('',#370,1.);
#370 = DIRECTION('',(0.,1.,0.));
#371 = PLANE('',#372);
#372 = AXIS2_PLACEMENT_3D('',#373,#374,#375);
#373 = CARTESIAN_POINT('',(-0.8,-0.4,0.));
#374 = DIRECTION('',(0.,0.,1.));
#375 = DIRECTION('',(1.,0.,-0.));
#376 = ADVANCED_FACE('',(#377),#388,.T.);
#377 = FACE_BOUND('',#378,.T.);
#378 = EDGE_LOOP('',(#379,#380,#381,#382));
#379 = ORIENTED_EDGE('',*,*,#231,.T.);
#380 = ORIENTED_EDGE('',*,*,#366,.T.);
#381 = ORIENTED_EDGE('',*,*,#348,.F.);
#382 = ORIENTED_EDGE('',*,*,#383,.F.);
#383 = EDGE_CURVE('',#224,#341,#384,.T.);
#384 = LINE('',#385,#386);
#385 = CARTESIAN_POINT('',(-0.5,-0.4,4.5E-02));
#386 = VECTOR('',#387,1.);
#387 = DIRECTION('',(0.,1.,0.));
#388 = CYLINDRICAL_SURFACE('',#389,4.5E-02);
#389 = AXIS2_PLACEMENT_3D('',#390,#391,#392);
#390 = CARTESIAN_POINT('',(-0.545,-0.4,4.5E-02));
#391 = DIRECTION('',(0.,1.,0.));
#392 = DIRECTION('',(1.,0.,0.));
#393 = ADVANCED_FACE('',(#394),#437,.F.);
#394 = FACE_BOUND('',#395,.F.);
#395 = EDGE_LOOP('',(#396,#397,#398,#399,#407,#415,#423,#431));
#396 = ORIENTED_EDGE('',*,*,#223,.F.);
#397 = ORIENTED_EDGE('',*,*,#215,.T.);
#398 = ORIENTED_EDGE('',*,*,#207,.T.);
#399 = ORIENTED_EDGE('',*,*,#400,.T.);
#400 = EDGE_CURVE('',#199,#401,#403,.T.);
#401 = VERTEX_POINT('',#402);
#402 = CARTESIAN_POINT('',(0.5,-0.4,0.405));
#403 = LINE('',#404,#405);
#404 = CARTESIAN_POINT('',(-0.5,-0.4,0.405));
#405 = VECTOR('',#406,1.);
#406 = DIRECTION('',(1.,0.,0.));
#407 = ORIENTED_EDGE('',*,*,#408,.T.);
#408 = EDGE_CURVE('',#401,#409,#411,.T.);
#409 = VERTEX_POINT('',#410);
#410 = CARTESIAN_POINT('',(0.755,-0.4,0.405));
#411 = LINE('',#412,#413);
#412 = CARTESIAN_POINT('',(-0.755,-0.4,0.405));
#413 = VECTOR('',#414,1.);
#414 = DIRECTION('',(1.,0.,0.));
#415 = ORIENTED_EDGE('',*,*,#416,.F.);
#416 = EDGE_CURVE('',#417,#409,#419,.T.);
#417 = VERTEX_POINT('',#418);
#418 = CARTESIAN_POINT('',(0.755,-0.4,4.5E-02));
#419 = LINE('',#420,#421);
#420 = CARTESIAN_POINT('',(0.755,-0.4,4.5E-02));
#421 = VECTOR('',#422,1.);
#422 = DIRECTION('',(0.,0.,1.));
#423 = ORIENTED_EDGE('',*,*,#424,.F.);
#424 = EDGE_CURVE('',#425,#417,#427,.T.);
#425 = VERTEX_POINT('',#426);
#426 = CARTESIAN_POINT('',(0.5,-0.4,4.5E-02));
#427 = LINE('',#428,#429);
#428 = CARTESIAN_POINT('',(-0.755,-0.4,4.5E-02));
#429 = VECTOR('',#430,1.);
#430 = DIRECTION('',(1.,0.,0.));
#431 = ORIENTED_EDGE('',*,*,#432,.F.);
#432 = EDGE_CURVE('',#224,#425,#433,.T.);
#433 = LINE('',#434,#435);
#434 = CARTESIAN_POINT('',(-0.755,-0.4,4.5E-02));
#435 = VECTOR('',#436,1.);
#436 = DIRECTION('',(1.,0.,0.));
#437 = PLANE('',#438);
#438 = AXIS2_PLACEMENT_3D('',#439,#440,#441);
#439 = CARTESIAN_POINT('',(-0.755,-0.4,4.5E-02));
#440 = DIRECTION('',(0.,1.,0.));
#441 = DIRECTION('',(0.,-0.,1.));
#442 = ADVANCED_FACE('',(#443),#454,.T.);
#443 = FACE_BOUND('',#444,.T.);
#444 = EDGE_LOOP('',(#445,#446,#447,#448));
#445 = ORIENTED_EDGE('',*,*,#307,.F.);
#446 = ORIENTED_EDGE('',*,*,#272,.F.);
#447 = ORIENTED_EDGE('',*,*,#190,.T.);
#448 = ORIENTED_EDGE('',*,*,#449,.T.);
#449 = EDGE_CURVE('',#191,#308,#450,.T.);
#450 = LINE('',#451,#452);
#451 = CARTESIAN_POINT('',(-0.545,-0.4,0.45));
#452 = VECTOR('',#453,1.);
#453 = DIRECTION('',(0.,1.,0.));
#454 = PLANE('',#455);
#455 = AXIS2_PLACEMENT_3D('',#456,#457,#458);
#456 = CARTESIAN_POINT('',(-0.8,-0.4,0.45));
#457 = DIRECTION('',(0.,0.,1.));
#458 = DIRECTION('',(1.,0.,-0.));
#459 = ADVANCED_FACE('',(#460),#471,.T.);
#460 = FACE_BOUND('',#461,.T.);
#461 = EDGE_LOOP('',(#462,#468,#469,#470));
#462 = ORIENTED_EDGE('',*,*,#463,.T.);
#463 = EDGE_CURVE('',#199,#316,#464,.T.);
#464 = LINE('',#465,#466);
#465 = CARTESIAN_POINT('',(-0.5,-0.4,0.405));
#466 = VECTOR('',#467,1.);
#467 = DIRECTION('',(0.,1.,0.));
#468 = ORIENTED_EDGE('',*,*,#315,.T.);
#469 = ORIENTED_EDGE('',*,*,#449,.F.);
#470 = ORIENTED_EDGE('',*,*,#198,.F.);
#471 = CYLINDRICAL_SURFACE('',#472,4.5E-02);
#472 = AXIS2_PLACEMENT_3D('',#473,#474,#475);
#473 = CARTESIAN_POINT('',(-0.545,-0.4,0.405));
#474 = DIRECTION('',(0.,1.,0.));
#475 = DIRECTION('',(1.,0.,0.));
#476 = ADVANCED_FACE('',(#477),#520,.T.);
#477 = FACE_BOUND('',#478,.T.);
#478 = EDGE_LOOP('',(#479,#480,#481,#482,#490,#498,#506,#514));
#479 = ORIENTED_EDGE('',*,*,#340,.F.);
#480 = ORIENTED_EDGE('',*,*,#332,.T.);
#481 = ORIENTED_EDGE('',*,*,#324,.T.);
#482 = ORIENTED_EDGE('',*,*,#483,.T.);
#483 = EDGE_CURVE('',#316,#484,#486,.T.);
#484 = VERTEX_POINT('',#485);
#485 = CARTESIAN_POINT('',(0.5,0.4,0.405));
#486 = LINE('',#487,#488);
#487 = CARTESIAN_POINT('',(-0.5,0.4,0.405));
#488 = VECTOR('',#489,1.);
#489 = DIRECTION('',(1.,0.,0.));
#490 = ORIENTED_EDGE('',*,*,#491,.T.);
#491 = EDGE_CURVE('',#484,#492,#494,.T.);
#492 = VERTEX_POINT('',#493);
#493 = CARTESIAN_POINT('',(0.755,0.4,0.405));
#494 = LINE('',#495,#496);
#495 = CARTESIAN_POINT('',(-0.755,0.4,0.405));
#496 = VECTOR('',#497,1.);
#497 = DIRECTION('',(1.,0.,0.));
#498 = ORIENTED_EDGE('',*,*,#499,.F.);
#499 = EDGE_CURVE('',#500,#492,#502,.T.);
#500 = VERTEX_POINT('',#501);
#501 = CARTESIAN_POINT('',(0.755,0.4,4.5E-02));
#502 = LINE('',#503,#504);
#503 = CARTESIAN_POINT('',(0.755,0.4,4.5E-02));
#504 = VECTOR('',#505,1.);
#505 = DIRECTION('',(0.,0.,1.));
#506 = ORIENTED_EDGE('',*,*,#507,.F.);
#507 = EDGE_CURVE('',#508,#500,#510,.T.);
#508 = VERTEX_POINT('',#509);
#509 = CARTESIAN_POINT('',(0.5,0.4,4.5E-02));
#510 = LINE('',#511,#512);
#511 = CARTESIAN_POINT('',(-0.755,0.4,4.5E-02));
#512 = VECTOR('',#513,1.);
#513 = DIRECTION('',(1.,0.,0.));
#514 = ORIENTED_EDGE('',*,*,#515,.F.);
#515 = EDGE_CURVE('',#341,#508,#516,.T.);
#516 = LINE('',#517,#518);
#517 = CARTESIAN_POINT('',(-0.755,0.4,4.5E-02));
#518 = VECTOR('',#519,1.);
#519 = DIRECTION('',(1.,0.,0.));
#520 = PLANE('',#521);
#521 = AXIS2_PLACEMENT_3D('',#522,#523,#524);
#522 = CARTESIAN_POINT('',(-0.755,0.4,4.5E-02));
#523 = DIRECTION('',(0.,1.,0.));
#524 = DIRECTION('',(0.,-0.,1.));
#525 = ADVANCED_FACE('',(#526),#537,.F.);
#526 = FACE_BOUND('',#527,.F.);
#527 = EDGE_LOOP('',(#528,#529,#530,#536));
#528 = ORIENTED_EDGE('',*,*,#383,.F.);
#529 = ORIENTED_EDGE('',*,*,#432,.T.);
#530 = ORIENTED_EDGE('',*,*,#531,.T.);
#531 = EDGE_CURVE('',#425,#508,#532,.T.);
#532 = LINE('',#533,#534);
#533 = CARTESIAN_POINT('',(0.5,-0.4,4.5E-02));
#534 = VECTOR('',#535,1.);
#535 = DIRECTION('',(0.,1.,0.));
#536 = ORIENTED_EDGE('',*,*,#515,.F.);
#537 = PLANE('',#538);
#538 = AXIS2_PLACEMENT_3D('',#539,#540,#541);
#539 = CARTESIAN_POINT('',(-0.755,-0.4,4.5E-02));
#540 = DIRECTION('',(0.,0.,1.));
#541 = DIRECTION('',(1.,0.,-0.));
#542 = ADVANCED_FACE('',(#543),#606,.F.);
#543 = FACE_BOUND('',#544,.F.);
#544 = EDGE_LOOP('',(#545,#555,#562,#563,#564,#565,#574,#582,#591,#599)
  );
#545 = ORIENTED_EDGE('',*,*,#546,.F.);
#546 = EDGE_CURVE('',#547,#549,#551,.T.);
#547 = VERTEX_POINT('',#548);
#548 = CARTESIAN_POINT('',(0.545,-0.4,-2.775557561563E-17));
#549 = VERTEX_POINT('',#550);
#550 = CARTESIAN_POINT('',(0.755,-0.4,-2.775557561563E-17));
#551 = LINE('',#552,#553);
#552 = CARTESIAN_POINT('',(0.5,-0.4,0.));
#553 = VECTOR('',#554,1.);
#554 = DIRECTION('',(1.,0.,0.));
#555 = ORIENTED_EDGE('',*,*,#556,.F.);
#556 = EDGE_CURVE('',#425,#547,#557,.T.);
#557 = CIRCLE('',#558,4.5E-02);
#558 = AXIS2_PLACEMENT_3D('',#559,#560,#561);
#559 = CARTESIAN_POINT('',(0.545,-0.4,4.5E-02));
#560 = DIRECTION('',(0.,-1.,0.));
#561 = DIRECTION('',(0.,0.,1.));
#562 = ORIENTED_EDGE('',*,*,#424,.T.);
#563 = ORIENTED_EDGE('',*,*,#416,.T.);
#564 = ORIENTED_EDGE('',*,*,#408,.F.);
#565 = ORIENTED_EDGE('',*,*,#566,.T.);
#566 = EDGE_CURVE('',#401,#567,#569,.T.);
#567 = VERTEX_POINT('',#568);
#568 = CARTESIAN_POINT('',(0.545,-0.4,0.45));
#569 = CIRCLE('',#570,4.5E-02);
#570 = AXIS2_PLACEMENT_3D('',#571,#572,#573);
#571 = CARTESIAN_POINT('',(0.545,-0.4,0.405));
#572 = DIRECTION('',(0.,1.,0.));
#573 = DIRECTION('',(0.,-0.,1.));
#574 = ORIENTED_EDGE('',*,*,#575,.T.);
#575 = EDGE_CURVE('',#567,#576,#578,.T.);
#576 = VERTEX_POINT('',#577);
#577 = CARTESIAN_POINT('',(0.755,-0.4,0.45));
#578 = LINE('',#579,#580);
#579 = CARTESIAN_POINT('',(0.5,-0.4,0.45));
#580 = VECTOR('',#581,1.);
#581 = DIRECTION('',(1.,0.,0.));
#582 = ORIENTED_EDGE('',*,*,#583,.F.);
#583 = EDGE_CURVE('',#584,#576,#586,.T.);
#584 = VERTEX_POINT('',#585);
#585 = CARTESIAN_POINT('',(0.8,-0.4,0.405));
#586 = CIRCLE('',#587,4.5E-02);
#587 = AXIS2_PLACEMENT_3D('',#588,#589,#590);
#588 = CARTESIAN_POINT('',(0.755,-0.4,0.405));
#589 = DIRECTION('',(0.,-1.,0.));
#590 = DIRECTION('',(0.,0.,1.));
#591 = ORIENTED_EDGE('',*,*,#592,.F.);
#592 = EDGE_CURVE('',#593,#584,#595,.T.);
#593 = VERTEX_POINT('',#594);
#594 = CARTESIAN_POINT('',(0.8,-0.4,4.5E-02));
#595 = LINE('',#596,#597);
#596 = CARTESIAN_POINT('',(0.8,-0.4,0.));
#597 = VECTOR('',#598,1.);
#598 = DIRECTION('',(0.,0.,1.));
#599 = ORIENTED_EDGE('',*,*,#600,.T.);
#600 = EDGE_CURVE('',#593,#549,#601,.T.);
#601 = CIRCLE('',#602,4.5E-02);
#602 = AXIS2_PLACEMENT_3D('',#603,#604,#605);
#603 = CARTESIAN_POINT('',(0.755,-0.4,4.5E-02));
#604 = DIRECTION('',(0.,1.,0.));
#605 = DIRECTION('',(0.,-0.,1.));
#606 = PLANE('',#607);
#607 = AXIS2_PLACEMENT_3D('',#608,#609,#610);
#608 = CARTESIAN_POINT('',(0.5,-0.4,0.));
#609 = DIRECTION('',(0.,1.,0.));
#610 = DIRECTION('',(0.,-0.,1.));
#611 = ADVANCED_FACE('',(#612),#637,.F.);
#612 = FACE_BOUND('',#613,.F.);
#613 = EDGE_LOOP('',(#614,#615,#623,#631));
#614 = ORIENTED_EDGE('',*,*,#400,.F.);
#615 = ORIENTED_EDGE('',*,*,#616,.T.);
#616 = EDGE_CURVE('',#199,#617,#619,.T.);
#617 = VERTEX_POINT('',#618);
#618 = CARTESIAN_POINT('',(-0.5,-0.4,0.45));
#619 = LINE('',#620,#621);
#620 = CARTESIAN_POINT('',(-0.5,-0.4,0.405));
#621 = VECTOR('',#622,1.);
#622 = DIRECTION('',(0.,0.,1.));
#623 = ORIENTED_EDGE('',*,*,#624,.T.);
#624 = EDGE_CURVE('',#617,#625,#627,.T.);
#625 = VERTEX_POINT('',#626);
#626 = CARTESIAN_POINT('',(0.5,-0.4,0.45));
#627 = LINE('',#628,#629);
#628 = CARTESIAN_POINT('',(-0.5,-0.4,0.45));
#629 = VECTOR('',#630,1.);
#630 = DIRECTION('',(1.,0.,0.));
#631 = ORIENTED_EDGE('',*,*,#632,.F.);
#632 = EDGE_CURVE('',#401,#625,#633,.T.);
#633 = LINE('',#634,#635);
#634 = CARTESIAN_POINT('',(0.5,-0.4,0.405));
#635 = VECTOR('',#636,1.);
#636 = DIRECTION('',(0.,0.,1.));
#637 = PLANE('',#638);
#638 = AXIS2_PLACEMENT_3D('',#639,#640,#641);
#639 = CARTESIAN_POINT('',(-0.5,-0.4,0.405));
#640 = DIRECTION('',(0.,1.,0.));
#641 = DIRECTION('',(0.,-0.,1.));
#642 = ADVANCED_FACE('',(#643),#661,.F.);
#643 = FACE_BOUND('',#644,.F.);
#644 = EDGE_LOOP('',(#645,#646,#647,#655));
#645 = ORIENTED_EDGE('',*,*,#616,.F.);
#646 = ORIENTED_EDGE('',*,*,#463,.T.);
#647 = ORIENTED_EDGE('',*,*,#648,.T.);
#648 = EDGE_CURVE('',#316,#649,#651,.T.);
#649 = VERTEX_POINT('',#650);
#650 = CARTESIAN_POINT('',(-0.5,0.4,0.45));
#651 = LINE('',#652,#653);
#652 = CARTESIAN_POINT('',(-0.5,0.4,0.405));
#653 = VECTOR('',#654,1.);
#654 = DIRECTION('',(0.,0.,1.));
#655 = ORIENTED_EDGE('',*,*,#656,.F.);
#656 = EDGE_CURVE('',#617,#649,#657,.T.);
#657 = LINE('',#658,#659);
#658 = CARTESIAN_POINT('',(-0.5,-0.4,0.45));
#659 = VECTOR('',#660,1.);
#660 = DIRECTION('',(0.,1.,0.));
#661 = PLANE('',#662);
#662 = AXIS2_PLACEMENT_3D('',#663,#664,#665);
#663 = CARTESIAN_POINT('',(-0.5,-0.4,0.405));
#664 = DIRECTION('',(1.,0.,0.));
#665 = DIRECTION('',(0.,0.,1.));
#666 = ADVANCED_FACE('',(#667),#730,.T.);
#667 = FACE_BOUND('',#668,.T.);
#668 = EDGE_LOOP('',(#669,#679,#686,#687,#688,#689,#698,#706,#715,#723)
  );
#669 = ORIENTED_EDGE('',*,*,#670,.F.);
#670 = EDGE_CURVE('',#671,#673,#675,.T.);
#671 = VERTEX_POINT('',#672);
#672 = CARTESIAN_POINT('',(0.545,0.4,-2.775557561563E-17));
#673 = VERTEX_POINT('',#674);
#674 = CARTESIAN_POINT('',(0.755,0.4,-2.775557561563E-17));
#675 = LINE('',#676,#677);
#676 = CARTESIAN_POINT('',(0.5,0.4,0.));
#677 = VECTOR('',#678,1.);
#678 = DIRECTION('',(1.,0.,0.));
#679 = ORIENTED_EDGE('',*,*,#680,.F.);
#680 = EDGE_CURVE('',#508,#671,#681,.T.);
#681 = CIRCLE('',#682,4.5E-02);
#682 = AXIS2_PLACEMENT_3D('',#683,#684,#685);
#683 = CARTESIAN_POINT('',(0.545,0.4,4.5E-02));
#684 = DIRECTION('',(0.,-1.,0.));
#685 = DIRECTION('',(0.,0.,1.));
#686 = ORIENTED_EDGE('',*,*,#507,.T.);
#687 = ORIENTED_EDGE('',*,*,#499,.T.);
#688 = ORIENTED_EDGE('',*,*,#491,.F.);
#689 = ORIENTED_EDGE('',*,*,#690,.T.);
#690 = EDGE_CURVE('',#484,#691,#693,.T.);
#691 = VERTEX_POINT('',#692);
#692 = CARTESIAN_POINT('',(0.545,0.4,0.45));
#693 = CIRCLE('',#694,4.5E-02);
#694 = AXIS2_PLACEMENT_3D('',#695,#696,#697);
#695 = CARTESIAN_POINT('',(0.545,0.4,0.405));
#696 = DIRECTION('',(0.,1.,0.));
#697 = DIRECTION('',(0.,-0.,1.));
#698 = ORIENTED_EDGE('',*,*,#699,.T.);
#699 = EDGE_CURVE('',#691,#700,#702,.T.);
#700 = VERTEX_POINT('',#701);
#701 = CARTESIAN_POINT('',(0.755,0.4,0.45));
#702 = LINE('',#703,#704);
#703 = CARTESIAN_POINT('',(0.5,0.4,0.45));
#704 = VECTOR('',#705,1.);
#705 = DIRECTION('',(1.,0.,0.));
#706 = ORIENTED_EDGE('',*,*,#707,.F.);
#707 = EDGE_CURVE('',#708,#700,#710,.T.);
#708 = VERTEX_POINT('',#709);
#709 = CARTESIAN_POINT('',(0.8,0.4,0.405));
#710 = CIRCLE('',#711,4.5E-02);
#711 = AXIS2_PLACEMENT_3D('',#712,#713,#714);
#712 = CARTESIAN_POINT('',(0.755,0.4,0.405));
#713 = DIRECTION('',(0.,-1.,0.));
#714 = DIRECTION('',(0.,0.,1.));
#715 = ORIENTED_EDGE('',*,*,#716,.F.);
#716 = EDGE_CURVE('',#717,#708,#719,.T.);
#717 = VERTEX_POINT('',#718);
#718 = CARTESIAN_POINT('',(0.8,0.4,4.5E-02));
#719 = LINE('',#720,#721);
#720 = CARTESIAN_POINT('',(0.8,0.4,0.));
#721 = VECTOR('',#722,1.);
#722 = DIRECTION('',(0.,0.,1.));
#723 = ORIENTED_EDGE('',*,*,#724,.T.);
#724 = EDGE_CURVE('',#717,#673,#725,.T.);
#725 = CIRCLE('',#726,4.5E-02);
#726 = AXIS2_PLACEMENT_3D('',#727,#728,#729);
#727 = CARTESIAN_POINT('',(0.755,0.4,4.5E-02));
#728 = DIRECTION('',(0.,1.,0.));
#729 = DIRECTION('',(0.,-0.,1.));
#730 = PLANE('',#731);
#731 = AXIS2_PLACEMENT_3D('',#732,#733,#734);
#732 = CARTESIAN_POINT('',(0.5,0.4,0.));
#733 = DIRECTION('',(0.,1.,0.));
#734 = DIRECTION('',(0.,-0.,1.));
#735 = ADVANCED_FACE('',(#736),#754,.T.);
#736 = FACE_BOUND('',#737,.T.);
#737 = EDGE_LOOP('',(#738,#739,#740,#748));
#738 = ORIENTED_EDGE('',*,*,#483,.F.);
#739 = ORIENTED_EDGE('',*,*,#648,.T.);
#740 = ORIENTED_EDGE('',*,*,#741,.T.);
#741 = EDGE_CURVE('',#649,#742,#744,.T.);
#742 = VERTEX_POINT('',#743);
#743 = CARTESIAN_POINT('',(0.5,0.4,0.45));
#744 = LINE('',#745,#746);
#745 = CARTESIAN_POINT('',(-0.5,0.4,0.45));
#746 = VECTOR('',#747,1.);
#747 = DIRECTION('',(1.,0.,0.));
#748 = ORIENTED_EDGE('',*,*,#749,.F.);
#749 = EDGE_CURVE('',#484,#742,#750,.T.);
#750 = LINE('',#751,#752);
#751 = CARTESIAN_POINT('',(0.5,0.4,0.405));
#752 = VECTOR('',#753,1.);
#753 = DIRECTION('',(0.,0.,1.));
#754 = PLANE('',#755);
#755 = AXIS2_PLACEMENT_3D('',#756,#757,#758);
#756 = CARTESIAN_POINT('',(-0.5,0.4,0.405));
#757 = DIRECTION('',(0.,1.,0.));
#758 = DIRECTION('',(0.,-0.,1.));
#759 = ADVANCED_FACE('',(#760),#771,.T.);
#760 = FACE_BOUND('',#761,.T.);
#761 = EDGE_LOOP('',(#762,#763,#764,#770));
#762 = ORIENTED_EDGE('',*,*,#531,.T.);
#763 = ORIENTED_EDGE('',*,*,#680,.T.);
#764 = ORIENTED_EDGE('',*,*,#765,.F.);
#765 = EDGE_CURVE('',#547,#671,#766,.T.);
#766 = LINE('',#767,#768);
#767 = CARTESIAN_POINT('',(0.545,-0.4,-2.775557561563E-17));
#768 = VECTOR('',#769,1.);
#769 = DIRECTION('',(0.,1.,0.));
#770 = ORIENTED_EDGE('',*,*,#556,.F.);
#771 = CYLINDRICAL_SURFACE('',#772,4.5E-02);
#772 = AXIS2_PLACEMENT_3D('',#773,#774,#775);
#773 = CARTESIAN_POINT('',(0.545,-0.4,4.5E-02));
#774 = DIRECTION('',(0.,1.,0.));
#775 = DIRECTION('',(-1.,0.,0.));
#776 = ADVANCED_FACE('',(#777),#788,.F.);
#777 = FACE_BOUND('',#778,.F.);
#778 = EDGE_LOOP('',(#779,#780,#781,#782));
#779 = ORIENTED_EDGE('',*,*,#670,.F.);
#780 = ORIENTED_EDGE('',*,*,#765,.F.);
#781 = ORIENTED_EDGE('',*,*,#546,.T.);
#782 = ORIENTED_EDGE('',*,*,#783,.T.);
#783 = EDGE_CURVE('',#549,#673,#784,.T.);
#784 = LINE('',#785,#786);
#785 = CARTESIAN_POINT('',(0.755,-0.4,-2.775557561563E-17));
#786 = VECTOR('',#787,1.);
#787 = DIRECTION('',(0.,1.,0.));
#788 = PLANE('',#789);
#789 = AXIS2_PLACEMENT_3D('',#790,#791,#792);
#790 = CARTESIAN_POINT('',(0.5,-0.4,0.));
#791 = DIRECTION('',(0.,0.,1.));
#792 = DIRECTION('',(1.,0.,-0.));
#793 = ADVANCED_FACE('',(#794),#805,.T.);
#794 = FACE_BOUND('',#795,.T.);
#795 = EDGE_LOOP('',(#796,#797,#798,#799));
#796 = ORIENTED_EDGE('',*,*,#600,.T.);
#797 = ORIENTED_EDGE('',*,*,#783,.T.);
#798 = ORIENTED_EDGE('',*,*,#724,.F.);
#799 = ORIENTED_EDGE('',*,*,#800,.F.);
#800 = EDGE_CURVE('',#593,#717,#801,.T.);
#801 = LINE('',#802,#803);
#802 = CARTESIAN_POINT('',(0.8,-0.4,4.5E-02));
#803 = VECTOR('',#804,1.);
#804 = DIRECTION('',(0.,1.,0.));
#805 = CYLINDRICAL_SURFACE('',#806,4.5E-02);
#806 = AXIS2_PLACEMENT_3D('',#807,#808,#809);
#807 = CARTESIAN_POINT('',(0.755,-0.4,4.5E-02));
#808 = DIRECTION('',(0.,1.,0.));
#809 = DIRECTION('',(1.,0.,0.));
#810 = ADVANCED_FACE('',(#811),#822,.T.);
#811 = FACE_BOUND('',#812,.T.);
#812 = EDGE_LOOP('',(#813,#814,#815,#816));
#813 = ORIENTED_EDGE('',*,*,#592,.F.);
#814 = ORIENTED_EDGE('',*,*,#800,.T.);
#815 = ORIENTED_EDGE('',*,*,#716,.T.);
#816 = ORIENTED_EDGE('',*,*,#817,.F.);
#817 = EDGE_CURVE('',#584,#708,#818,.T.);
#818 = LINE('',#819,#820);
#819 = CARTESIAN_POINT('',(0.8,-0.4,0.405));
#820 = VECTOR('',#821,1.);
#821 = DIRECTION('',(0.,1.,0.));
#822 = PLANE('',#823);
#823 = AXIS2_PLACEMENT_3D('',#824,#825,#826);
#824 = CARTESIAN_POINT('',(0.8,-0.4,0.));
#825 = DIRECTION('',(1.,0.,0.));
#826 = DIRECTION('',(0.,0.,1.));
#827 = ADVANCED_FACE('',(#828),#839,.T.);
#828 = FACE_BOUND('',#829,.T.);
#829 = EDGE_LOOP('',(#830,#831,#832,#838));
#830 = ORIENTED_EDGE('',*,*,#817,.T.);
#831 = ORIENTED_EDGE('',*,*,#707,.T.);
#832 = ORIENTED_EDGE('',*,*,#833,.F.);
#833 = EDGE_CURVE('',#576,#700,#834,.T.);
#834 = LINE('',#835,#836);
#835 = CARTESIAN_POINT('',(0.755,-0.4,0.45));
#836 = VECTOR('',#837,1.);
#837 = DIRECTION('',(0.,1.,0.));
#838 = ORIENTED_EDGE('',*,*,#583,.F.);
#839 = CYLINDRICAL_SURFACE('',#840,4.5E-02);
#840 = AXIS2_PLACEMENT_3D('',#841,#842,#843);
#841 = CARTESIAN_POINT('',(0.755,-0.4,0.405));
#842 = DIRECTION('',(0.,1.,0.));
#843 = DIRECTION('',(1.,0.,0.));
#844 = ADVANCED_FACE('',(#845),#856,.T.);
#845 = FACE_BOUND('',#846,.T.);
#846 = EDGE_LOOP('',(#847,#848,#854,#855));
#847 = ORIENTED_EDGE('',*,*,#699,.F.);
#848 = ORIENTED_EDGE('',*,*,#849,.F.);
#849 = EDGE_CURVE('',#567,#691,#850,.T.);
#850 = LINE('',#851,#852);
#851 = CARTESIAN_POINT('',(0.545,-0.4,0.45));
#852 = VECTOR('',#853,1.);
#853 = DIRECTION('',(0.,1.,0.));
#854 = ORIENTED_EDGE('',*,*,#575,.T.);
#855 = ORIENTED_EDGE('',*,*,#833,.T.);
#856 = PLANE('',#857);
#857 = AXIS2_PLACEMENT_3D('',#858,#859,#860);
#858 = CARTESIAN_POINT('',(0.5,-0.4,0.45));
#859 = DIRECTION('',(0.,0.,1.));
#860 = DIRECTION('',(1.,0.,-0.));
#861 = ADVANCED_FACE('',(#862),#873,.T.);
#862 = FACE_BOUND('',#863,.T.);
#863 = EDGE_LOOP('',(#864,#865,#866,#867));
#864 = ORIENTED_EDGE('',*,*,#566,.T.);
#865 = ORIENTED_EDGE('',*,*,#849,.T.);
#866 = ORIENTED_EDGE('',*,*,#690,.F.);
#867 = ORIENTED_EDGE('',*,*,#868,.F.);
#868 = EDGE_CURVE('',#401,#484,#869,.T.);
#869 = LINE('',#870,#871);
#870 = CARTESIAN_POINT('',(0.5,-0.4,0.405));
#871 = VECTOR('',#872,1.);
#872 = DIRECTION('',(0.,1.,0.));
#873 = CYLINDRICAL_SURFACE('',#874,4.5E-02);
#874 = AXIS2_PLACEMENT_3D('',#875,#876,#877);
#875 = CARTESIAN_POINT('',(0.545,-0.4,0.405));
#876 = DIRECTION('',(0.,1.,0.));
#877 = DIRECTION('',(-1.,0.,0.));
#878 = ADVANCED_FACE('',(#879),#890,.T.);
#879 = FACE_BOUND('',#880,.T.);
#880 = EDGE_LOOP('',(#881,#882,#883,#884));
#881 = ORIENTED_EDGE('',*,*,#632,.F.);
#882 = ORIENTED_EDGE('',*,*,#868,.T.);
#883 = ORIENTED_EDGE('',*,*,#749,.T.);
#884 = ORIENTED_EDGE('',*,*,#885,.F.);
#885 = EDGE_CURVE('',#625,#742,#886,.T.);
#886 = LINE('',#887,#888);
#887 = CARTESIAN_POINT('',(0.5,-0.4,0.45));
#888 = VECTOR('',#889,1.);
#889 = DIRECTION('',(0.,1.,0.));
#890 = PLANE('',#891);
#891 = AXIS2_PLACEMENT_3D('',#892,#893,#894);
#892 = CARTESIAN_POINT('',(0.5,-0.4,0.405));
#893 = DIRECTION('',(1.,0.,0.));
#894 = DIRECTION('',(0.,0.,1.));
#895 = ADVANCED_FACE('',(#896),#902,.T.);
#896 = FACE_BOUND('',#897,.T.);
#897 = EDGE_LOOP('',(#898,#899,#900,#901));
#898 = ORIENTED_EDGE('',*,*,#656,.F.);
#899 = ORIENTED_EDGE('',*,*,#624,.T.);
#900 = ORIENTED_EDGE('',*,*,#885,.T.);
#901 = ORIENTED_EDGE('',*,*,#741,.F.);
#902 = PLANE('',#903);
#903 = AXIS2_PLACEMENT_3D('',#904,#905,#906);
#904 = CARTESIAN_POINT('',(-0.5,-0.4,0.45));
#905 = DIRECTION('',(0.,0.,1.));
#906 = DIRECTION('',(1.,0.,-0.));
#907 = ( GEOMETRIC_REPRESENTATION_CONTEXT(3) 
GLOBAL_UNCERTAINTY_ASSIGNED_CONTEXT((#911)) GLOBAL_UNIT_ASSIGNED_CONTEXT
((#908,#909,#910)) REPRESENTATION_CONTEXT('Context #1',
  '3D Context with UNIT and UNCERTAINTY') );
#908 = ( LENGTH_UNIT() NAMED_UNIT(*) SI_UNIT(.MILLI.,.METRE.) );
#909 = ( NAMED_UNIT(*) PLANE_ANGLE_UNIT() SI_UNIT($,.RADIAN.) );
#910 = ( NAMED_UNIT(*) SI_UNIT($,.STERADIAN.) SOLID_ANGLE_UNIT() );
#911 = UNCERTAINTY_MEASURE_WITH_UNIT(LENGTH_MEASURE(1.E-07),#908,
  'distance_accuracy_value','confusion accuracy');
#912 = CONTEXT_DEPENDENT_SHAPE_REPRESENTATION(#913,#915);
#913 = ( REPRESENTATION_RELATIONSHIP('','',#116,#10) 
REPRESENTATION_RELATIONSHIP_WITH_TRANSFORMATION(#914) 
SHAPE_REPRESENTATION_RELATIONSHIP() );
#914 = ITEM_DEFINED_TRANSFORMATION('','',#11,#15);
#915 = PRODUCT_DEFINITION_SHAPE('Placement','Placement of an item',#916
  );
#916 = NEXT_ASSEMBLY_USAGE_OCCURRENCE('1','R6','',#5,#111,$);
#917 = PRODUCT_RELATED_PRODUCT_CATEGORY('part',$,(#113));
#918 = SHAPE_DEFINITION_REPRESENTATION(#919,#925);
#919 = PRODUCT_DEFINITION_SHAPE('','',#920);
#920 = PRODUCT_DEFINITION('design','',#921,#924);
#921 = PRODUCT_DEFINITION_FORMATION('','',#922);
#922 = PRODUCT('C_0603_1608Metric','C_0603_1608Metric','',(#923));
#923 = PRODUCT_CONTEXT('',#2,'mechanical');
#924 = PRODUCT_DEFINITION_CONTEXT('part definition',#2,'design');
#925 = ADVANCED_BREP_SHAPE_REPRESENTATION('',(#11,#926),#1780);
#926 = MANIFOLD_SOLID_BREP('',#927);
#927 = CLOSED_SHELL('',(#928,#1004,#1035,#1060,#1085,#1109,#1133,#1158,
    #1183,#1200,#1286,#1318,#1342,#1367,#1391,#1416,#1440,#1465,#1482,
    #1568,#1599,#1624,#1649,#1673,#1697,#1722,#1747,#1764));
#928 = ADVANCED_FACE('',(#929),#999,.F.);
#929 = FACE_BOUND('',#930,.F.);
#930 = EDGE_LOOP('',(#931,#941,#950,#958,#967,#975,#984,#992));
#931 = ORIENTED_EDGE('',*,*,#932,.F.);
#932 = EDGE_CURVE('',#933,#935,#937,.T.);
#933 = VERTEX_POINT('',#934);
#934 = CARTESIAN_POINT('',(-0.8,-0.4,3.E-02));
#935 = VERTEX_POINT('',#936);
#936 = CARTESIAN_POINT('',(-0.8,-0.4,0.77));
#937 = LINE('',#938,#939);
#938 = CARTESIAN_POINT('',(-0.8,-0.4,0.));
#939 = VECTOR('',#940,1.);
#940 = DIRECTION('',(0.,0.,1.));
#941 = ORIENTED_EDGE('',*,*,#942,.T.);
#942 = EDGE_CURVE('',#933,#943,#945,.T.);
#943 = VERTEX_POINT('',#944);
#944 = CARTESIAN_POINT('',(-0.8,-0.37,0.));
#945 = CIRCLE('',#946,3.E-02);
#946 = AXIS2_PLACEMENT_3D('',#947,#948,#949);
#947 = CARTESIAN_POINT('',(-0.8,-0.37,3.E-02));
#948 = DIRECTION('',(1.,0.,-0.));
#949 = DIRECTION('',(0.,0.,1.));
#950 = ORIENTED_EDGE('',*,*,#951,.T.);
#951 = EDGE_CURVE('',#943,#952,#954,.T.);
#952 = VERTEX_POINT('',#953);
#953 = CARTESIAN_POINT('',(-0.8,0.37,0.));
#954 = LINE('',#955,#956);
#955 = CARTESIAN_POINT('',(-0.8,-0.4,0.));
#956 = VECTOR('',#957,1.);
#957 = DIRECTION('',(0.,1.,0.));
#958 = ORIENTED_EDGE('',*,*,#959,.F.);
#959 = EDGE_CURVE('',#960,#952,#962,.T.);
#960 = VERTEX_POINT('',#961);
#961 = CARTESIAN_POINT('',(-0.8,0.4,3.E-02));
#962 = CIRCLE('',#963,3.E-02);
#963 = AXIS2_PLACEMENT_3D('',#964,#965,#966);
#964 = CARTESIAN_POINT('',(-0.8,0.37,3.E-02));
#965 = DIRECTION('',(-1.,0.,0.));
#966 = DIRECTION('',(0.,0.,1.));
#967 = ORIENTED_EDGE('',*,*,#968,.T.);
#968 = EDGE_CURVE('',#960,#969,#971,.T.);
#969 = VERTEX_POINT('',#970);
#970 = CARTESIAN_POINT('',(-0.8,0.4,0.77));
#971 = LINE('',#972,#973);
#972 = CARTESIAN_POINT('',(-0.8,0.4,0.));
#973 = VECTOR('',#974,1.);
#974 = DIRECTION('',(0.,0.,1.));
#975 = ORIENTED_EDGE('',*,*,#976,.T.);
#976 = EDGE_CURVE('',#969,#977,#979,.T.);
#977 = VERTEX_POINT('',#978);
#978 = CARTESIAN_POINT('',(-0.8,0.37,0.8));
#979 = CIRCLE('',#980,3.E-02);
#980 = AXIS2_PLACEMENT_3D('',#981,#982,#983);
#981 = CARTESIAN_POINT('',(-0.8,0.37,0.77));
#982 = DIRECTION('',(1.,0.,-0.));
#983 = DIRECTION('',(0.,0.,1.));
#984 = ORIENTED_EDGE('',*,*,#985,.F.);
#985 = EDGE_CURVE('',#986,#977,#988,.T.);
#986 = VERTEX_POINT('',#987);
#987 = CARTESIAN_POINT('',(-0.8,-0.37,0.8));
#988 = LINE('',#989,#990);
#989 = CARTESIAN_POINT('',(-0.8,-0.4,0.8));
#990 = VECTOR('',#991,1.);
#991 = DIRECTION('',(0.,1.,0.));
#992 = ORIENTED_EDGE('',*,*,#993,.F.);
#993 = EDGE_CURVE('',#935,#986,#994,.T.);
#994 = CIRCLE('',#995,3.E-02);
#995 = AXIS2_PLACEMENT_3D('',#996,#997,#998);
#996 = CARTESIAN_POINT('',(-0.8,-0.37,0.77));
#997 = DIRECTION('',(-1.,0.,0.));
#998 = DIRECTION('',(0.,0.,1.));
#999 = PLANE('',#1000);
#1000 = AXIS2_PLACEMENT_3D('',#1001,#1002,#1003);
#1001 = CARTESIAN_POINT('',(-0.8,-0.4,0.));
#1002 = DIRECTION('',(1.,0.,0.));
#1003 = DIRECTION('',(0.,0.,1.));
#1004 = ADVANCED_FACE('',(#1005),#1030,.F.);
#1005 = FACE_BOUND('',#1006,.F.);
#1006 = EDGE_LOOP('',(#1007,#1017,#1023,#1024));
#1007 = ORIENTED_EDGE('',*,*,#1008,.F.);
#1008 = EDGE_CURVE('',#1009,#1011,#1013,.T.);
#1009 = VERTEX_POINT('',#1010);
#1010 = CARTESIAN_POINT('',(-0.5,-0.4,3.E-02));
#1011 = VERTEX_POINT('',#1012);
#1012 = CARTESIAN_POINT('',(-0.5,-0.4,0.77));
#1013 = LINE('',#1014,#1015);
#1014 = CARTESIAN_POINT('',(-0.5,-0.4,0.));
#1015 = VECTOR('',#1016,1.);
#1016 = DIRECTION('',(0.,0.,1.));
#1017 = ORIENTED_EDGE('',*,*,#1018,.F.);
#1018 = EDGE_CURVE('',#933,#1009,#1019,.T.);
#1019 = LINE('',#1020,#1021);
#1020 = CARTESIAN_POINT('',(-0.8,-0.4,3.E-02));
#1021 = VECTOR('',#1022,1.);
#1022 = DIRECTION('',(1.,0.,0.));
#1023 = ORIENTED_EDGE('',*,*,#932,.T.);
#1024 = ORIENTED_EDGE('',*,*,#1025,.T.);
#1025 = EDGE_CURVE('',#935,#1011,#1026,.T.);
#1026 = LINE('',#1027,#1028);
#1027 = CARTESIAN_POINT('',(-0.8,-0.4,0.77));
#1028 = VECTOR('',#1029,1.);
#1029 = DIRECTION('',(1.,0.,0.));
#1030 = PLANE('',#1031);
#1031 = AXIS2_PLACEMENT_3D('',#1032,#1033,#1034);
#1032 = CARTESIAN_POINT('',(-0.8,-0.4,0.));
#1033 = DIRECTION('',(0.,1.,0.));
#1034 = DIRECTION('',(0.,-0.,1.));
#1035 = ADVANCED_FACE('',(#1036),#1055,.T.);
#1036 = FACE_BOUND('',#1037,.T.);
#1037 = EDGE_LOOP('',(#1038,#1039,#1047,#1054));
#1038 = ORIENTED_EDGE('',*,*,#942,.T.);
#1039 = ORIENTED_EDGE('',*,*,#1040,.T.);
#1040 = EDGE_CURVE('',#943,#1041,#1043,.T.);
#1041 = VERTEX_POINT('',#1042);
#1042 = CARTESIAN_POINT('',(-0.5,-0.37,0.));
#1043 = LINE('',#1044,#1045);
#1044 = CARTESIAN_POINT('',(-0.8,-0.37,0.));
#1045 = VECTOR('',#1046,1.);
#1046 = DIRECTION('',(1.,0.,0.));
#1047 = ORIENTED_EDGE('',*,*,#1048,.F.);
#1048 = EDGE_CURVE('',#1009,#1041,#1049,.T.);
#1049 = CIRCLE('',#1050,3.E-02);
#1050 = AXIS2_PLACEMENT_3D('',#1051,#1052,#1053);
#1051 = CARTESIAN_POINT('',(-0.5,-0.37,3.E-02));
#1052 = DIRECTION('',(1.,0.,-0.));
#1053 = DIRECTION('',(0.,0.,1.));
#1054 = ORIENTED_EDGE('',*,*,#1018,.F.);
#1055 = CYLINDRICAL_SURFACE('',#1056,3.E-02);
#1056 = AXIS2_PLACEMENT_3D('',#1057,#1058,#1059);
#1057 = CARTESIAN_POINT('',(-0.8,-0.37,3.E-02));
#1058 = DIRECTION('',(1.,0.,0.));
#1059 = DIRECTION('',(0.,-1.,0.));
#1060 = ADVANCED_FACE('',(#1061),#1080,.T.);
#1061 = FACE_BOUND('',#1062,.T.);
#1062 = EDGE_LOOP('',(#1063,#1064,#1073,#1079));
#1063 = ORIENTED_EDGE('',*,*,#1025,.T.);
#1064 = ORIENTED_EDGE('',*,*,#1065,.T.);
#1065 = EDGE_CURVE('',#1011,#1066,#1068,.T.);
#1066 = VERTEX_POINT('',#1067);
#1067 = CARTESIAN_POINT('',(-0.5,-0.37,0.8));
#1068 = CIRCLE('',#1069,3.E-02);
#1069 = AXIS2_PLACEMENT_3D('',#1070,#1071,#1072);
#1070 = CARTESIAN_POINT('',(-0.5,-0.37,0.77));
#1071 = DIRECTION('',(-1.,0.,0.));
#1072 = DIRECTION('',(0.,0.,1.));
#1073 = ORIENTED_EDGE('',*,*,#1074,.F.);
#1074 = EDGE_CURVE('',#986,#1066,#1075,.T.);
#1075 = LINE('',#1076,#1077);
#1076 = CARTESIAN_POINT('',(-0.8,-0.37,0.8));
#1077 = VECTOR('',#1078,1.);
#1078 = DIRECTION('',(1.,0.,0.));
#1079 = ORIENTED_EDGE('',*,*,#993,.F.);
#1080 = CYLINDRICAL_SURFACE('',#1081,3.E-02);
#1081 = AXIS2_PLACEMENT_3D('',#1082,#1083,#1084);
#1082 = CARTESIAN_POINT('',(-0.8,-0.37,0.77));
#1083 = DIRECTION('',(1.,0.,0.));
#1084 = DIRECTION('',(0.,-1.,0.));
#1085 = ADVANCED_FACE('',(#1086),#1104,.F.);
#1086 = FACE_BOUND('',#1087,.F.);
#1087 = EDGE_LOOP('',(#1088,#1089,#1090,#1098));
#1088 = ORIENTED_EDGE('',*,*,#951,.F.);
#1089 = ORIENTED_EDGE('',*,*,#1040,.T.);
#1090 = ORIENTED_EDGE('',*,*,#1091,.T.);
#1091 = EDGE_CURVE('',#1041,#1092,#1094,.T.);
#1092 = VERTEX_POINT('',#1093);
#1093 = CARTESIAN_POINT('',(-0.5,0.37,0.));
#1094 = LINE('',#1095,#1096);
#1095 = CARTESIAN_POINT('',(-0.5,-0.4,0.));
#1096 = VECTOR('',#1097,1.);
#1097 = DIRECTION('',(0.,1.,0.));
#1098 = ORIENTED_EDGE('',*,*,#1099,.F.);
#1099 = EDGE_CURVE('',#952,#1092,#1100,.T.);
#1100 = LINE('',#1101,#1102);
#1101 = CARTESIAN_POINT('',(-0.8,0.37,0.));
#1102 = VECTOR('',#1103,1.);
#1103 = DIRECTION('',(1.,0.,0.));
#1104 = PLANE('',#1105);
#1105 = AXIS2_PLACEMENT_3D('',#1106,#1107,#1108);
#1106 = CARTESIAN_POINT('',(-0.8,-0.4,0.));
#1107 = DIRECTION('',(0.,0.,1.));
#1108 = DIRECTION('',(1.,0.,-0.));
#1109 = ADVANCED_FACE('',(#1110),#1128,.T.);
#1110 = FACE_BOUND('',#1111,.T.);
#1111 = EDGE_LOOP('',(#1112,#1113,#1114,#1122));
#1112 = ORIENTED_EDGE('',*,*,#985,.F.);
#1113 = ORIENTED_EDGE('',*,*,#1074,.T.);
#1114 = ORIENTED_EDGE('',*,*,#1115,.T.);
#1115 = EDGE_CURVE('',#1066,#1116,#1118,.T.);
#1116 = VERTEX_POINT('',#1117);
#1117 = CARTESIAN_POINT('',(-0.5,0.37,0.8));
#1118 = LINE('',#1119,#1120);
#1119 = CARTESIAN_POINT('',(-0.5,-0.4,0.8));
#1120 = VECTOR('',#1121,1.);
#1121 = DIRECTION('',(0.,1.,0.));
#1122 = ORIENTED_EDGE('',*,*,#1123,.F.);
#1123 = EDGE_CURVE('',#977,#1116,#1124,.T.);
#1124 = LINE('',#1125,#1126);
#1125 = CARTESIAN_POINT('',(-0.8,0.37,0.8));
#1126 = VECTOR('',#1127,1.);
#1127 = DIRECTION('',(1.,0.,0.));
#1128 = PLANE('',#1129);
#1129 = AXIS2_PLACEMENT_3D('',#1130,#1131,#1132);
#1130 = CARTESIAN_POINT('',(-0.8,-0.4,0.8));
#1131 = DIRECTION('',(0.,0.,1.));
#1132 = DIRECTION('',(1.,0.,-0.));
#1133 = ADVANCED_FACE('',(#1134),#1153,.T.);
#1134 = FACE_BOUND('',#1135,.T.);
#1135 = EDGE_LOOP('',(#1136,#1144,#1151,#1152));
#1136 = ORIENTED_EDGE('',*,*,#1137,.T.);
#1137 = EDGE_CURVE('',#960,#1138,#1140,.T.);
#1138 = VERTEX_POINT('',#1139);
#1139 = CARTESIAN_POINT('',(-0.5,0.4,3.E-02));
#1140 = LINE('',#1141,#1142);
#1141 = CARTESIAN_POINT('',(-0.8,0.4,3.E-02));
#1142 = VECTOR('',#1143,1.);
#1143 = DIRECTION('',(1.,0.,0.));
#1144 = ORIENTED_EDGE('',*,*,#1145,.T.);
#1145 = EDGE_CURVE('',#1138,#1092,#1146,.T.);
#1146 = CIRCLE('',#1147,3.E-02);
#1147 = AXIS2_PLACEMENT_3D('',#1148,#1149,#1150);
#1148 = CARTESIAN_POINT('',(-0.5,0.37,3.E-02));
#1149 = DIRECTION('',(-1.,0.,0.));
#1150 = DIRECTION('',(0.,0.,1.));
#1151 = ORIENTED_EDGE('',*,*,#1099,.F.);
#1152 = ORIENTED_EDGE('',*,*,#959,.F.);
#1153 = CYLINDRICAL_SURFACE('',#1154,3.E-02);
#1154 = AXIS2_PLACEMENT_3D('',#1155,#1156,#1157);
#1155 = CARTESIAN_POINT('',(-0.8,0.37,3.E-02));
#1156 = DIRECTION('',(1.,0.,0.));
#1157 = DIRECTION('',(-0.,1.,0.));
#1158 = ADVANCED_FACE('',(#1159),#1178,.T.);
#1159 = FACE_BOUND('',#1160,.T.);
#1160 = EDGE_LOOP('',(#1161,#1162,#1163,#1172));
#1161 = ORIENTED_EDGE('',*,*,#976,.T.);
#1162 = ORIENTED_EDGE('',*,*,#1123,.T.);
#1163 = ORIENTED_EDGE('',*,*,#1164,.F.);
#1164 = EDGE_CURVE('',#1165,#1116,#1167,.T.);
#1165 = VERTEX_POINT('',#1166);
#1166 = CARTESIAN_POINT('',(-0.5,0.4,0.77));
#1167 = CIRCLE('',#1168,3.E-02);
#1168 = AXIS2_PLACEMENT_3D('',#1169,#1170,#1171);
#1169 = CARTESIAN_POINT('',(-0.5,0.37,0.77));
#1170 = DIRECTION('',(1.,0.,-0.));
#1171 = DIRECTION('',(0.,0.,1.));
#1172 = ORIENTED_EDGE('',*,*,#1173,.F.);
#1173 = EDGE_CURVE('',#969,#1165,#1174,.T.);
#1174 = LINE('',#1175,#1176);
#1175 = CARTESIAN_POINT('',(-0.8,0.4,0.77));
#1176 = VECTOR('',#1177,1.);
#1177 = DIRECTION('',(1.,0.,0.));
#1178 = CYLINDRICAL_SURFACE('',#1179,3.E-02);
#1179 = AXIS2_PLACEMENT_3D('',#1180,#1181,#1182);
#1180 = CARTESIAN_POINT('',(-0.8,0.37,0.77));
#1181 = DIRECTION('',(1.,0.,0.));
#1182 = DIRECTION('',(-0.,1.,0.));
#1183 = ADVANCED_FACE('',(#1184),#1195,.T.);
#1184 = FACE_BOUND('',#1185,.T.);
#1185 = EDGE_LOOP('',(#1186,#1192,#1193,#1194));
#1186 = ORIENTED_EDGE('',*,*,#1187,.F.);
#1187 = EDGE_CURVE('',#1138,#1165,#1188,.T.);
#1188 = LINE('',#1189,#1190);
#1189 = CARTESIAN_POINT('',(-0.5,0.4,0.));
#1190 = VECTOR('',#1191,1.);
#1191 = DIRECTION('',(0.,0.,1.));
#1192 = ORIENTED_EDGE('',*,*,#1137,.F.);
#1193 = ORIENTED_EDGE('',*,*,#968,.T.);
#1194 = ORIENTED_EDGE('',*,*,#1173,.T.);
#1195 = PLANE('',#1196);
#1196 = AXIS2_PLACEMENT_3D('',#1197,#1198,#1199);
#1197 = CARTESIAN_POINT('',(-0.8,0.4,0.));
#1198 = DIRECTION('',(0.,1.,0.));
#1199 = DIRECTION('',(0.,-0.,1.));
#1200 = ADVANCED_FACE('',(#1201,#1211),#1281,.T.);
#1201 = FACE_BOUND('',#1202,.T.);
#1202 = EDGE_LOOP('',(#1203,#1204,#1205,#1206,#1207,#1208,#1209,#1210));
#1203 = ORIENTED_EDGE('',*,*,#1008,.F.);
#1204 = ORIENTED_EDGE('',*,*,#1048,.T.);
#1205 = ORIENTED_EDGE('',*,*,#1091,.T.);
#1206 = ORIENTED_EDGE('',*,*,#1145,.F.);
#1207 = ORIENTED_EDGE('',*,*,#1187,.T.);
#1208 = ORIENTED_EDGE('',*,*,#1164,.T.);
#1209 = ORIENTED_EDGE('',*,*,#1115,.F.);
#1210 = ORIENTED_EDGE('',*,*,#1065,.F.);
#1211 = FACE_BOUND('',#1212,.T.);
#1212 = EDGE_LOOP('',(#1213,#1224,#1232,#1241,#1249,#1258,#1266,#1275));
#1213 = ORIENTED_EDGE('',*,*,#1214,.F.);
#1214 = EDGE_CURVE('',#1215,#1217,#1219,.T.);
#1215 = VERTEX_POINT('',#1216);
#1216 = CARTESIAN_POINT('',(-0.5,-0.37,6.E-02));
#1217 = VERTEX_POINT('',#1218);
#1218 = CARTESIAN_POINT('',(-0.5,-0.34,3.E-02));
#1219 = CIRCLE('',#1220,3.E-02);
#1220 = AXIS2_PLACEMENT_3D('',#1221,#1222,#1223);
#1221 = CARTESIAN_POINT('',(-0.5,-0.34,6.E-02));
#1222 = DIRECTION('',(1.,0.,-0.));
#1223 = DIRECTION('',(0.,0.,1.));
#1224 = ORIENTED_EDGE('',*,*,#1225,.T.);
#1225 = EDGE_CURVE('',#1215,#1226,#1228,.T.);
#1226 = VERTEX_POINT('',#1227);
#1227 = CARTESIAN_POINT('',(-0.5,-0.37,0.74));
#1228 = LINE('',#1229,#1230);
#1229 = CARTESIAN_POINT('',(-0.5,-0.37,3.E-02));
#1230 = VECTOR('',#1231,1.);
#1231 = DIRECTION('',(0.,0.,1.));
#1232 = ORIENTED_EDGE('',*,*,#1233,.T.);
#1233 = EDGE_CURVE('',#1226,#1234,#1236,.T.);
#1234 = VERTEX_POINT('',#1235);
#1235 = CARTESIAN_POINT('',(-0.5,-0.34,0.77));
#1236 = CIRCLE('',#1237,3.E-02);
#1237 = AXIS2_PLACEMENT_3D('',#1238,#1239,#1240);
#1238 = CARTESIAN_POINT('',(-0.5,-0.34,0.74));
#1239 = DIRECTION('',(-1.,0.,0.));
#1240 = DIRECTION('',(0.,0.,1.));
#1241 = ORIENTED_EDGE('',*,*,#1242,.T.);
#1242 = EDGE_CURVE('',#1234,#1243,#1245,.T.);
#1243 = VERTEX_POINT('',#1244);
#1244 = CARTESIAN_POINT('',(-0.5,0.34,0.77));
#1245 = LINE('',#1246,#1247);
#1246 = CARTESIAN_POINT('',(-0.5,-0.37,0.77));
#1247 = VECTOR('',#1248,1.);
#1248 = DIRECTION('',(0.,1.,0.));
#1249 = ORIENTED_EDGE('',*,*,#1250,.F.);
#1250 = EDGE_CURVE('',#1251,#1243,#1253,.T.);
#1251 = VERTEX_POINT('',#1252);
#1252 = CARTESIAN_POINT('',(-0.5,0.37,0.74));
#1253 = CIRCLE('',#1254,3.E-02);
#1254 = AXIS2_PLACEMENT_3D('',#1255,#1256,#1257);
#1255 = CARTESIAN_POINT('',(-0.5,0.34,0.74));
#1256 = DIRECTION('',(1.,0.,-0.));
#1257 = DIRECTION('',(0.,0.,1.));
#1258 = ORIENTED_EDGE('',*,*,#1259,.F.);
#1259 = EDGE_CURVE('',#1260,#1251,#1262,.T.);
#1260 = VERTEX_POINT('',#1261);
#1261 = CARTESIAN_POINT('',(-0.5,0.37,6.E-02));
#1262 = LINE('',#1263,#1264);
#1263 = CARTESIAN_POINT('',(-0.5,0.37,3.E-02));
#1264 = VECTOR('',#1265,1.);
#1265 = DIRECTION('',(0.,0.,1.));
#1266 = ORIENTED_EDGE('',*,*,#1267,.T.);
#1267 = EDGE_CURVE('',#1260,#1268,#1270,.T.);
#1268 = VERTEX_POINT('',#1269);
#1269 = CARTESIAN_POINT('',(-0.5,0.34,3.E-02));
#1270 = CIRCLE('',#1271,3.E-02);
#1271 = AXIS2_PLACEMENT_3D('',#1272,#1273,#1274);
#1272 = CARTESIAN_POINT('',(-0.5,0.34,6.E-02));
#1273 = DIRECTION('',(-1.,0.,0.));
#1274 = DIRECTION('',(0.,0.,1.));
#1275 = ORIENTED_EDGE('',*,*,#1276,.F.);
#1276 = EDGE_CURVE('',#1217,#1268,#1277,.T.);
#1277 = LINE('',#1278,#1279);
#1278 = CARTESIAN_POINT('',(-0.5,-0.37,3.E-02));
#1279 = VECTOR('',#1280,1.);
#1280 = DIRECTION('',(0.,1.,0.));
#1281 = PLANE('',#1282);
#1282 = AXIS2_PLACEMENT_3D('',#1283,#1284,#1285);
#1283 = CARTESIAN_POINT('',(-0.5,-0.4,0.));
#1284 = DIRECTION('',(1.,0.,0.));
#1285 = DIRECTION('',(0.,0.,1.));
#1286 = ADVANCED_FACE('',(#1287),#1313,.T.);
#1287 = FACE_BOUND('',#1288,.T.);
#1288 = EDGE_LOOP('',(#1289,#1290,#1298,#1307));
#1289 = ORIENTED_EDGE('',*,*,#1214,.T.);
#1290 = ORIENTED_EDGE('',*,*,#1291,.T.);
#1291 = EDGE_CURVE('',#1217,#1292,#1294,.T.);
#1292 = VERTEX_POINT('',#1293);
#1293 = CARTESIAN_POINT('',(0.5,-0.34,3.E-02));
#1294 = LINE('',#1295,#1296);
#1295 = CARTESIAN_POINT('',(-0.5,-0.34,3.E-02));
#1296 = VECTOR('',#1297,1.);
#1297 = DIRECTION('',(1.,0.,0.));
#1298 = ORIENTED_EDGE('',*,*,#1299,.F.);
#1299 = EDGE_CURVE('',#1300,#1292,#1302,.T.);
#1300 = VERTEX_POINT('',#1301);
#1301 = CARTESIAN_POINT('',(0.5,-0.37,6.E-02));
#1302 = CIRCLE('',#1303,3.E-02);
#1303 = AXIS2_PLACEMENT_3D('',#1304,#1305,#1306);
#1304 = CARTESIAN_POINT('',(0.5,-0.34,6.E-02));
#1305 = DIRECTION('',(1.,0.,-0.));
#1306 = DIRECTION('',(0.,0.,1.));
#1307 = ORIENTED_EDGE('',*,*,#1308,.F.);
#1308 = EDGE_CURVE('',#1215,#1300,#1309,.T.);
#1309 = LINE('',#1310,#1311);
#1310 = CARTESIAN_POINT('',(-0.5,-0.37,6.E-02));
#1311 = VECTOR('',#1312,1.);
#1312 = DIRECTION('',(1.,0.,0.));
#1313 = CYLINDRICAL_SURFACE('',#1314,3.E-02);
#1314 = AXIS2_PLACEMENT_3D('',#1315,#1316,#1317);
#1315 = CARTESIAN_POINT('',(-0.5,-0.34,6.E-02));
#1316 = DIRECTION('',(1.,0.,0.));
#1317 = DIRECTION('',(0.,-1.,0.));
#1318 = ADVANCED_FACE('',(#1319),#1337,.F.);
#1319 = FACE_BOUND('',#1320,.F.);
#1320 = EDGE_LOOP('',(#1321,#1322,#1323,#1331));
#1321 = ORIENTED_EDGE('',*,*,#1276,.F.);
#1322 = ORIENTED_EDGE('',*,*,#1291,.T.);
#1323 = ORIENTED_EDGE('',*,*,#1324,.T.);
#1324 = EDGE_CURVE('',#1292,#1325,#1327,.T.);
#1325 = VERTEX_POINT('',#1326);
#1326 = CARTESIAN_POINT('',(0.5,0.34,3.E-02));
#1327 = LINE('',#1328,#1329);
#1328 = CARTESIAN_POINT('',(0.5,-0.37,3.E-02));
#1329 = VECTOR('',#1330,1.);
#1330 = DIRECTION('',(0.,1.,0.));
#1331 = ORIENTED_EDGE('',*,*,#1332,.F.);
#1332 = EDGE_CURVE('',#1268,#1325,#1333,.T.);
#1333 = LINE('',#1334,#1335);
#1334 = CARTESIAN_POINT('',(-0.5,0.34,3.E-02));
#1335 = VECTOR('',#1336,1.);
#1336 = DIRECTION('',(1.,0.,0.));
#1337 = PLANE('',#1338);
#1338 = AXIS2_PLACEMENT_3D('',#1339,#1340,#1341);
#1339 = CARTESIAN_POINT('',(-0.5,-0.37,3.E-02));
#1340 = DIRECTION('',(0.,0.,1.));
#1341 = DIRECTION('',(1.,0.,-0.));
#1342 = ADVANCED_FACE('',(#1343),#1362,.T.);
#1343 = FACE_BOUND('',#1344,.T.);
#1344 = EDGE_LOOP('',(#1345,#1353,#1360,#1361));
#1345 = ORIENTED_EDGE('',*,*,#1346,.T.);
#1346 = EDGE_CURVE('',#1260,#1347,#1349,.T.);
#1347 = VERTEX_POINT('',#1348);
#1348 = CARTESIAN_POINT('',(0.5,0.37,6.E-02));
#1349 = LINE('',#1350,#1351);
#1350 = CARTESIAN_POINT('',(-0.5,0.37,6.E-02));
#1351 = VECTOR('',#1352,1.);
#1352 = DIRECTION('',(1.,0.,0.));
#1353 = ORIENTED_EDGE('',*,*,#1354,.T.);
#1354 = EDGE_CURVE('',#1347,#1325,#1355,.T.);
#1355 = CIRCLE('',#1356,3.E-02);
#1356 = AXIS2_PLACEMENT_3D('',#1357,#1358,#1359);
#1357 = CARTESIAN_POINT('',(0.5,0.34,6.E-02));
#1358 = DIRECTION('',(-1.,0.,0.));
#1359 = DIRECTION('',(0.,0.,1.));
#1360 = ORIENTED_EDGE('',*,*,#1332,.F.);
#1361 = ORIENTED_EDGE('',*,*,#1267,.F.);
#1362 = CYLINDRICAL_SURFACE('',#1363,3.E-02);
#1363 = AXIS2_PLACEMENT_3D('',#1364,#1365,#1366);
#1364 = CARTESIAN_POINT('',(-0.5,0.34,6.E-02));
#1365 = DIRECTION('',(1.,0.,0.));
#1366 = DIRECTION('',(-0.,1.,0.));
#1367 = ADVANCED_FACE('',(#1368),#1386,.T.);
#1368 = FACE_BOUND('',#1369,.T.);
#1369 = EDGE_LOOP('',(#1370,#1378,#1379,#1380));
#1370 = ORIENTED_EDGE('',*,*,#1371,.F.);
#1371 = EDGE_CURVE('',#1347,#1372,#1374,.T.);
#1372 = VERTEX_POINT('',#1373);
#1373 = CARTESIAN_POINT('',(0.5,0.37,0.74));
#1374 = LINE('',#1375,#1376);
#1375 = CARTESIAN_POINT('',(0.5,0.37,3.E-02));
#1376 = VECTOR('',#1377,1.);
#1377 = DIRECTION('',(0.,0.,1.));
#1378 = ORIENTED_EDGE('',*,*,#1346,.F.);
#1379 = ORIENTED_EDGE('',*,*,#1259,.T.);
#1380 = ORIENTED_EDGE('',*,*,#1381,.T.);
#1381 = EDGE_CURVE('',#1251,#1372,#1382,.T.);
#1382 = LINE('',#1383,#1384);
#1383 = CARTESIAN_POINT('',(-0.5,0.37,0.74));
#1384 = VECTOR('',#1385,1.);
#1385 = DIRECTION('',(1.,0.,0.));
#1386 = PLANE('',#1387);
#1387 = AXIS2_PLACEMENT_3D('',#1388,#1389,#1390);
#1388 = CARTESIAN_POINT('',(-0.5,0.37,3.E-02));
#1389 = DIRECTION('',(0.,1.,0.));
#1390 = DIRECTION('',(0.,-0.,1.));
#1391 = ADVANCED_FACE('',(#1392),#1411,.T.);
#1392 = FACE_BOUND('',#1393,.T.);
#1393 = EDGE_LOOP('',(#1394,#1395,#1403,#1410));
#1394 = ORIENTED_EDGE('',*,*,#1250,.T.);
#1395 = ORIENTED_EDGE('',*,*,#1396,.T.);
#1396 = EDGE_CURVE('',#1243,#1397,#1399,.T.);
#1397 = VERTEX_POINT('',#1398);
#1398 = CARTESIAN_POINT('',(0.5,0.34,0.77));
#1399 = LINE('',#1400,#1401);
#1400 = CARTESIAN_POINT('',(-0.5,0.34,0.77));
#1401 = VECTOR('',#1402,1.);
#1402 = DIRECTION('',(1.,0.,0.));
#1403 = ORIENTED_EDGE('',*,*,#1404,.F.);
#1404 = EDGE_CURVE('',#1372,#1397,#1405,.T.);
#1405 = CIRCLE('',#1406,3.E-02);
#1406 = AXIS2_PLACEMENT_3D('',#1407,#1408,#1409);
#1407 = CARTESIAN_POINT('',(0.5,0.34,0.74));
#1408 = DIRECTION('',(1.,0.,-0.));
#1409 = DIRECTION('',(0.,0.,1.));
#1410 = ORIENTED_EDGE('',*,*,#1381,.F.);
#1411 = CYLINDRICAL_SURFACE('',#1412,3.E-02);
#1412 = AXIS2_PLACEMENT_3D('',#1413,#1414,#1415);
#1413 = CARTESIAN_POINT('',(-0.5,0.34,0.74));
#1414 = DIRECTION('',(1.,0.,0.));
#1415 = DIRECTION('',(-0.,1.,0.));
#1416 = ADVANCED_FACE('',(#1417),#1435,.T.);
#1417 = FACE_BOUND('',#1418,.T.);
#1418 = EDGE_LOOP('',(#1419,#1420,#1428,#1434));
#1419 = ORIENTED_EDGE('',*,*,#1242,.F.);
#1420 = ORIENTED_EDGE('',*,*,#1421,.T.);
#1421 = EDGE_CURVE('',#1234,#1422,#1424,.T.);
#1422 = VERTEX_POINT('',#1423);
#1423 = CARTESIAN_POINT('',(0.5,-0.34,0.77));
#1424 = LINE('',#1425,#1426);
#1425 = CARTESIAN_POINT('',(-0.5,-0.34,0.77));
#1426 = VECTOR('',#1427,1.);
#1427 = DIRECTION('',(1.,0.,0.));
#1428 = ORIENTED_EDGE('',*,*,#1429,.T.);
#1429 = EDGE_CURVE('',#1422,#1397,#1430,.T.);
#1430 = LINE('',#1431,#1432);
#1431 = CARTESIAN_POINT('',(0.5,-0.37,0.77));
#1432 = VECTOR('',#1433,1.);
#1433 = DIRECTION('',(0.,1.,0.));
#1434 = ORIENTED_EDGE('',*,*,#1396,.F.);
#1435 = PLANE('',#1436);
#1436 = AXIS2_PLACEMENT_3D('',#1437,#1438,#1439);
#1437 = CARTESIAN_POINT('',(-0.5,-0.37,0.77));
#1438 = DIRECTION('',(0.,0.,1.));
#1439 = DIRECTION('',(1.,0.,-0.));
#1440 = ADVANCED_FACE('',(#1441),#1460,.T.);
#1441 = FACE_BOUND('',#1442,.T.);
#1442 = EDGE_LOOP('',(#1443,#1451,#1458,#1459));
#1443 = ORIENTED_EDGE('',*,*,#1444,.T.);
#1444 = EDGE_CURVE('',#1226,#1445,#1447,.T.);
#1445 = VERTEX_POINT('',#1446);
#1446 = CARTESIAN_POINT('',(0.5,-0.37,0.74));
#1447 = LINE('',#1448,#1449);
#1448 = CARTESIAN_POINT('',(-0.5,-0.37,0.74));
#1449 = VECTOR('',#1450,1.);
#1450 = DIRECTION('',(1.,0.,0.));
#1451 = ORIENTED_EDGE('',*,*,#1452,.T.);
#1452 = EDGE_CURVE('',#1445,#1422,#1453,.T.);
#1453 = CIRCLE('',#1454,3.E-02);
#1454 = AXIS2_PLACEMENT_3D('',#1455,#1456,#1457);
#1455 = CARTESIAN_POINT('',(0.5,-0.34,0.74));
#1456 = DIRECTION('',(-1.,0.,0.));
#1457 = DIRECTION('',(0.,0.,1.));
#1458 = ORIENTED_EDGE('',*,*,#1421,.F.);
#1459 = ORIENTED_EDGE('',*,*,#1233,.F.);
#1460 = CYLINDRICAL_SURFACE('',#1461,3.E-02);
#1461 = AXIS2_PLACEMENT_3D('',#1462,#1463,#1464);
#1462 = CARTESIAN_POINT('',(-0.5,-0.34,0.74));
#1463 = DIRECTION('',(1.,0.,0.));
#1464 = DIRECTION('',(0.,-1.,0.));
#1465 = ADVANCED_FACE('',(#1466),#1477,.F.);
#1466 = FACE_BOUND('',#1467,.F.);
#1467 = EDGE_LOOP('',(#1468,#1474,#1475,#1476));
#1468 = ORIENTED_EDGE('',*,*,#1469,.F.);
#1469 = EDGE_CURVE('',#1300,#1445,#1470,.T.);
#1470 = LINE('',#1471,#1472);
#1471 = CARTESIAN_POINT('',(0.5,-0.37,3.E-02));
#1472 = VECTOR('',#1473,1.);
#1473 = DIRECTION('',(0.,0.,1.));
#1474 = ORIENTED_EDGE('',*,*,#1308,.F.);
#1475 = ORIENTED_EDGE('',*,*,#1225,.T.);
#1476 = ORIENTED_EDGE('',*,*,#1444,.T.);
#1477 = PLANE('',#1478);
#1478 = AXIS2_PLACEMENT_3D('',#1479,#1480,#1481);
#1479 = CARTESIAN_POINT('',(-0.5,-0.37,3.E-02));
#1480 = DIRECTION('',(0.,1.,0.));
#1481 = DIRECTION('',(0.,-0.,1.));
#1482 = ADVANCED_FACE('',(#1483,#1553),#1563,.F.);
#1483 = FACE_BOUND('',#1484,.F.);
#1484 = EDGE_LOOP('',(#1485,#1495,#1504,#1512,#1521,#1529,#1538,#1546));
#1485 = ORIENTED_EDGE('',*,*,#1486,.F.);
#1486 = EDGE_CURVE('',#1487,#1489,#1491,.T.);
#1487 = VERTEX_POINT('',#1488);
#1488 = CARTESIAN_POINT('',(0.5,-0.4,3.E-02));
#1489 = VERTEX_POINT('',#1490);
#1490 = CARTESIAN_POINT('',(0.5,-0.4,0.77));
#1491 = LINE('',#1492,#1493);
#1492 = CARTESIAN_POINT('',(0.5,-0.4,0.));
#1493 = VECTOR('',#1494,1.);
#1494 = DIRECTION('',(0.,0.,1.));
#1495 = ORIENTED_EDGE('',*,*,#1496,.T.);
#1496 = EDGE_CURVE('',#1487,#1497,#1499,.T.);
#1497 = VERTEX_POINT('',#1498);
#1498 = CARTESIAN_POINT('',(0.5,-0.37,0.));
#1499 = CIRCLE('',#1500,3.E-02);
#1500 = AXIS2_PLACEMENT_3D('',#1501,#1502,#1503);
#1501 = CARTESIAN_POINT('',(0.5,-0.37,3.E-02));
#1502 = DIRECTION('',(1.,0.,-0.));
#1503 = DIRECTION('',(0.,0.,1.));
#1504 = ORIENTED_EDGE('',*,*,#1505,.T.);
#1505 = EDGE_CURVE('',#1497,#1506,#1508,.T.);
#1506 = VERTEX_POINT('',#1507);
#1507 = CARTESIAN_POINT('',(0.5,0.37,0.));
#1508 = LINE('',#1509,#1510);
#1509 = CARTESIAN_POINT('',(0.5,-0.4,0.));
#1510 = VECTOR('',#1511,1.);
#1511 = DIRECTION('',(0.,1.,0.));
#1512 = ORIENTED_EDGE('',*,*,#1513,.F.);
#1513 = EDGE_CURVE('',#1514,#1506,#1516,.T.);
#1514 = VERTEX_POINT('',#1515);
#1515 = CARTESIAN_POINT('',(0.5,0.4,3.E-02));
#1516 = CIRCLE('',#1517,3.E-02);
#1517 = AXIS2_PLACEMENT_3D('',#1518,#1519,#1520);
#1518 = CARTESIAN_POINT('',(0.5,0.37,3.E-02));
#1519 = DIRECTION('',(-1.,0.,0.));
#1520 = DIRECTION('',(0.,0.,1.));
#1521 = ORIENTED_EDGE('',*,*,#1522,.T.);
#1522 = EDGE_CURVE('',#1514,#1523,#1525,.T.);
#1523 = VERTEX_POINT('',#1524);
#1524 = CARTESIAN_POINT('',(0.5,0.4,0.77));
#1525 = LINE('',#1526,#1527);
#1526 = CARTESIAN_POINT('',(0.5,0.4,0.));
#1527 = VECTOR('',#1528,1.);
#1528 = DIRECTION('',(0.,0.,1.));
#1529 = ORIENTED_EDGE('',*,*,#1530,.T.);
#1530 = EDGE_CURVE('',#1523,#1531,#1533,.T.);
#1531 = VERTEX_POINT('',#1532);
#1532 = CARTESIAN_POINT('',(0.5,0.37,0.8));
#1533 = CIRCLE('',#1534,3.E-02);
#1534 = AXIS2_PLACEMENT_3D('',#1535,#1536,#1537);
#1535 = CARTESIAN_POINT('',(0.5,0.37,0.77));
#1536 = DIRECTION('',(1.,0.,-0.));
#1537 = DIRECTION('',(0.,0.,1.));
#1538 = ORIENTED_EDGE('',*,*,#1539,.F.);
#1539 = EDGE_CURVE('',#1540,#1531,#1542,.T.);
#1540 = VERTEX_POINT('',#1541);
#1541 = CARTESIAN_POINT('',(0.5,-0.37,0.8));
#1542 = LINE('',#1543,#1544);
#1543 = CARTESIAN_POINT('',(0.5,-0.4,0.8));
#1544 = VECTOR('',#1545,1.);
#1545 = DIRECTION('',(0.,1.,0.));
#1546 = ORIENTED_EDGE('',*,*,#1547,.F.);
#1547 = EDGE_CURVE('',#1489,#1540,#1548,.T.);
#1548 = CIRCLE('',#1549,3.E-02);
#1549 = AXIS2_PLACEMENT_3D('',#1550,#1551,#1552);
#1550 = CARTESIAN_POINT('',(0.5,-0.37,0.77));
#1551 = DIRECTION('',(-1.,0.,0.));
#1552 = DIRECTION('',(0.,0.,1.));
#1553 = FACE_BOUND('',#1554,.F.);
#1554 = EDGE_LOOP('',(#1555,#1556,#1557,#1558,#1559,#1560,#1561,#1562));
#1555 = ORIENTED_EDGE('',*,*,#1299,.F.);
#1556 = ORIENTED_EDGE('',*,*,#1469,.T.);
#1557 = ORIENTED_EDGE('',*,*,#1452,.T.);
#1558 = ORIENTED_EDGE('',*,*,#1429,.T.);
#1559 = ORIENTED_EDGE('',*,*,#1404,.F.);
#1560 = ORIENTED_EDGE('',*,*,#1371,.F.);
#1561 = ORIENTED_EDGE('',*,*,#1354,.T.);
#1562 = ORIENTED_EDGE('',*,*,#1324,.F.);
#1563 = PLANE('',#1564);
#1564 = AXIS2_PLACEMENT_3D('',#1565,#1566,#1567);
#1565 = CARTESIAN_POINT('',(0.5,-0.4,0.));
#1566 = DIRECTION('',(1.,0.,0.));
#1567 = DIRECTION('',(0.,0.,1.));
#1568 = ADVANCED_FACE('',(#1569),#1594,.F.);
#1569 = FACE_BOUND('',#1570,.F.);
#1570 = EDGE_LOOP('',(#1571,#1581,#1587,#1588));
#1571 = ORIENTED_EDGE('',*,*,#1572,.F.);
#1572 = EDGE_CURVE('',#1573,#1575,#1577,.T.);
#1573 = VERTEX_POINT('',#1574);
#1574 = CARTESIAN_POINT('',(0.8,-0.4,3.E-02));
#1575 = VERTEX_POINT('',#1576);
#1576 = CARTESIAN_POINT('',(0.8,-0.4,0.77));
#1577 = LINE('',#1578,#1579);
#1578 = CARTESIAN_POINT('',(0.8,-0.4,0.));
#1579 = VECTOR('',#1580,1.);
#1580 = DIRECTION('',(0.,0.,1.));
#1581 = ORIENTED_EDGE('',*,*,#1582,.F.);
#1582 = EDGE_CURVE('',#1487,#1573,#1583,.T.);
#1583 = LINE('',#1584,#1585);
#1584 = CARTESIAN_POINT('',(0.5,-0.4,3.E-02));
#1585 = VECTOR('',#1586,1.);
#1586 = DIRECTION('',(1.,0.,0.));
#1587 = ORIENTED_EDGE('',*,*,#1486,.T.);
#1588 = ORIENTED_EDGE('',*,*,#1589,.T.);
#1589 = EDGE_CURVE('',#1489,#1575,#1590,.T.);
#1590 = LINE('',#1591,#1592);
#1591 = CARTESIAN_POINT('',(0.5,-0.4,0.77));
#1592 = VECTOR('',#1593,1.);
#1593 = DIRECTION('',(1.,0.,0.));
#1594 = PLANE('',#1595);
#1595 = AXIS2_PLACEMENT_3D('',#1596,#1597,#1598);
#1596 = CARTESIAN_POINT('',(0.5,-0.4,0.));
#1597 = DIRECTION('',(0.,1.,0.));
#1598 = DIRECTION('',(0.,-0.,1.));
#1599 = ADVANCED_FACE('',(#1600),#1619,.T.);
#1600 = FACE_BOUND('',#1601,.T.);
#1601 = EDGE_LOOP('',(#1602,#1603,#1611,#1618));
#1602 = ORIENTED_EDGE('',*,*,#1496,.T.);
#1603 = ORIENTED_EDGE('',*,*,#1604,.T.);
#1604 = EDGE_CURVE('',#1497,#1605,#1607,.T.);
#1605 = VERTEX_POINT('',#1606);
#1606 = CARTESIAN_POINT('',(0.8,-0.37,0.));
#1607 = LINE('',#1608,#1609);
#1608 = CARTESIAN_POINT('',(0.5,-0.37,0.));
#1609 = VECTOR('',#1610,1.);
#1610 = DIRECTION('',(1.,0.,0.));
#1611 = ORIENTED_EDGE('',*,*,#1612,.F.);
#1612 = EDGE_CURVE('',#1573,#1605,#1613,.T.);
#1613 = CIRCLE('',#1614,3.E-02);
#1614 = AXIS2_PLACEMENT_3D('',#1615,#1616,#1617);
#1615 = CARTESIAN_POINT('',(0.8,-0.37,3.E-02));
#1616 = DIRECTION('',(1.,0.,-0.));
#1617 = DIRECTION('',(0.,0.,1.));
#1618 = ORIENTED_EDGE('',*,*,#1582,.F.);
#1619 = CYLINDRICAL_SURFACE('',#1620,3.E-02);
#1620 = AXIS2_PLACEMENT_3D('',#1621,#1622,#1623);
#1621 = CARTESIAN_POINT('',(0.5,-0.37,3.E-02));
#1622 = DIRECTION('',(1.,0.,0.));
#1623 = DIRECTION('',(0.,-1.,0.));
#1624 = ADVANCED_FACE('',(#1625),#1644,.T.);
#1625 = FACE_BOUND('',#1626,.T.);
#1626 = EDGE_LOOP('',(#1627,#1628,#1637,#1643));
#1627 = ORIENTED_EDGE('',*,*,#1589,.T.);
#1628 = ORIENTED_EDGE('',*,*,#1629,.T.);
#1629 = EDGE_CURVE('',#1575,#1630,#1632,.T.);
#1630 = VERTEX_POINT('',#1631);
#1631 = CARTESIAN_POINT('',(0.8,-0.37,0.8));
#1632 = CIRCLE('',#1633,3.E-02);
#1633 = AXIS2_PLACEMENT_3D('',#1634,#1635,#1636);
#1634 = CARTESIAN_POINT('',(0.8,-0.37,0.77));
#1635 = DIRECTION('',(-1.,0.,0.));
#1636 = DIRECTION('',(0.,0.,1.));
#1637 = ORIENTED_EDGE('',*,*,#1638,.F.);
#1638 = EDGE_CURVE('',#1540,#1630,#1639,.T.);
#1639 = LINE('',#1640,#1641);
#1640 = CARTESIAN_POINT('',(0.5,-0.37,0.8));
#1641 = VECTOR('',#1642,1.);
#1642 = DIRECTION('',(1.,0.,0.));
#1643 = ORIENTED_EDGE('',*,*,#1547,.F.);
#1644 = CYLINDRICAL_SURFACE('',#1645,3.E-02);
#1645 = AXIS2_PLACEMENT_3D('',#1646,#1647,#1648);
#1646 = CARTESIAN_POINT('',(0.5,-0.37,0.77));
#1647 = DIRECTION('',(1.,0.,0.));
#1648 = DIRECTION('',(0.,-1.,0.));
#1649 = ADVANCED_FACE('',(#1650),#1668,.F.);
#1650 = FACE_BOUND('',#1651,.F.);
#1651 = EDGE_LOOP('',(#1652,#1653,#1654,#1662));
#1652 = ORIENTED_EDGE('',*,*,#1505,.F.);
#1653 = ORIENTED_EDGE('',*,*,#1604,.T.);
#1654 = ORIENTED_EDGE('',*,*,#1655,.T.);
#1655 = EDGE_CURVE('',#1605,#1656,#1658,.T.);
#1656 = VERTEX_POINT('',#1657);
#1657 = CARTESIAN_POINT('',(0.8,0.37,0.));
#1658 = LINE('',#1659,#1660);
#1659 = CARTESIAN_POINT('',(0.8,-0.4,0.));
#1660 = VECTOR('',#1661,1.);
#1661 = DIRECTION('',(0.,1.,0.));
#1662 = ORIENTED_EDGE('',*,*,#1663,.F.);
#1663 = EDGE_CURVE('',#1506,#1656,#1664,.T.);
#1664 = LINE('',#1665,#1666);
#1665 = CARTESIAN_POINT('',(0.5,0.37,0.));
#1666 = VECTOR('',#1667,1.);
#1667 = DIRECTION('',(1.,0.,0.));
#1668 = PLANE('',#1669);
#1669 = AXIS2_PLACEMENT_3D('',#1670,#1671,#1672);
#1670 = CARTESIAN_POINT('',(0.5,-0.4,0.));
#1671 = DIRECTION('',(0.,0.,1.));
#1672 = DIRECTION('',(1.,0.,-0.));
#1673 = ADVANCED_FACE('',(#1674),#1692,.T.);
#1674 = FACE_BOUND('',#1675,.T.);
#1675 = EDGE_LOOP('',(#1676,#1677,#1678,#1686));
#1676 = ORIENTED_EDGE('',*,*,#1539,.F.);
#1677 = ORIENTED_EDGE('',*,*,#1638,.T.);
#1678 = ORIENTED_EDGE('',*,*,#1679,.T.);
#1679 = EDGE_CURVE('',#1630,#1680,#1682,.T.);
#1680 = VERTEX_POINT('',#1681);
#1681 = CARTESIAN_POINT('',(0.8,0.37,0.8));
#1682 = LINE('',#1683,#1684);
#1683 = CARTESIAN_POINT('',(0.8,-0.4,0.8));
#1684 = VECTOR('',#1685,1.);
#1685 = DIRECTION('',(0.,1.,0.));
#1686 = ORIENTED_EDGE('',*,*,#1687,.F.);
#1687 = EDGE_CURVE('',#1531,#1680,#1688,.T.);
#1688 = LINE('',#1689,#1690);
#1689 = CARTESIAN_POINT('',(0.5,0.37,0.8));
#1690 = VECTOR('',#1691,1.);
#1691 = DIRECTION('',(1.,0.,0.));
#1692 = PLANE('',#1693);
#1693 = AXIS2_PLACEMENT_3D('',#1694,#1695,#1696);
#1694 = CARTESIAN_POINT('',(0.5,-0.4,0.8));
#1695 = DIRECTION('',(0.,0.,1.));
#1696 = DIRECTION('',(1.,0.,-0.));
#1697 = ADVANCED_FACE('',(#1698),#1717,.T.);
#1698 = FACE_BOUND('',#1699,.T.);
#1699 = EDGE_LOOP('',(#1700,#1708,#1715,#1716));
#1700 = ORIENTED_EDGE('',*,*,#1701,.T.);
#1701 = EDGE_CURVE('',#1514,#1702,#1704,.T.);
#1702 = VERTEX_POINT('',#1703);
#1703 = CARTESIAN_POINT('',(0.8,0.4,3.E-02));
#1704 = LINE('',#1705,#1706);
#1705 = CARTESIAN_POINT('',(0.5,0.4,3.E-02));
#1706 = VECTOR('',#1707,1.);
#1707 = DIRECTION('',(1.,0.,0.));
#1708 = ORIENTED_EDGE('',*,*,#1709,.T.);
#1709 = EDGE_CURVE('',#1702,#1656,#1710,.T.);
#1710 = CIRCLE('',#1711,3.E-02);
#1711 = AXIS2_PLACEMENT_3D('',#1712,#1713,#1714);
#1712 = CARTESIAN_POINT('',(0.8,0.37,3.E-02));
#1713 = DIRECTION('',(-1.,0.,0.));
#1714 = DIRECTION('',(0.,0.,1.));
#1715 = ORIENTED_EDGE('',*,*,#1663,.F.);
#1716 = ORIENTED_EDGE('',*,*,#1513,.F.);
#1717 = CYLINDRICAL_SURFACE('',#1718,3.E-02);
#1718 = AXIS2_PLACEMENT_3D('',#1719,#1720,#1721);
#1719 = CARTESIAN_POINT('',(0.5,0.37,3.E-02));
#1720 = DIRECTION('',(1.,0.,0.));
#1721 = DIRECTION('',(-0.,1.,0.));
#1722 = ADVANCED_FACE('',(#1723),#1742,.T.);
#1723 = FACE_BOUND('',#1724,.T.);
#1724 = EDGE_LOOP('',(#1725,#1726,#1727,#1736));
#1725 = ORIENTED_EDGE('',*,*,#1530,.T.);
#1726 = ORIENTED_EDGE('',*,*,#1687,.T.);
#1727 = ORIENTED_EDGE('',*,*,#1728,.F.);
#1728 = EDGE_CURVE('',#1729,#1680,#1731,.T.);
#1729 = VERTEX_POINT('',#1730);
#1730 = CARTESIAN_POINT('',(0.8,0.4,0.77));
#1731 = CIRCLE('',#1732,3.E-02);
#1732 = AXIS2_PLACEMENT_3D('',#1733,#1734,#1735);
#1733 = CARTESIAN_POINT('',(0.8,0.37,0.77));
#1734 = DIRECTION('',(1.,0.,-0.));
#1735 = DIRECTION('',(0.,0.,1.));
#1736 = ORIENTED_EDGE('',*,*,#1737,.F.);
#1737 = EDGE_CURVE('',#1523,#1729,#1738,.T.);
#1738 = LINE('',#1739,#1740);
#1739 = CARTESIAN_POINT('',(0.5,0.4,0.77));
#1740 = VECTOR('',#1741,1.);
#1741 = DIRECTION('',(1.,0.,0.));
#1742 = CYLINDRICAL_SURFACE('',#1743,3.E-02);
#1743 = AXIS2_PLACEMENT_3D('',#1744,#1745,#1746);
#1744 = CARTESIAN_POINT('',(0.5,0.37,0.77));
#1745 = DIRECTION('',(1.,0.,0.));
#1746 = DIRECTION('',(-0.,1.,0.));
#1747 = ADVANCED_FACE('',(#1748),#1759,.T.);
#1748 = FACE_BOUND('',#1749,.T.);
#1749 = EDGE_LOOP('',(#1750,#1756,#1757,#1758));
#1750 = ORIENTED_EDGE('',*,*,#1751,.F.);
#1751 = EDGE_CURVE('',#1702,#1729,#1752,.T.);
#1752 = LINE('',#1753,#1754);
#1753 = CARTESIAN_POINT('',(0.8,0.4,0.));
#1754 = VECTOR('',#1755,1.);
#1755 = DIRECTION('',(0.,0.,1.));
#1756 = ORIENTED_EDGE('',*,*,#1701,.F.);
#1757 = ORIENTED_EDGE('',*,*,#1522,.T.);
#1758 = ORIENTED_EDGE('',*,*,#1737,.T.);
#1759 = PLANE('',#1760);
#1760 = AXIS2_PLACEMENT_3D('',#1761,#1762,#1763);
#1761 = CARTESIAN_POINT('',(0.5,0.4,0.));
#1762 = DIRECTION('',(0.,1.,0.));
#1763 = DIRECTION('',(0.,-0.,1.));
#1764 = ADVANCED_FACE('',(#1765),#1775,.T.);
#1765 = FACE_BOUND('',#1766,.T.);
#1766 = EDGE_LOOP('',(#1767,#1768,#1769,#1770,#1771,#1772,#1773,#1774));
#1767 = ORIENTED_EDGE('',*,*,#1572,.F.);
#1768 = ORIENTED_EDGE('',*,*,#1612,.T.);
#1769 = ORIENTED_EDGE('',*,*,#1655,.T.);
#1770 = ORIENTED_EDGE('',*,*,#1709,.F.);
#1771 = ORIENTED_EDGE('',*,*,#1751,.T.);
#1772 = ORIENTED_EDGE('',*,*,#1728,.T.);
#1773 = ORIENTED_EDGE('',*,*,#1679,.F.);
#1774 = ORIENTED_EDGE('',*,*,#1629,.F.);
#1775 = PLANE('',#1776);
#1776 = AXIS2_PLACEMENT_3D('',#1777,#1778,#1779);
#1777 = CARTESIAN_POINT('',(0.8,-0.4,0.));
#1778 = DIRECTION('',(1.,0.,0.));
#1779 = DIRECTION('',(0.,0.,1.));
#1780 = ( GEOMETRIC_REPRESENTATION_CONTEXT(3) 
GLOBAL_UNCERTAINTY_ASSIGNED_CONTEXT((#1784)) 
GLOBAL_UNIT_ASSIGNED_CONTEXT((#1781,#1782,#1783)) REPRESENTATION_CONTEXT
('Context #1','3D Context with UNIT and UNCERTAINTY') );
#1781 = ( LENGTH_UNIT() NAMED_UNIT(*) SI_UNIT(.MILLI.,.METRE.) );
#1782 = ( NAMED_UNIT(*) PLANE_ANGLE_UNIT() SI_UNIT($,.RADIAN.) );
#1783 = ( NAMED_UNIT(*) SI_UNIT($,.STERADIAN.) SOLID_ANGLE_UNIT() );
#1784 = UNCERTAINTY_MEASURE_WITH_UNIT(LENGTH_MEASURE(1.E-07),#1781,
  'distance_accuracy_value','confusion accuracy');
#1785 = CONTEXT_DEPENDENT_SHAPE_REPRESENTATION(#1786,#1788);
#1786 = ( REPRESENTATION_RELATIONSHIP('','',#925,#10) 
REPRESENTATION_RELATIONSHIP_WITH_TRANSFORMATION(#1787) 
SHAPE_REPRESENTATION_RELATIONSHIP() );
#1787 = ITEM_DEFINED_TRANSFORMATION('','',#11,#19);
#1788 = PRODUCT_DEFINITION_SHAPE('Placement','Placement of an item',
  #1789);
#1789 = NEXT_ASSEMBLY_USAGE_OCCURRENCE('2','C1','',#5,#920,$);
#1790 = PRODUCT_RELATED_PRODUCT_CATEGORY('part',$,(#922));
#1791 = CONTEXT_DEPENDENT_SHAPE_REPRESENTATION(#1792,#1794);
#1792 = ( REPRESENTATION_RELATIONSHIP('','',#116,#10) 
REPRESENTATION_RELATIONSHIP_WITH_TRANSFORMATION(#1793) 
SHAPE_REPRESENTATION_RELATIONSHIP() );
#1793 = ITEM_DEFINED_TRANSFORMATION('','',#11,#23);
#1794 = PRODUCT_DEFINITION_SHAPE('Placement','Placement of an item',
  #1795);
#1795 = NEXT_ASSEMBLY_USAGE_OCCURRENCE('3','R5','',#5,#111,$);
#1796 = CONTEXT_DEPENDENT_SHAPE_REPRESENTATION(#1797,#1799);
#1797 = ( REPRESENTATION_RELATIONSHIP('','',#925,#10) 
REPRESENTATION_RELATIONSHIP_WITH_TRANSFORMATION(#1798) 
SHAPE_REPRESENTATION_RELATIONSHIP() );
#1798 = ITEM_DEFINED_TRANSFORMATION('','',#11,#27);
#1799 = PRODUCT_DEFINITION_SHAPE('Placement','Placement of an item',
  #1800);
#1800 = NEXT_ASSEMBLY_USAGE_OCCURRENCE('4','C3','',#5,#920,$);
#1801 = SHAPE_DEFINITION_REPRESENTATION(#1802,#1808);
#1802 = PRODUCT_DEFINITION_SHAPE('','',#1803);
#1803 = PRODUCT_DEFINITION('design','',#1804,#1807);
#1804 = PRODUCT_DEFINITION_FORMATION('','',#1805);
#1805 = PRODUCT('SOT-23-6','SOT-23-6','',(#1806));
#1806 = PRODUCT_CONTEXT('',#2,'mechanical');
#1807 = PRODUCT_DEFINITION_CONTEXT('part definition',#2,'design');
#1808 = ADVANCED_BREP_SHAPE_REPRESENTATION('',(#11,#1809),#5345);
#1809 = MANIFOLD_SOLID_BREP('',#1810);
#1810 = CLOSED_SHELL('',(#1811,#1849,#1912,#1935,#1964,#1987,#2058,#2129
    ,#2152,#2175,#2192,#2215,#2303,#2319,#2349,#2380,#2411,#2442,#2473,
    #2504,#2521,#2538,#2569,#2600,#2631,#2662,#2693,#2723,#2746,#2769,
    #2786,#2831,#2901,#2924,#2947,#2970,#3041,#3079,#3128,#3220,#3245,
    #3329,#3351,#3443,#3468,#3552,#3569,#3654,#3679,#3756,#3841,#3866,
    #3943,#3960,#4052,#4077,#4161,#4183,#4275,#4300,#4384,#4401,#4420,
    #4439,#4485,#4501,#4520,#4539,#4555,#4572,#4584,#4601,#4618,#4635,
    #4652,#4669,#4686,#4703,#4715,#4732,#4749,#4766,#4783,#4800,#4817,
    #4834,#4846,#4863,#4880,#4897,#4914,#4931,#4948,#4960,#4977,#4994,
    #5011,#5028,#5045,#5062,#5074,#5091,#5108,#5125,#5142,#5159,#5176,
    #5193,#5205,#5222,#5239,#5256,#5273,#5290,#5307,#5324,#5336));
#1811 = ADVANCED_FACE('',(#1812),#1844,.F.);
#1812 = FACE_BOUND('',#1813,.F.);
#1813 = EDGE_LOOP('',(#1814,#1824,#1831,#1839));
#1814 = ORIENTED_EDGE('',*,*,#1815,.T.);
#1815 = EDGE_CURVE('',#1816,#1818,#1820,.T.);
#1816 = VERTEX_POINT('',#1817);
#1817 = CARTESIAN_POINT('',(-0.659324228722,1.358648457443,0.1));
#1818 = VERTEX_POINT('',#1819);
#1819 = CARTESIAN_POINT('',(0.659324228722,1.358648457443,0.1));
#1820 = LINE('',#1821,#1822);
#1821 = CARTESIAN_POINT('',(-0.659324228722,1.358648457443,0.1));
#1822 = VECTOR('',#1823,1.);
#1823 = DIRECTION('',(1.,1.110223024625E-16,0.));
#1824 = ORIENTED_EDGE('',*,*,#1825,.T.);
#1825 = EDGE_CURVE('',#1818,#1826,#1828,.T.);
#1826 = VERTEX_POINT('',#1827);
#1827 = CARTESIAN_POINT('',(0.705,1.45,0.75));
#1828 = B_SPLINE_CURVE_WITH_KNOTS('',1,(#1829,#1830),.UNSPECIFIED.,.F.,
  .F.,(2,2),(0.,1.),.PIECEWISE_BEZIER_KNOTS.);
#1829 = CARTESIAN_POINT('',(0.659324228722,1.358648457443,0.1));
#1830 = CARTESIAN_POINT('',(0.705,1.45,0.75));
#1831 = ORIENTED_EDGE('',*,*,#1832,.F.);
#1832 = EDGE_CURVE('',#1833,#1826,#1835,.T.);
#1833 = VERTEX_POINT('',#1834);
#1834 = CARTESIAN_POINT('',(-0.705,1.45,0.75));
#1835 = LINE('',#1836,#1837);
#1836 = CARTESIAN_POINT('',(-0.705,1.45,0.75));
#1837 = VECTOR('',#1838,1.);
#1838 = DIRECTION('',(1.,1.110223024625E-16,0.));
#1839 = ORIENTED_EDGE('',*,*,#1840,.F.);
#1840 = EDGE_CURVE('',#1816,#1833,#1841,.T.);
#1841 = B_SPLINE_CURVE_WITH_KNOTS('',1,(#1842,#1843),.UNSPECIFIED.,.F.,
  .F.,(2,2),(0.,1.),.PIECEWISE_BEZIER_KNOTS.);
#1842 = CARTESIAN_POINT('',(-0.659324228722,1.358648457443,0.1));
#1843 = CARTESIAN_POINT('',(-0.705,1.45,0.75));
#1844 = B_SPLINE_SURFACE_WITH_KNOTS('',1,1,(
    (#1845,#1846)
    ,(#1847,#1848
    )),.UNSPECIFIED.,.F.,.F.,.F.,(2,2),(2,2),(0.,1.41),(0.,1.),
  .PIECEWISE_BEZIER_KNOTS.);
#1845 = CARTESIAN_POINT('',(-0.659324228722,1.358648457443,0.1));
#1846 = CARTESIAN_POINT('',(-0.705,1.45,0.75));
#1847 = CARTESIAN_POINT('',(0.659324228722,1.358648457443,0.1));
#1848 = CARTESIAN_POINT('',(0.705,1.45,0.75));
#1849 = ADVANCED_FACE('',(#1850),#1907,.F.);
#1850 = FACE_BOUND('',#1851,.T.);
#1851 = EDGE_LOOP('',(#1852,#1853,#1861,#1869,#1877,#1885,#1893,#1901));
#1852 = ORIENTED_EDGE('',*,*,#1815,.T.);
#1853 = ORIENTED_EDGE('',*,*,#1854,.T.);
#1854 = EDGE_CURVE('',#1818,#1855,#1857,.T.);
#1855 = VERTEX_POINT('',#1856);
#1856 = CARTESIAN_POINT('',(0.708648457443,1.309324228722,0.1));
#1857 = LINE('',#1858,#1859);
#1858 = CARTESIAN_POINT('',(0.659324228722,1.358648457443,0.1));
#1859 = VECTOR('',#1860,1.);
#1860 = DIRECTION('',(0.707106781187,-0.707106781187,0.));
#1861 = ORIENTED_EDGE('',*,*,#1862,.T.);
#1862 = EDGE_CURVE('',#1855,#1863,#1865,.T.);
#1863 = VERTEX_POINT('',#1864);
#1864 = CARTESIAN_POINT('',(0.708648457443,-1.309324228722,0.1));
#1865 = LINE('',#1866,#1867);
#1866 = CARTESIAN_POINT('',(0.708648457443,1.309324228722,0.1));
#1867 = VECTOR('',#1868,1.);
#1868 = DIRECTION('',(1.110223024625E-16,-1.,0.));
#1869 = ORIENTED_EDGE('',*,*,#1870,.T.);
#1870 = EDGE_CURVE('',#1863,#1871,#1873,.T.);
#1871 = VERTEX_POINT('',#1872);
#1872 = CARTESIAN_POINT('',(0.659324228722,-1.358648457443,0.1));
#1873 = LINE('',#1874,#1875);
#1874 = CARTESIAN_POINT('',(0.708648457443,-1.309324228722,0.1));
#1875 = VECTOR('',#1876,1.);
#1876 = DIRECTION('',(-0.707106781187,-0.707106781187,0.));
#1877 = ORIENTED_EDGE('',*,*,#1878,.T.);
#1878 = EDGE_CURVE('',#1871,#1879,#1881,.T.);
#1879 = VERTEX_POINT('',#1880);
#1880 = CARTESIAN_POINT('',(-0.659324228722,-1.358648457443,0.1));
#1881 = LINE('',#1882,#1883);
#1882 = CARTESIAN_POINT('',(0.659324228722,-1.358648457443,0.1));
#1883 = VECTOR('',#1884,1.);
#1884 = DIRECTION('',(-1.,-1.110223024625E-16,0.));
#1885 = ORIENTED_EDGE('',*,*,#1886,.T.);
#1886 = EDGE_CURVE('',#1879,#1887,#1889,.T.);
#1887 = VERTEX_POINT('',#1888);
#1888 = CARTESIAN_POINT('',(-0.708648457443,-1.309324228722,0.1));
#1889 = LINE('',#1890,#1891);
#1890 = CARTESIAN_POINT('',(-0.659324228722,-1.358648457443,0.1));
#1891 = VECTOR('',#1892,1.);
#1892 = DIRECTION('',(-0.707106781187,0.707106781187,0.));
#1893 = ORIENTED_EDGE('',*,*,#1894,.T.);
#1894 = EDGE_CURVE('',#1887,#1895,#1897,.T.);
#1895 = VERTEX_POINT('',#1896);
#1896 = CARTESIAN_POINT('',(-0.708648457443,1.309324228722,0.1));
#1897 = LINE('',#1898,#1899);
#1898 = CARTESIAN_POINT('',(-0.708648457443,-1.309324228722,0.1));
#1899 = VECTOR('',#1900,1.);
#1900 = DIRECTION('',(-1.110223024625E-16,1.,0.));
#1901 = ORIENTED_EDGE('',*,*,#1902,.T.);
#1902 = EDGE_CURVE('',#1895,#1816,#1903,.T.);
#1903 = LINE('',#1904,#1905);
#1904 = CARTESIAN_POINT('',(-0.708648457443,1.309324228722,0.1));
#1905 = VECTOR('',#1906,1.);
#1906 = DIRECTION('',(0.707106781187,0.707106781187,0.));
#1907 = PLANE('',#1908);
#1908 = AXIS2_PLACEMENT_3D('',#1909,#1910,#1911);
#1909 = CARTESIAN_POINT('',(-0.659324228722,1.358648457443,0.1));
#1910 = DIRECTION('',(0.,0.,1.));
#1911 = DIRECTION('',(0.436587433964,-0.899661832304,0.));
#1912 = ADVANCED_FACE('',(#1913),#1930,.F.);
#1913 = FACE_BOUND('',#1914,.F.);
#1914 = EDGE_LOOP('',(#1915,#1916,#1923,#1929));
#1915 = ORIENTED_EDGE('',*,*,#1854,.T.);
#1916 = ORIENTED_EDGE('',*,*,#1917,.T.);
#1917 = EDGE_CURVE('',#1855,#1918,#1920,.T.);
#1918 = VERTEX_POINT('',#1919);
#1919 = CARTESIAN_POINT('',(0.8,1.355,0.75));
#1920 = B_SPLINE_CURVE_WITH_KNOTS('',1,(#1921,#1922),.UNSPECIFIED.,.F.,
  .F.,(2,2),(0.,1.),.PIECEWISE_BEZIER_KNOTS.);
#1921 = CARTESIAN_POINT('',(0.708648457443,1.309324228722,0.1));
#1922 = CARTESIAN_POINT('',(0.8,1.355,0.75));
#1923 = ORIENTED_EDGE('',*,*,#1924,.F.);
#1924 = EDGE_CURVE('',#1826,#1918,#1925,.T.);
#1925 = LINE('',#1926,#1927);
#1926 = CARTESIAN_POINT('',(0.705,1.45,0.75));
#1927 = VECTOR('',#1928,1.);
#1928 = DIRECTION('',(0.707106781187,-0.707106781187,0.));
#1929 = ORIENTED_EDGE('',*,*,#1825,.F.);
#1930 = B_SPLINE_SURFACE_WITH_KNOTS('',1,1,(
    (#1931,#1932)
    ,(#1933,#1934
    )),.UNSPECIFIED.,.F.,.F.,.F.,(2,2),(2,2),(0.,0.134350288425),(0.,1.)
  ,.PIECEWISE_BEZIER_KNOTS.);
#1931 = CARTESIAN_POINT('',(0.659324228722,1.358648457443,0.1));
#1932 = CARTESIAN_POINT('',(0.705,1.45,0.75));
#1933 = CARTESIAN_POINT('',(0.708648457443,1.309324228722,0.1));
#1934 = CARTESIAN_POINT('',(0.8,1.355,0.75));
#1935 = ADVANCED_FACE('',(#1936),#1959,.F.);
#1936 = FACE_BOUND('',#1937,.F.);
#1937 = EDGE_LOOP('',(#1938,#1939,#1946,#1954));
#1938 = ORIENTED_EDGE('',*,*,#1832,.T.);
#1939 = ORIENTED_EDGE('',*,*,#1940,.T.);
#1940 = EDGE_CURVE('',#1826,#1941,#1943,.T.);
#1941 = VERTEX_POINT('',#1942);
#1942 = CARTESIAN_POINT('',(0.705,1.45,0.9));
#1943 = B_SPLINE_CURVE_WITH_KNOTS('',1,(#1944,#1945),.UNSPECIFIED.,.F.,
  .F.,(2,2),(0.,1.),.PIECEWISE_BEZIER_KNOTS.);
#1944 = CARTESIAN_POINT('',(0.705,1.45,0.75));
#1945 = CARTESIAN_POINT('',(0.705,1.45,0.9));
#1946 = ORIENTED_EDGE('',*,*,#1947,.F.);
#1947 = EDGE_CURVE('',#1948,#1941,#1950,.T.);
#1948 = VERTEX_POINT('',#1949);
#1949 = CARTESIAN_POINT('',(-0.705,1.45,0.9));
#1950 = LINE('',#1951,#1952);
#1951 = CARTESIAN_POINT('',(-0.705,1.45,0.9));
#1952 = VECTOR('',#1953,1.);
#1953 = DIRECTION('',(1.,1.110223024625E-16,0.));
#1954 = ORIENTED_EDGE('',*,*,#1955,.F.);
#1955 = EDGE_CURVE('',#1833,#1948,#1956,.T.);
#1956 = B_SPLINE_CURVE_WITH_KNOTS('',1,(#1957,#1958),.UNSPECIFIED.,.F.,
  .F.,(2,2),(0.,1.),.PIECEWISE_BEZIER_KNOTS.);
#1957 = CARTESIAN_POINT('',(-0.705,1.45,0.75));
#1958 = CARTESIAN_POINT('',(-0.705,1.45,0.9));
#1959 = PLANE('',#1960);
#1960 = AXIS2_PLACEMENT_3D('',#1961,#1962,#1963);
#1961 = CARTESIAN_POINT('',(-0.705,1.45,0.9));
#1962 = DIRECTION('',(1.110223024625E-16,-1.,0.));
#1963 = DIRECTION('',(1.,1.110223024625E-16,0.));
#1964 = ADVANCED_FACE('',(#1965),#1982,.F.);
#1965 = FACE_BOUND('',#1966,.F.);
#1966 = EDGE_LOOP('',(#1967,#1968,#1969,#1977));
#1967 = ORIENTED_EDGE('',*,*,#1902,.T.);
#1968 = ORIENTED_EDGE('',*,*,#1840,.T.);
#1969 = ORIENTED_EDGE('',*,*,#1970,.F.);
#1970 = EDGE_CURVE('',#1971,#1833,#1973,.T.);
#1971 = VERTEX_POINT('',#1972);
#1972 = CARTESIAN_POINT('',(-0.8,1.355,0.75));
#1973 = LINE('',#1974,#1975);
#1974 = CARTESIAN_POINT('',(-0.8,1.355,0.75));
#1975 = VECTOR('',#1976,1.);
#1976 = DIRECTION('',(0.707106781187,0.707106781187,0.));
#1977 = ORIENTED_EDGE('',*,*,#1978,.F.);
#1978 = EDGE_CURVE('',#1895,#1971,#1979,.T.);
#1979 = B_SPLINE_CURVE_WITH_KNOTS('',1,(#1980,#1981),.UNSPECIFIED.,.F.,
  .F.,(2,2),(0.,1.),.PIECEWISE_BEZIER_KNOTS.);
#1980 = CARTESIAN_POINT('',(-0.708648457443,1.309324228722,0.1));
#1981 = CARTESIAN_POINT('',(-0.8,1.355,0.75));
#1982 = B_SPLINE_SURFACE_WITH_KNOTS('',1,1,(
    (#1983,#1984)
    ,(#1985,#1986
    )),.UNSPECIFIED.,.F.,.F.,.F.,(2,2),(2,2),(0.,0.134350288425),(0.,1.)
  ,.PIECEWISE_BEZIER_KNOTS.);
#1983 = CARTESIAN_POINT('',(-0.708648457443,1.309324228722,0.1));
#1984 = CARTESIAN_POINT('',(-0.8,1.355,0.75));
#1985 = CARTESIAN_POINT('',(-0.659324228722,1.358648457443,0.1));
#1986 = CARTESIAN_POINT('',(-0.705,1.45,0.75));
#1987 = ADVANCED_FACE('',(#1988),#2053,.F.);
#1988 = FACE_BOUND('',#1989,.F.);
#1989 = EDGE_LOOP('',(#1990,#1991,#1992,#2000,#2008,#2016,#2024,#2032,
    #2040,#2048));
#1990 = ORIENTED_EDGE('',*,*,#1894,.T.);
#1991 = ORIENTED_EDGE('',*,*,#1978,.T.);
#1992 = ORIENTED_EDGE('',*,*,#1993,.F.);
#1993 = EDGE_CURVE('',#1994,#1971,#1996,.T.);
#1994 = VERTEX_POINT('',#1995);
#1995 = CARTESIAN_POINT('',(-0.8,1.2,0.75));
#1996 = LINE('',#1997,#1998);
#1997 = CARTESIAN_POINT('',(-0.8,-1.355,0.75));
#1998 = VECTOR('',#1999,1.);
#1999 = DIRECTION('',(-1.110223024625E-16,1.,0.));
#2000 = ORIENTED_EDGE('',*,*,#2001,.F.);
#2001 = EDGE_CURVE('',#2002,#1994,#2004,.T.);
#2002 = VERTEX_POINT('',#2003);
#2003 = CARTESIAN_POINT('',(-0.8,0.7,0.75));
#2004 = LINE('',#2005,#2006);
#2005 = CARTESIAN_POINT('',(-0.8,-1.355,0.75));
#2006 = VECTOR('',#2007,1.);
#2007 = DIRECTION('',(-1.110223024625E-16,1.,0.));
#2008 = ORIENTED_EDGE('',*,*,#2009,.F.);
#2009 = EDGE_CURVE('',#2010,#2002,#2012,.T.);
#2010 = VERTEX_POINT('',#2011);
#2011 = CARTESIAN_POINT('',(-0.8,0.25,0.75));
#2012 = LINE('',#2013,#2014);
#2013 = CARTESIAN_POINT('',(-0.8,-1.355,0.75));
#2014 = VECTOR('',#2015,1.);
#2015 = DIRECTION('',(-1.110223024625E-16,1.,0.));
#2016 = ORIENTED_EDGE('',*,*,#2017,.F.);
#2017 = EDGE_CURVE('',#2018,#2010,#2020,.T.);
#2018 = VERTEX_POINT('',#2019);
#2019 = CARTESIAN_POINT('',(-0.8,-0.25,0.75));
#2020 = LINE('',#2021,#2022);
#2021 = CARTESIAN_POINT('',(-0.8,-1.355,0.75));
#2022 = VECTOR('',#2023,1.);
#2023 = DIRECTION('',(-1.110223024625E-16,1.,0.));
#2024 = ORIENTED_EDGE('',*,*,#2025,.F.);
#2025 = EDGE_CURVE('',#2026,#2018,#2028,.T.);
#2026 = VERTEX_POINT('',#2027);
#2027 = CARTESIAN_POINT('',(-0.8,-0.7,0.75));
#2028 = LINE('',#2029,#2030);
#2029 = CARTESIAN_POINT('',(-0.8,-1.355,0.75));
#2030 = VECTOR('',#2031,1.);
#2031 = DIRECTION('',(-1.110223024625E-16,1.,0.));
#2032 = ORIENTED_EDGE('',*,*,#2033,.F.);
#2033 = EDGE_CURVE('',#2034,#2026,#2036,.T.);
#2034 = VERTEX_POINT('',#2035);
#2035 = CARTESIAN_POINT('',(-0.8,-1.2,0.75));
#2036 = LINE('',#2037,#2038);
#2037 = CARTESIAN_POINT('',(-0.8,-1.355,0.75));
#2038 = VECTOR('',#2039,1.);
#2039 = DIRECTION('',(-1.110223024625E-16,1.,0.));
#2040 = ORIENTED_EDGE('',*,*,#2041,.F.);
#2041 = EDGE_CURVE('',#2042,#2034,#2044,.T.);
#2042 = VERTEX_POINT('',#2043);
#2043 = CARTESIAN_POINT('',(-0.8,-1.355,0.75));
#2044 = LINE('',#2045,#2046);
#2045 = CARTESIAN_POINT('',(-0.8,-1.355,0.75));
#2046 = VECTOR('',#2047,1.);
#2047 = DIRECTION('',(-1.110223024625E-16,1.,0.));
#2048 = ORIENTED_EDGE('',*,*,#2049,.F.);
#2049 = EDGE_CURVE('',#1887,#2042,#2050,.T.);
#2050 = B_SPLINE_CURVE_WITH_KNOTS('',1,(#2051,#2052),.UNSPECIFIED.,.F.,
  .F.,(2,2),(0.,1.),.PIECEWISE_BEZIER_KNOTS.);
#2051 = CARTESIAN_POINT('',(-0.708648457443,-1.309324228722,0.1));
#2052 = CARTESIAN_POINT('',(-0.8,-1.355,0.75));
#2053 = B_SPLINE_SURFACE_WITH_KNOTS('',1,1,(
    (#2054,#2055)
    ,(#2056,#2057
    )),.UNSPECIFIED.,.F.,.F.,.F.,(2,2),(2,2),(0.,2.71),(0.,1.),
  .PIECEWISE_BEZIER_KNOTS.);
#2054 = CARTESIAN_POINT('',(-0.708648457443,-1.309324228722,0.1));
#2055 = CARTESIAN_POINT('',(-0.8,-1.355,0.75));
#2056 = CARTESIAN_POINT('',(-0.708648457443,1.309324228722,0.1));
#2057 = CARTESIAN_POINT('',(-0.8,1.355,0.75));
#2058 = ADVANCED_FACE('',(#2059),#2124,.F.);
#2059 = FACE_BOUND('',#2060,.F.);
#2060 = EDGE_LOOP('',(#2061,#2062,#2069,#2077,#2085,#2093,#2101,#2109,
    #2117,#2123));
#2061 = ORIENTED_EDGE('',*,*,#1862,.T.);
#2062 = ORIENTED_EDGE('',*,*,#2063,.T.);
#2063 = EDGE_CURVE('',#1863,#2064,#2066,.T.);
#2064 = VERTEX_POINT('',#2065);
#2065 = CARTESIAN_POINT('',(0.8,-1.355,0.75));
#2066 = B_SPLINE_CURVE_WITH_KNOTS('',1,(#2067,#2068),.UNSPECIFIED.,.F.,
  .F.,(2,2),(0.,1.),.PIECEWISE_BEZIER_KNOTS.);
#2067 = CARTESIAN_POINT('',(0.708648457443,-1.309324228722,0.1));
#2068 = CARTESIAN_POINT('',(0.8,-1.355,0.75));
#2069 = ORIENTED_EDGE('',*,*,#2070,.F.);
#2070 = EDGE_CURVE('',#2071,#2064,#2073,.T.);
#2071 = VERTEX_POINT('',#2072);
#2072 = CARTESIAN_POINT('',(0.8,-1.2,0.75));
#2073 = LINE('',#2074,#2075);
#2074 = CARTESIAN_POINT('',(0.8,1.355,0.75));
#2075 = VECTOR('',#2076,1.);
#2076 = DIRECTION('',(1.110223024625E-16,-1.,0.));
#2077 = ORIENTED_EDGE('',*,*,#2078,.F.);
#2078 = EDGE_CURVE('',#2079,#2071,#2081,.T.);
#2079 = VERTEX_POINT('',#2080);
#2080 = CARTESIAN_POINT('',(0.8,-0.7,0.75));
#2081 = LINE('',#2082,#2083);
#2082 = CARTESIAN_POINT('',(0.8,1.355,0.75));
#2083 = VECTOR('',#2084,1.);
#2084 = DIRECTION('',(1.110223024625E-16,-1.,0.));
#2085 = ORIENTED_EDGE('',*,*,#2086,.F.);
#2086 = EDGE_CURVE('',#2087,#2079,#2089,.T.);
#2087 = VERTEX_POINT('',#2088);
#2088 = CARTESIAN_POINT('',(0.8,-0.25,0.75));
#2089 = LINE('',#2090,#2091);
#2090 = CARTESIAN_POINT('',(0.8,1.355,0.75));
#2091 = VECTOR('',#2092,1.);
#2092 = DIRECTION('',(1.110223024625E-16,-1.,0.));
#2093 = ORIENTED_EDGE('',*,*,#2094,.F.);
#2094 = EDGE_CURVE('',#2095,#2087,#2097,.T.);
#2095 = VERTEX_POINT('',#2096);
#2096 = CARTESIAN_POINT('',(0.8,0.25,0.75));
#2097 = LINE('',#2098,#2099);
#2098 = CARTESIAN_POINT('',(0.8,1.355,0.75));
#2099 = VECTOR('',#2100,1.);
#2100 = DIRECTION('',(1.110223024625E-16,-1.,0.));
#2101 = ORIENTED_EDGE('',*,*,#2102,.F.);
#2102 = EDGE_CURVE('',#2103,#2095,#2105,.T.);
#2103 = VERTEX_POINT('',#2104);
#2104 = CARTESIAN_POINT('',(0.8,0.7,0.75));
#2105 = LINE('',#2106,#2107);
#2106 = CARTESIAN_POINT('',(0.8,1.355,0.75));
#2107 = VECTOR('',#2108,1.);
#2108 = DIRECTION('',(1.110223024625E-16,-1.,0.));
#2109 = ORIENTED_EDGE('',*,*,#2110,.F.);
#2110 = EDGE_CURVE('',#2111,#2103,#2113,.T.);
#2111 = VERTEX_POINT('',#2112);
#2112 = CARTESIAN_POINT('',(0.8,1.2,0.75));
#2113 = LINE('',#2114,#2115);
#2114 = CARTESIAN_POINT('',(0.8,1.355,0.75));
#2115 = VECTOR('',#2116,1.);
#2116 = DIRECTION('',(1.110223024625E-16,-1.,0.));
#2117 = ORIENTED_EDGE('',*,*,#2118,.F.);
#2118 = EDGE_CURVE('',#1918,#2111,#2119,.T.);
#2119 = LINE('',#2120,#2121);
#2120 = CARTESIAN_POINT('',(0.8,1.355,0.75));
#2121 = VECTOR('',#2122,1.);
#2122 = DIRECTION('',(1.110223024625E-16,-1.,0.));
#2123 = ORIENTED_EDGE('',*,*,#1917,.F.);
#2124 = B_SPLINE_SURFACE_WITH_KNOTS('',1,1,(
    (#2125,#2126)
    ,(#2127,#2128
    )),.UNSPECIFIED.,.F.,.F.,.F.,(2,2),(2,2),(0.,2.71),(0.,1.),
  .PIECEWISE_BEZIER_KNOTS.);
#2125 = CARTESIAN_POINT('',(0.708648457443,1.309324228722,0.1));
#2126 = CARTESIAN_POINT('',(0.8,1.355,0.75));
#2127 = CARTESIAN_POINT('',(0.708648457443,-1.309324228722,0.1));
#2128 = CARTESIAN_POINT('',(0.8,-1.355,0.75));
#2129 = ADVANCED_FACE('',(#2130),#2147,.F.);
#2130 = FACE_BOUND('',#2131,.F.);
#2131 = EDGE_LOOP('',(#2132,#2133,#2134,#2142));
#2132 = ORIENTED_EDGE('',*,*,#1886,.T.);
#2133 = ORIENTED_EDGE('',*,*,#2049,.T.);
#2134 = ORIENTED_EDGE('',*,*,#2135,.F.);
#2135 = EDGE_CURVE('',#2136,#2042,#2138,.T.);
#2136 = VERTEX_POINT('',#2137);
#2137 = CARTESIAN_POINT('',(-0.705,-1.45,0.75));
#2138 = LINE('',#2139,#2140);
#2139 = CARTESIAN_POINT('',(-0.705,-1.45,0.75));
#2140 = VECTOR('',#2141,1.);
#2141 = DIRECTION('',(-0.707106781187,0.707106781187,0.));
#2142 = ORIENTED_EDGE('',*,*,#2143,.F.);
#2143 = EDGE_CURVE('',#1879,#2136,#2144,.T.);
#2144 = B_SPLINE_CURVE_WITH_KNOTS('',1,(#2145,#2146),.UNSPECIFIED.,.F.,
  .F.,(2,2),(0.,1.),.PIECEWISE_BEZIER_KNOTS.);
#2145 = CARTESIAN_POINT('',(-0.659324228722,-1.358648457443,0.1));
#2146 = CARTESIAN_POINT('',(-0.705,-1.45,0.75));
#2147 = B_SPLINE_SURFACE_WITH_KNOTS('',1,1,(
    (#2148,#2149)
    ,(#2150,#2151
    )),.UNSPECIFIED.,.F.,.F.,.F.,(2,2),(2,2),(0.,0.134350288425),(0.,1.)
  ,.PIECEWISE_BEZIER_KNOTS.);
#2148 = CARTESIAN_POINT('',(-0.659324228722,-1.358648457443,0.1));
#2149 = CARTESIAN_POINT('',(-0.705,-1.45,0.75));
#2150 = CARTESIAN_POINT('',(-0.708648457443,-1.309324228722,0.1));
#2151 = CARTESIAN_POINT('',(-0.8,-1.355,0.75));
#2152 = ADVANCED_FACE('',(#2153),#2170,.F.);
#2153 = FACE_BOUND('',#2154,.F.);
#2154 = EDGE_LOOP('',(#2155,#2156,#2163,#2169));
#2155 = ORIENTED_EDGE('',*,*,#1870,.T.);
#2156 = ORIENTED_EDGE('',*,*,#2157,.T.);
#2157 = EDGE_CURVE('',#1871,#2158,#2160,.T.);
#2158 = VERTEX_POINT('',#2159);
#2159 = CARTESIAN_POINT('',(0.705,-1.45,0.75));
#2160 = B_SPLINE_CURVE_WITH_KNOTS('',1,(#2161,#2162),.UNSPECIFIED.,.F.,
  .F.,(2,2),(0.,1.),.PIECEWISE_BEZIER_KNOTS.);
#2161 = CARTESIAN_POINT('',(0.659324228722,-1.358648457443,0.1));
#2162 = CARTESIAN_POINT('',(0.705,-1.45,0.75));
#2163 = ORIENTED_EDGE('',*,*,#2164,.F.);
#2164 = EDGE_CURVE('',#2064,#2158,#2165,.T.);
#2165 = LINE('',#2166,#2167);
#2166 = CARTESIAN_POINT('',(0.8,-1.355,0.75));
#2167 = VECTOR('',#2168,1.);
#2168 = DIRECTION('',(-0.707106781187,-0.707106781187,0.));
#2169 = ORIENTED_EDGE('',*,*,#2063,.F.);
#2170 = B_SPLINE_SURFACE_WITH_KNOTS('',1,1,(
    (#2171,#2172)
    ,(#2173,#2174
    )),.UNSPECIFIED.,.F.,.F.,.F.,(2,2),(2,2),(0.,0.134350288425),(0.,1.)
  ,.PIECEWISE_BEZIER_KNOTS.);
#2171 = CARTESIAN_POINT('',(0.708648457443,-1.309324228722,0.1));
#2172 = CARTESIAN_POINT('',(0.8,-1.355,0.75));
#2173 = CARTESIAN_POINT('',(0.659324228722,-1.358648457443,0.1));
#2174 = CARTESIAN_POINT('',(0.705,-1.45,0.75));
#2175 = ADVANCED_FACE('',(#2176),#2187,.F.);
#2176 = FACE_BOUND('',#2177,.F.);
#2177 = EDGE_LOOP('',(#2178,#2179,#2180,#2186));
#2178 = ORIENTED_EDGE('',*,*,#1878,.T.);
#2179 = ORIENTED_EDGE('',*,*,#2143,.T.);
#2180 = ORIENTED_EDGE('',*,*,#2181,.F.);
#2181 = EDGE_CURVE('',#2158,#2136,#2182,.T.);
#2182 = LINE('',#2183,#2184);
#2183 = CARTESIAN_POINT('',(0.705,-1.45,0.75));
#2184 = VECTOR('',#2185,1.);
#2185 = DIRECTION('',(-1.,-1.110223024625E-16,0.));
#2186 = ORIENTED_EDGE('',*,*,#2157,.F.);
#2187 = B_SPLINE_SURFACE_WITH_KNOTS('',1,1,(
    (#2188,#2189)
    ,(#2190,#2191
    )),.UNSPECIFIED.,.F.,.F.,.F.,(2,2),(2,2),(0.,1.41),(0.,1.),
  .PIECEWISE_BEZIER_KNOTS.);
#2188 = CARTESIAN_POINT('',(0.659324228722,-1.358648457443,0.1));
#2189 = CARTESIAN_POINT('',(0.705,-1.45,0.75));
#2190 = CARTESIAN_POINT('',(-0.659324228722,-1.358648457443,0.1));
#2191 = CARTESIAN_POINT('',(-0.705,-1.45,0.75));
#2192 = ADVANCED_FACE('',(#2193),#2210,.F.);
#2193 = FACE_BOUND('',#2194,.F.);
#2194 = EDGE_LOOP('',(#2195,#2196,#2203,#2209));
#2195 = ORIENTED_EDGE('',*,*,#1924,.T.);
#2196 = ORIENTED_EDGE('',*,*,#2197,.T.);
#2197 = EDGE_CURVE('',#1918,#2198,#2200,.T.);
#2198 = VERTEX_POINT('',#2199);
#2199 = CARTESIAN_POINT('',(0.8,1.355,0.9));
#2200 = B_SPLINE_CURVE_WITH_KNOTS('',1,(#2201,#2202),.UNSPECIFIED.,.F.,
  .F.,(2,2),(0.,1.),.PIECEWISE_BEZIER_KNOTS.);
#2201 = CARTESIAN_POINT('',(0.8,1.355,0.75));
#2202 = CARTESIAN_POINT('',(0.8,1.355,0.9));
#2203 = ORIENTED_EDGE('',*,*,#2204,.F.);
#2204 = EDGE_CURVE('',#1941,#2198,#2205,.T.);
#2205 = LINE('',#2206,#2207);
#2206 = CARTESIAN_POINT('',(0.705,1.45,0.9));
#2207 = VECTOR('',#2208,1.);
#2208 = DIRECTION('',(0.707106781187,-0.707106781187,0.));
#2209 = ORIENTED_EDGE('',*,*,#1940,.F.);
#2210 = PLANE('',#2211);
#2211 = AXIS2_PLACEMENT_3D('',#2212,#2213,#2214);
#2212 = CARTESIAN_POINT('',(0.705,1.45,0.9));
#2213 = DIRECTION('',(-0.707106781187,-0.707106781187,0.));
#2214 = DIRECTION('',(0.707106781187,-0.707106781187,0.));
#2215 = ADVANCED_FACE('',(#2216),#2298,.F.);
#2216 = FACE_BOUND('',#2217,.F.);
#2217 = EDGE_LOOP('',(#2218,#2226,#2227,#2228,#2236,#2244,#2252,#2260,
    #2268,#2276,#2284,#2292));
#2218 = ORIENTED_EDGE('',*,*,#2219,.T.);
#2219 = EDGE_CURVE('',#2220,#1948,#2222,.T.);
#2220 = VERTEX_POINT('',#2221);
#2221 = CARTESIAN_POINT('',(-0.8,1.355,0.9));
#2222 = LINE('',#2223,#2224);
#2223 = CARTESIAN_POINT('',(-0.8,1.355,0.9));
#2224 = VECTOR('',#2225,1.);
#2225 = DIRECTION('',(0.707106781187,0.707106781187,0.));
#2226 = ORIENTED_EDGE('',*,*,#1947,.T.);
#2227 = ORIENTED_EDGE('',*,*,#2204,.T.);
#2228 = ORIENTED_EDGE('',*,*,#2229,.T.);
#2229 = EDGE_CURVE('',#2198,#2230,#2232,.T.);
#2230 = VERTEX_POINT('',#2231);
#2231 = CARTESIAN_POINT('',(0.8,1.2,0.9));
#2232 = LINE('',#2233,#2234);
#2233 = CARTESIAN_POINT('',(0.8,1.355,0.9));
#2234 = VECTOR('',#2235,1.);
#2235 = DIRECTION('',(1.110223024625E-16,-1.,0.));
#2236 = ORIENTED_EDGE('',*,*,#2237,.T.);
#2237 = EDGE_CURVE('',#2230,#2238,#2240,.T.);
#2238 = VERTEX_POINT('',#2239);
#2239 = CARTESIAN_POINT('',(0.775,1.2,0.9));
#2240 = LINE('',#2241,#2242);
#2241 = CARTESIAN_POINT('',(0.85,1.2,0.9));
#2242 = VECTOR('',#2243,1.);
#2243 = DIRECTION('',(-1.,-1.110223024625E-16,0.));
#2244 = ORIENTED_EDGE('',*,*,#2245,.F.);
#2245 = EDGE_CURVE('',#2246,#2238,#2248,.T.);
#2246 = VERTEX_POINT('',#2247);
#2247 = CARTESIAN_POINT('',(0.775,1.3425,0.9));
#2248 = LINE('',#2249,#2250);
#2249 = CARTESIAN_POINT('',(0.775,1.3425,0.9));
#2250 = VECTOR('',#2251,1.);
#2251 = DIRECTION('',(1.110223024625E-16,-1.,0.));
#2252 = ORIENTED_EDGE('',*,*,#2253,.F.);
#2253 = EDGE_CURVE('',#2254,#2246,#2256,.T.);
#2254 = VERTEX_POINT('',#2255);
#2255 = CARTESIAN_POINT('',(0.6925,1.425,0.9));
#2256 = LINE('',#2257,#2258);
#2257 = CARTESIAN_POINT('',(0.6925,1.425,0.9));
#2258 = VECTOR('',#2259,1.);
#2259 = DIRECTION('',(0.707106781187,-0.707106781187,0.));
#2260 = ORIENTED_EDGE('',*,*,#2261,.F.);
#2261 = EDGE_CURVE('',#2262,#2254,#2264,.T.);
#2262 = VERTEX_POINT('',#2263);
#2263 = CARTESIAN_POINT('',(-0.6925,1.425,0.9));
#2264 = LINE('',#2265,#2266);
#2265 = CARTESIAN_POINT('',(-0.6925,1.425,0.9));
#2266 = VECTOR('',#2267,1.);
#2267 = DIRECTION('',(1.,1.110223024625E-16,0.));
#2268 = ORIENTED_EDGE('',*,*,#2269,.F.);
#2269 = EDGE_CURVE('',#2270,#2262,#2272,.T.);
#2270 = VERTEX_POINT('',#2271);
#2271 = CARTESIAN_POINT('',(-0.775,1.3425,0.9));
#2272 = LINE('',#2273,#2274);
#2273 = CARTESIAN_POINT('',(-0.775,1.3425,0.9));
#2274 = VECTOR('',#2275,1.);
#2275 = DIRECTION('',(0.707106781187,0.707106781187,0.));
#2276 = ORIENTED_EDGE('',*,*,#2277,.F.);
#2277 = EDGE_CURVE('',#2278,#2270,#2280,.T.);
#2278 = VERTEX_POINT('',#2279);
#2279 = CARTESIAN_POINT('',(-0.775,1.2,0.9));
#2280 = LINE('',#2281,#2282);
#2281 = CARTESIAN_POINT('',(-0.775,-1.3425,0.9));
#2282 = VECTOR('',#2283,1.);
#2283 = DIRECTION('',(-1.110223024625E-16,1.,0.));
#2284 = ORIENTED_EDGE('',*,*,#2285,.F.);
#2285 = EDGE_CURVE('',#2286,#2278,#2288,.T.);
#2286 = VERTEX_POINT('',#2287);
#2287 = CARTESIAN_POINT('',(-0.8,1.2,0.9));
#2288 = LINE('',#2289,#2290);
#2289 = CARTESIAN_POINT('',(-0.85,1.2,0.9));
#2290 = VECTOR('',#2291,1.);
#2291 = DIRECTION('',(1.,-1.144237745222E-17,0.));
#2292 = ORIENTED_EDGE('',*,*,#2293,.T.);
#2293 = EDGE_CURVE('',#2286,#2220,#2294,.T.);
#2294 = LINE('',#2295,#2296);
#2295 = CARTESIAN_POINT('',(-0.8,-1.355,0.9));
#2296 = VECTOR('',#2297,1.);
#2297 = DIRECTION('',(-1.110223024625E-16,1.,0.));
#2298 = PLANE('',#2299);
#2299 = AXIS2_PLACEMENT_3D('',#2300,#2301,#2302);
#2300 = CARTESIAN_POINT('',(-2.091417030376E-16,1.4375,0.9));
#2301 = DIRECTION('',(4.595758349624E-18,6.551522493592E-27,-1.));
#2302 = DIRECTION('',(1.,1.51922136901E-16,4.595758349624E-18));
#2303 = ADVANCED_FACE('',(#2304),#2314,.F.);
#2304 = FACE_BOUND('',#2305,.F.);
#2305 = EDGE_LOOP('',(#2306,#2307,#2308,#2309));
#2306 = ORIENTED_EDGE('',*,*,#1970,.T.);
#2307 = ORIENTED_EDGE('',*,*,#1955,.T.);
#2308 = ORIENTED_EDGE('',*,*,#2219,.F.);
#2309 = ORIENTED_EDGE('',*,*,#2310,.F.);
#2310 = EDGE_CURVE('',#1971,#2220,#2311,.T.);
#2311 = B_SPLINE_CURVE_WITH_KNOTS('',1,(#2312,#2313),.UNSPECIFIED.,.F.,
  .F.,(2,2),(0.,1.),.PIECEWISE_BEZIER_KNOTS.);
#2312 = CARTESIAN_POINT('',(-0.8,1.355,0.75));
#2313 = CARTESIAN_POINT('',(-0.8,1.355,0.9));
#2314 = PLANE('',#2315);
#2315 = AXIS2_PLACEMENT_3D('',#2316,#2317,#2318);
#2316 = CARTESIAN_POINT('',(-0.8,1.355,0.9));
#2317 = DIRECTION('',(0.707106781187,-0.707106781187,0.));
#2318 = DIRECTION('',(0.707106781187,0.707106781187,0.));
#2319 = ADVANCED_FACE('',(#2320),#2344,.F.);
#2320 = FACE_BOUND('',#2321,.F.);
#2321 = EDGE_LOOP('',(#2322,#2329,#2330,#2338));
#2322 = ORIENTED_EDGE('',*,*,#2323,.F.);
#2323 = EDGE_CURVE('',#2042,#2324,#2326,.T.);
#2324 = VERTEX_POINT('',#2325);
#2325 = CARTESIAN_POINT('',(-0.8,-1.355,0.9));
#2326 = B_SPLINE_CURVE_WITH_KNOTS('',1,(#2327,#2328),.UNSPECIFIED.,.F.,
  .F.,(2,2),(0.,1.),.PIECEWISE_BEZIER_KNOTS.);
#2327 = CARTESIAN_POINT('',(-0.8,-1.355,0.75));
#2328 = CARTESIAN_POINT('',(-0.8,-1.355,0.9));
#2329 = ORIENTED_EDGE('',*,*,#2041,.T.);
#2330 = ORIENTED_EDGE('',*,*,#2331,.T.);
#2331 = EDGE_CURVE('',#2034,#2332,#2334,.T.);
#2332 = VERTEX_POINT('',#2333);
#2333 = CARTESIAN_POINT('',(-0.8,-1.2,0.9));
#2334 = LINE('',#2335,#2336);
#2335 = CARTESIAN_POINT('',(-0.8,-1.2,0.670847817658));
#2336 = VECTOR('',#2337,1.);
#2337 = DIRECTION('',(0.,0.,1.));
#2338 = ORIENTED_EDGE('',*,*,#2339,.F.);
#2339 = EDGE_CURVE('',#2324,#2332,#2340,.T.);
#2340 = LINE('',#2341,#2342);
#2341 = CARTESIAN_POINT('',(-0.8,-1.355,0.9));
#2342 = VECTOR('',#2343,1.);
#2343 = DIRECTION('',(-1.110223024625E-16,1.,0.));
#2344 = PLANE('',#2345);
#2345 = AXIS2_PLACEMENT_3D('',#2346,#2347,#2348);
#2346 = CARTESIAN_POINT('',(-0.8,-1.355,0.9));
#2347 = DIRECTION('',(1.,1.110223024625E-16,0.));
#2348 = DIRECTION('',(-1.110223024625E-16,1.,0.));
#2349 = ADVANCED_FACE('',(#2350),#2375,.F.);
#2350 = FACE_BOUND('',#2351,.F.);
#2351 = EDGE_LOOP('',(#2352,#2360,#2361,#2369));
#2352 = ORIENTED_EDGE('',*,*,#2353,.F.);
#2353 = EDGE_CURVE('',#2034,#2354,#2356,.T.);
#2354 = VERTEX_POINT('',#2355);
#2355 = CARTESIAN_POINT('',(-0.85,-1.2,0.75));
#2356 = LINE('',#2357,#2358);
#2357 = CARTESIAN_POINT('',(-0.75,-1.2,0.75));
#2358 = VECTOR('',#2359,1.);
#2359 = DIRECTION('',(-1.,1.144237745222E-17,0.));
#2360 = ORIENTED_EDGE('',*,*,#2033,.T.);
#2361 = ORIENTED_EDGE('',*,*,#2362,.T.);
#2362 = EDGE_CURVE('',#2026,#2363,#2365,.T.);
#2363 = VERTEX_POINT('',#2364);
#2364 = CARTESIAN_POINT('',(-0.85,-0.7,0.75));
#2365 = LINE('',#2366,#2367);
#2366 = CARTESIAN_POINT('',(-0.75,-0.7,0.75));
#2367 = VECTOR('',#2368,1.);
#2368 = DIRECTION('',(-1.,1.144237745222E-17,0.));
#2369 = ORIENTED_EDGE('',*,*,#2370,.F.);
#2370 = EDGE_CURVE('',#2354,#2363,#2371,.T.);
#2371 = LINE('',#2372,#2373);
#2372 = CARTESIAN_POINT('',(-0.85,-1.2,0.75));
#2373 = VECTOR('',#2374,1.);
#2374 = DIRECTION('',(1.144237745222E-17,1.,0.));
#2375 = PLANE('',#2376);
#2376 = AXIS2_PLACEMENT_3D('',#2377,#2378,#2379);
#2377 = CARTESIAN_POINT('',(-0.75,-1.2,0.75));
#2378 = DIRECTION('',(0.,0.,1.));
#2379 = DIRECTION('',(-1.,1.144237745222E-17,0.));
#2380 = ADVANCED_FACE('',(#2381),#2406,.F.);
#2381 = FACE_BOUND('',#2382,.F.);
#2382 = EDGE_LOOP('',(#2383,#2391,#2392,#2400));
#2383 = ORIENTED_EDGE('',*,*,#2384,.F.);
#2384 = EDGE_CURVE('',#2026,#2385,#2387,.T.);
#2385 = VERTEX_POINT('',#2386);
#2386 = CARTESIAN_POINT('',(-0.8,-0.7,0.9));
#2387 = LINE('',#2388,#2389);
#2388 = CARTESIAN_POINT('',(-0.8,-0.7,0.670847817658));
#2389 = VECTOR('',#2390,1.);
#2390 = DIRECTION('',(0.,0.,1.));
#2391 = ORIENTED_EDGE('',*,*,#2025,.T.);
#2392 = ORIENTED_EDGE('',*,*,#2393,.T.);
#2393 = EDGE_CURVE('',#2018,#2394,#2396,.T.);
#2394 = VERTEX_POINT('',#2395);
#2395 = CARTESIAN_POINT('',(-0.8,-0.25,0.9));
#2396 = LINE('',#2397,#2398);
#2397 = CARTESIAN_POINT('',(-0.8,-0.25,0.670847817658));
#2398 = VECTOR('',#2399,1.);
#2399 = DIRECTION('',(0.,0.,1.));
#2400 = ORIENTED_EDGE('',*,*,#2401,.F.);
#2401 = EDGE_CURVE('',#2385,#2394,#2402,.T.);
#2402 = LINE('',#2403,#2404);
#2403 = CARTESIAN_POINT('',(-0.8,-1.355,0.9));
#2404 = VECTOR('',#2405,1.);
#2405 = DIRECTION('',(-1.110223024625E-16,1.,0.));
#2406 = PLANE('',#2407);
#2407 = AXIS2_PLACEMENT_3D('',#2408,#2409,#2410);
#2408 = CARTESIAN_POINT('',(-0.8,-1.355,0.9));
#2409 = DIRECTION('',(1.,1.110223024625E-16,0.));
#2410 = DIRECTION('',(-1.110223024625E-16,1.,0.));
#2411 = ADVANCED_FACE('',(#2412),#2437,.F.);
#2412 = FACE_BOUND('',#2413,.F.);
#2413 = EDGE_LOOP('',(#2414,#2422,#2423,#2431));
#2414 = ORIENTED_EDGE('',*,*,#2415,.F.);
#2415 = EDGE_CURVE('',#2018,#2416,#2418,.T.);
#2416 = VERTEX_POINT('',#2417);
#2417 = CARTESIAN_POINT('',(-0.85,-0.25,0.75));
#2418 = LINE('',#2419,#2420);
#2419 = CARTESIAN_POINT('',(-0.75,-0.25,0.75));
#2420 = VECTOR('',#2421,1.);
#2421 = DIRECTION('',(-1.,1.144237745222E-17,0.));
#2422 = ORIENTED_EDGE('',*,*,#2017,.T.);
#2423 = ORIENTED_EDGE('',*,*,#2424,.T.);
#2424 = EDGE_CURVE('',#2010,#2425,#2427,.T.);
#2425 = VERTEX_POINT('',#2426);
#2426 = CARTESIAN_POINT('',(-0.85,0.25,0.75));
#2427 = LINE('',#2428,#2429);
#2428 = CARTESIAN_POINT('',(-0.75,0.25,0.75));
#2429 = VECTOR('',#2430,1.);
#2430 = DIRECTION('',(-1.,1.144237745222E-17,0.));
#2431 = ORIENTED_EDGE('',*,*,#2432,.F.);
#2432 = EDGE_CURVE('',#2416,#2425,#2433,.T.);
#2433 = LINE('',#2434,#2435);
#2434 = CARTESIAN_POINT('',(-0.85,-0.25,0.75));
#2435 = VECTOR('',#2436,1.);
#2436 = DIRECTION('',(1.144237745222E-17,1.,0.));
#2437 = PLANE('',#2438);
#2438 = AXIS2_PLACEMENT_3D('',#2439,#2440,#2441);
#2439 = CARTESIAN_POINT('',(-0.75,-0.25,0.75));
#2440 = DIRECTION('',(0.,0.,1.));
#2441 = DIRECTION('',(-1.,1.144237745222E-17,0.));
#2442 = ADVANCED_FACE('',(#2443),#2468,.F.);
#2443 = FACE_BOUND('',#2444,.F.);
#2444 = EDGE_LOOP('',(#2445,#2453,#2454,#2462));
#2445 = ORIENTED_EDGE('',*,*,#2446,.F.);
#2446 = EDGE_CURVE('',#2010,#2447,#2449,.T.);
#2447 = VERTEX_POINT('',#2448);
#2448 = CARTESIAN_POINT('',(-0.8,0.25,0.9));
#2449 = LINE('',#2450,#2451);
#2450 = CARTESIAN_POINT('',(-0.8,0.25,0.670847817658));
#2451 = VECTOR('',#2452,1.);
#2452 = DIRECTION('',(0.,0.,1.));
#2453 = ORIENTED_EDGE('',*,*,#2009,.T.);
#2454 = ORIENTED_EDGE('',*,*,#2455,.T.);
#2455 = EDGE_CURVE('',#2002,#2456,#2458,.T.);
#2456 = VERTEX_POINT('',#2457);
#2457 = CARTESIAN_POINT('',(-0.8,0.7,0.9));
#2458 = LINE('',#2459,#2460);
#2459 = CARTESIAN_POINT('',(-0.8,0.7,0.670847817658));
#2460 = VECTOR('',#2461,1.);
#2461 = DIRECTION('',(0.,0.,1.));
#2462 = ORIENTED_EDGE('',*,*,#2463,.F.);
#2463 = EDGE_CURVE('',#2447,#2456,#2464,.T.);
#2464 = LINE('',#2465,#2466);
#2465 = CARTESIAN_POINT('',(-0.8,-1.355,0.9));
#2466 = VECTOR('',#2467,1.);
#2467 = DIRECTION('',(-1.110223024625E-16,1.,0.));
#2468 = PLANE('',#2469);
#2469 = AXIS2_PLACEMENT_3D('',#2470,#2471,#2472);
#2470 = CARTESIAN_POINT('',(-0.8,-1.355,0.9));
#2471 = DIRECTION('',(1.,1.110223024625E-16,0.));
#2472 = DIRECTION('',(-1.110223024625E-16,1.,0.));
#2473 = ADVANCED_FACE('',(#2474),#2499,.F.);
#2474 = FACE_BOUND('',#2475,.F.);
#2475 = EDGE_LOOP('',(#2476,#2484,#2485,#2493));
#2476 = ORIENTED_EDGE('',*,*,#2477,.F.);
#2477 = EDGE_CURVE('',#2002,#2478,#2480,.T.);
#2478 = VERTEX_POINT('',#2479);
#2479 = CARTESIAN_POINT('',(-0.85,0.7,0.75));
#2480 = LINE('',#2481,#2482);
#2481 = CARTESIAN_POINT('',(-0.75,0.7,0.75));
#2482 = VECTOR('',#2483,1.);
#2483 = DIRECTION('',(-1.,1.144237745222E-17,0.));
#2484 = ORIENTED_EDGE('',*,*,#2001,.T.);
#2485 = ORIENTED_EDGE('',*,*,#2486,.T.);
#2486 = EDGE_CURVE('',#1994,#2487,#2489,.T.);
#2487 = VERTEX_POINT('',#2488);
#2488 = CARTESIAN_POINT('',(-0.85,1.2,0.75));
#2489 = LINE('',#2490,#2491);
#2490 = CARTESIAN_POINT('',(-0.75,1.2,0.75));
#2491 = VECTOR('',#2492,1.);
#2492 = DIRECTION('',(-1.,1.144237745222E-17,0.));
#2493 = ORIENTED_EDGE('',*,*,#2494,.F.);
#2494 = EDGE_CURVE('',#2478,#2487,#2495,.T.);
#2495 = LINE('',#2496,#2497);
#2496 = CARTESIAN_POINT('',(-0.85,0.7,0.75));
#2497 = VECTOR('',#2498,1.);
#2498 = DIRECTION('',(1.144237745222E-17,1.,0.));
#2499 = PLANE('',#2500);
#2500 = AXIS2_PLACEMENT_3D('',#2501,#2502,#2503);
#2501 = CARTESIAN_POINT('',(-0.75,0.7,0.75));
#2502 = DIRECTION('',(0.,0.,1.));
#2503 = DIRECTION('',(-1.,1.144237745222E-17,0.));
#2504 = ADVANCED_FACE('',(#2505),#2516,.F.);
#2505 = FACE_BOUND('',#2506,.F.);
#2506 = EDGE_LOOP('',(#2507,#2513,#2514,#2515));
#2507 = ORIENTED_EDGE('',*,*,#2508,.F.);
#2508 = EDGE_CURVE('',#1994,#2286,#2509,.T.);
#2509 = LINE('',#2510,#2511);
#2510 = CARTESIAN_POINT('',(-0.8,1.2,0.670847817658));
#2511 = VECTOR('',#2512,1.);
#2512 = DIRECTION('',(0.,0.,1.));
#2513 = ORIENTED_EDGE('',*,*,#1993,.T.);
#2514 = ORIENTED_EDGE('',*,*,#2310,.T.);
#2515 = ORIENTED_EDGE('',*,*,#2293,.F.);
#2516 = PLANE('',#2517);
#2517 = AXIS2_PLACEMENT_3D('',#2518,#2519,#2520);
#2518 = CARTESIAN_POINT('',(-0.8,-1.355,0.9));
#2519 = DIRECTION('',(1.,1.110223024625E-16,0.));
#2520 = DIRECTION('',(-1.110223024625E-16,1.,0.));
#2521 = ADVANCED_FACE('',(#2522),#2533,.F.);
#2522 = FACE_BOUND('',#2523,.F.);
#2523 = EDGE_LOOP('',(#2524,#2525,#2526,#2532));
#2524 = ORIENTED_EDGE('',*,*,#2197,.F.);
#2525 = ORIENTED_EDGE('',*,*,#2118,.T.);
#2526 = ORIENTED_EDGE('',*,*,#2527,.T.);
#2527 = EDGE_CURVE('',#2111,#2230,#2528,.T.);
#2528 = LINE('',#2529,#2530);
#2529 = CARTESIAN_POINT('',(0.8,1.2,0.670847817658));
#2530 = VECTOR('',#2531,1.);
#2531 = DIRECTION('',(0.,0.,1.));
#2532 = ORIENTED_EDGE('',*,*,#2229,.F.);
#2533 = PLANE('',#2534);
#2534 = AXIS2_PLACEMENT_3D('',#2535,#2536,#2537);
#2535 = CARTESIAN_POINT('',(0.8,1.355,0.9));
#2536 = DIRECTION('',(-1.,-1.110223024625E-16,0.));
#2537 = DIRECTION('',(1.110223024625E-16,-1.,0.));
#2538 = ADVANCED_FACE('',(#2539),#2564,.F.);
#2539 = FACE_BOUND('',#2540,.F.);
#2540 = EDGE_LOOP('',(#2541,#2549,#2550,#2558));
#2541 = ORIENTED_EDGE('',*,*,#2542,.F.);
#2542 = EDGE_CURVE('',#2111,#2543,#2545,.T.);
#2543 = VERTEX_POINT('',#2544);
#2544 = CARTESIAN_POINT('',(0.85,1.2,0.75));
#2545 = LINE('',#2546,#2547);
#2546 = CARTESIAN_POINT('',(0.75,1.2,0.75));
#2547 = VECTOR('',#2548,1.);
#2548 = DIRECTION('',(1.,1.110223024625E-16,0.));
#2549 = ORIENTED_EDGE('',*,*,#2110,.T.);
#2550 = ORIENTED_EDGE('',*,*,#2551,.T.);
#2551 = EDGE_CURVE('',#2103,#2552,#2554,.T.);
#2552 = VERTEX_POINT('',#2553);
#2553 = CARTESIAN_POINT('',(0.85,0.7,0.75));
#2554 = LINE('',#2555,#2556);
#2555 = CARTESIAN_POINT('',(0.75,0.7,0.75));
#2556 = VECTOR('',#2557,1.);
#2557 = DIRECTION('',(1.,1.110223024625E-16,0.));
#2558 = ORIENTED_EDGE('',*,*,#2559,.F.);
#2559 = EDGE_CURVE('',#2543,#2552,#2560,.T.);
#2560 = LINE('',#2561,#2562);
#2561 = CARTESIAN_POINT('',(0.85,1.2,0.75));
#2562 = VECTOR('',#2563,1.);
#2563 = DIRECTION('',(1.110223024625E-16,-1.,0.));
#2564 = PLANE('',#2565);
#2565 = AXIS2_PLACEMENT_3D('',#2566,#2567,#2568);
#2566 = CARTESIAN_POINT('',(0.75,1.2,0.75));
#2567 = DIRECTION('',(0.,0.,1.));
#2568 = DIRECTION('',(1.,1.110223024625E-16,-0.));
#2569 = ADVANCED_FACE('',(#2570),#2595,.F.);
#2570 = FACE_BOUND('',#2571,.F.);
#2571 = EDGE_LOOP('',(#2572,#2580,#2581,#2589));
#2572 = ORIENTED_EDGE('',*,*,#2573,.F.);
#2573 = EDGE_CURVE('',#2103,#2574,#2576,.T.);
#2574 = VERTEX_POINT('',#2575);
#2575 = CARTESIAN_POINT('',(0.8,0.7,0.9));
#2576 = LINE('',#2577,#2578);
#2577 = CARTESIAN_POINT('',(0.8,0.7,0.670847817658));
#2578 = VECTOR('',#2579,1.);
#2579 = DIRECTION('',(0.,0.,1.));
#2580 = ORIENTED_EDGE('',*,*,#2102,.T.);
#2581 = ORIENTED_EDGE('',*,*,#2582,.T.);
#2582 = EDGE_CURVE('',#2095,#2583,#2585,.T.);
#2583 = VERTEX_POINT('',#2584);
#2584 = CARTESIAN_POINT('',(0.8,0.25,0.9));
#2585 = LINE('',#2586,#2587);
#2586 = CARTESIAN_POINT('',(0.8,0.25,0.670847817658));
#2587 = VECTOR('',#2588,1.);
#2588 = DIRECTION('',(0.,0.,1.));
#2589 = ORIENTED_EDGE('',*,*,#2590,.F.);
#2590 = EDGE_CURVE('',#2574,#2583,#2591,.T.);
#2591 = LINE('',#2592,#2593);
#2592 = CARTESIAN_POINT('',(0.8,1.355,0.9));
#2593 = VECTOR('',#2594,1.);
#2594 = DIRECTION('',(1.110223024625E-16,-1.,0.));
#2595 = PLANE('',#2596);
#2596 = AXIS2_PLACEMENT_3D('',#2597,#2598,#2599);
#2597 = CARTESIAN_POINT('',(0.8,1.355,0.9));
#2598 = DIRECTION('',(-1.,-1.110223024625E-16,0.));
#2599 = DIRECTION('',(1.110223024625E-16,-1.,0.));
#2600 = ADVANCED_FACE('',(#2601),#2626,.F.);
#2601 = FACE_BOUND('',#2602,.F.);
#2602 = EDGE_LOOP('',(#2603,#2611,#2612,#2620));
#2603 = ORIENTED_EDGE('',*,*,#2604,.F.);
#2604 = EDGE_CURVE('',#2095,#2605,#2607,.T.);
#2605 = VERTEX_POINT('',#2606);
#2606 = CARTESIAN_POINT('',(0.85,0.25,0.75));
#2607 = LINE('',#2608,#2609);
#2608 = CARTESIAN_POINT('',(0.75,0.25,0.75));
#2609 = VECTOR('',#2610,1.);
#2610 = DIRECTION('',(1.,1.110223024625E-16,0.));
#2611 = ORIENTED_EDGE('',*,*,#2094,.T.);
#2612 = ORIENTED_EDGE('',*,*,#2613,.T.);
#2613 = EDGE_CURVE('',#2087,#2614,#2616,.T.);
#2614 = VERTEX_POINT('',#2615);
#2615 = CARTESIAN_POINT('',(0.85,-0.25,0.75));
#2616 = LINE('',#2617,#2618);
#2617 = CARTESIAN_POINT('',(0.75,-0.25,0.75));
#2618 = VECTOR('',#2619,1.);
#2619 = DIRECTION('',(1.,1.110223024625E-16,0.));
#2620 = ORIENTED_EDGE('',*,*,#2621,.F.);
#2621 = EDGE_CURVE('',#2605,#2614,#2622,.T.);
#2622 = LINE('',#2623,#2624);
#2623 = CARTESIAN_POINT('',(0.85,0.25,0.75));
#2624 = VECTOR('',#2625,1.);
#2625 = DIRECTION('',(1.110223024625E-16,-1.,0.));
#2626 = PLANE('',#2627);
#2627 = AXIS2_PLACEMENT_3D('',#2628,#2629,#2630);
#2628 = CARTESIAN_POINT('',(0.75,0.25,0.75));
#2629 = DIRECTION('',(0.,0.,1.));
#2630 = DIRECTION('',(1.,1.110223024625E-16,-0.));
#2631 = ADVANCED_FACE('',(#2632),#2657,.F.);
#2632 = FACE_BOUND('',#2633,.F.);
#2633 = EDGE_LOOP('',(#2634,#2642,#2643,#2651));
#2634 = ORIENTED_EDGE('',*,*,#2635,.F.);
#2635 = EDGE_CURVE('',#2087,#2636,#2638,.T.);
#2636 = VERTEX_POINT('',#2637);
#2637 = CARTESIAN_POINT('',(0.8,-0.25,0.9));
#2638 = LINE('',#2639,#2640);
#2639 = CARTESIAN_POINT('',(0.8,-0.25,0.670847817658));
#2640 = VECTOR('',#2641,1.);
#2641 = DIRECTION('',(0.,0.,1.));
#2642 = ORIENTED_EDGE('',*,*,#2086,.T.);
#2643 = ORIENTED_EDGE('',*,*,#2644,.T.);
#2644 = EDGE_CURVE('',#2079,#2645,#2647,.T.);
#2645 = VERTEX_POINT('',#2646);
#2646 = CARTESIAN_POINT('',(0.8,-0.7,0.9));
#2647 = LINE('',#2648,#2649);
#2648 = CARTESIAN_POINT('',(0.8,-0.7,0.670847817658));
#2649 = VECTOR('',#2650,1.);
#2650 = DIRECTION('',(0.,0.,1.));
#2651 = ORIENTED_EDGE('',*,*,#2652,.F.);
#2652 = EDGE_CURVE('',#2636,#2645,#2653,.T.);
#2653 = LINE('',#2654,#2655);
#2654 = CARTESIAN_POINT('',(0.8,1.355,0.9));
#2655 = VECTOR('',#2656,1.);
#2656 = DIRECTION('',(1.110223024625E-16,-1.,0.));
#2657 = PLANE('',#2658);
#2658 = AXIS2_PLACEMENT_3D('',#2659,#2660,#2661);
#2659 = CARTESIAN_POINT('',(0.8,1.355,0.9));
#2660 = DIRECTION('',(-1.,-1.110223024625E-16,0.));
#2661 = DIRECTION('',(1.110223024625E-16,-1.,0.));
#2662 = ADVANCED_FACE('',(#2663),#2688,.F.);
#2663 = FACE_BOUND('',#2664,.F.);
#2664 = EDGE_LOOP('',(#2665,#2673,#2674,#2682));
#2665 = ORIENTED_EDGE('',*,*,#2666,.F.);
#2666 = EDGE_CURVE('',#2079,#2667,#2669,.T.);
#2667 = VERTEX_POINT('',#2668);
#2668 = CARTESIAN_POINT('',(0.85,-0.7,0.75));
#2669 = LINE('',#2670,#2671);
#2670 = CARTESIAN_POINT('',(0.75,-0.7,0.75));
#2671 = VECTOR('',#2672,1.);
#2672 = DIRECTION('',(1.,1.110223024625E-16,0.));
#2673 = ORIENTED_EDGE('',*,*,#2078,.T.);
#2674 = ORIENTED_EDGE('',*,*,#2675,.T.);
#2675 = EDGE_CURVE('',#2071,#2676,#2678,.T.);
#2676 = VERTEX_POINT('',#2677);
#2677 = CARTESIAN_POINT('',(0.85,-1.2,0.75));
#2678 = LINE('',#2679,#2680);
#2679 = CARTESIAN_POINT('',(0.75,-1.2,0.75));
#2680 = VECTOR('',#2681,1.);
#2681 = DIRECTION('',(1.,1.110223024625E-16,0.));
#2682 = ORIENTED_EDGE('',*,*,#2683,.F.);
#2683 = EDGE_CURVE('',#2667,#2676,#2684,.T.);
#2684 = LINE('',#2685,#2686);
#2685 = CARTESIAN_POINT('',(0.85,-0.7,0.75));
#2686 = VECTOR('',#2687,1.);
#2687 = DIRECTION('',(1.110223024625E-16,-1.,0.));
#2688 = PLANE('',#2689);
#2689 = AXIS2_PLACEMENT_3D('',#2690,#2691,#2692);
#2690 = CARTESIAN_POINT('',(0.75,-0.7,0.75));
#2691 = DIRECTION('',(0.,0.,1.));
#2692 = DIRECTION('',(1.,1.110223024625E-16,-0.));
#2693 = ADVANCED_FACE('',(#2694),#2718,.F.);
#2694 = FACE_BOUND('',#2695,.F.);
#2695 = EDGE_LOOP('',(#2696,#2704,#2705,#2712));
#2696 = ORIENTED_EDGE('',*,*,#2697,.F.);
#2697 = EDGE_CURVE('',#2071,#2698,#2700,.T.);
#2698 = VERTEX_POINT('',#2699);
#2699 = CARTESIAN_POINT('',(0.8,-1.2,0.9));
#2700 = LINE('',#2701,#2702);
#2701 = CARTESIAN_POINT('',(0.8,-1.2,0.670847817658));
#2702 = VECTOR('',#2703,1.);
#2703 = DIRECTION('',(0.,0.,1.));
#2704 = ORIENTED_EDGE('',*,*,#2070,.T.);
#2705 = ORIENTED_EDGE('',*,*,#2706,.T.);
#2706 = EDGE_CURVE('',#2064,#2707,#2709,.T.);
#2707 = VERTEX_POINT('',#2708);
#2708 = CARTESIAN_POINT('',(0.8,-1.355,0.9));
#2709 = B_SPLINE_CURVE_WITH_KNOTS('',1,(#2710,#2711),.UNSPECIFIED.,.F.,
  .F.,(2,2),(0.,1.),.PIECEWISE_BEZIER_KNOTS.);
#2710 = CARTESIAN_POINT('',(0.8,-1.355,0.75));
#2711 = CARTESIAN_POINT('',(0.8,-1.355,0.9));
#2712 = ORIENTED_EDGE('',*,*,#2713,.F.);
#2713 = EDGE_CURVE('',#2698,#2707,#2714,.T.);
#2714 = LINE('',#2715,#2716);
#2715 = CARTESIAN_POINT('',(0.8,1.355,0.9));
#2716 = VECTOR('',#2717,1.);
#2717 = DIRECTION('',(1.110223024625E-16,-1.,0.));
#2718 = PLANE('',#2719);
#2719 = AXIS2_PLACEMENT_3D('',#2720,#2721,#2722);
#2720 = CARTESIAN_POINT('',(0.8,1.355,0.9));
#2721 = DIRECTION('',(-1.,-1.110223024625E-16,0.));
#2722 = DIRECTION('',(1.110223024625E-16,-1.,0.));
#2723 = ADVANCED_FACE('',(#2724),#2741,.F.);
#2724 = FACE_BOUND('',#2725,.F.);
#2725 = EDGE_LOOP('',(#2726,#2727,#2728,#2736));
#2726 = ORIENTED_EDGE('',*,*,#2135,.T.);
#2727 = ORIENTED_EDGE('',*,*,#2323,.T.);
#2728 = ORIENTED_EDGE('',*,*,#2729,.F.);
#2729 = EDGE_CURVE('',#2730,#2324,#2732,.T.);
#2730 = VERTEX_POINT('',#2731);
#2731 = CARTESIAN_POINT('',(-0.705,-1.45,0.9));
#2732 = LINE('',#2733,#2734);
#2733 = CARTESIAN_POINT('',(-0.705,-1.45,0.9));
#2734 = VECTOR('',#2735,1.);
#2735 = DIRECTION('',(-0.707106781187,0.707106781187,0.));
#2736 = ORIENTED_EDGE('',*,*,#2737,.F.);
#2737 = EDGE_CURVE('',#2136,#2730,#2738,.T.);
#2738 = B_SPLINE_CURVE_WITH_KNOTS('',1,(#2739,#2740),.UNSPECIFIED.,.F.,
  .F.,(2,2),(0.,1.),.PIECEWISE_BEZIER_KNOTS.);
#2739 = CARTESIAN_POINT('',(-0.705,-1.45,0.75));
#2740 = CARTESIAN_POINT('',(-0.705,-1.45,0.9));
#2741 = PLANE('',#2742);
#2742 = AXIS2_PLACEMENT_3D('',#2743,#2744,#2745);
#2743 = CARTESIAN_POINT('',(-0.705,-1.45,0.9));
#2744 = DIRECTION('',(0.707106781187,0.707106781187,0.));
#2745 = DIRECTION('',(-0.707106781187,0.707106781187,0.));
#2746 = ADVANCED_FACE('',(#2747),#2764,.F.);
#2747 = FACE_BOUND('',#2748,.F.);
#2748 = EDGE_LOOP('',(#2749,#2750,#2757,#2763));
#2749 = ORIENTED_EDGE('',*,*,#2164,.T.);
#2750 = ORIENTED_EDGE('',*,*,#2751,.T.);
#2751 = EDGE_CURVE('',#2158,#2752,#2754,.T.);
#2752 = VERTEX_POINT('',#2753);
#2753 = CARTESIAN_POINT('',(0.705,-1.45,0.9));
#2754 = B_SPLINE_CURVE_WITH_KNOTS('',1,(#2755,#2756),.UNSPECIFIED.,.F.,
  .F.,(2,2),(0.,1.),.PIECEWISE_BEZIER_KNOTS.);
#2755 = CARTESIAN_POINT('',(0.705,-1.45,0.75));
#2756 = CARTESIAN_POINT('',(0.705,-1.45,0.9));
#2757 = ORIENTED_EDGE('',*,*,#2758,.F.);
#2758 = EDGE_CURVE('',#2707,#2752,#2759,.T.);
#2759 = LINE('',#2760,#2761);
#2760 = CARTESIAN_POINT('',(0.8,-1.355,0.9));
#2761 = VECTOR('',#2762,1.);
#2762 = DIRECTION('',(-0.707106781187,-0.707106781187,0.));
#2763 = ORIENTED_EDGE('',*,*,#2706,.F.);
#2764 = PLANE('',#2765);
#2765 = AXIS2_PLACEMENT_3D('',#2766,#2767,#2768);
#2766 = CARTESIAN_POINT('',(0.8,-1.355,0.9));
#2767 = DIRECTION('',(-0.707106781187,0.707106781187,0.));
#2768 = DIRECTION('',(-0.707106781187,-0.707106781187,0.));
#2769 = ADVANCED_FACE('',(#2770),#2781,.F.);
#2770 = FACE_BOUND('',#2771,.F.);
#2771 = EDGE_LOOP('',(#2772,#2773,#2774,#2780));
#2772 = ORIENTED_EDGE('',*,*,#2181,.T.);
#2773 = ORIENTED_EDGE('',*,*,#2737,.T.);
#2774 = ORIENTED_EDGE('',*,*,#2775,.F.);
#2775 = EDGE_CURVE('',#2752,#2730,#2776,.T.);
#2776 = LINE('',#2777,#2778);
#2777 = CARTESIAN_POINT('',(0.705,-1.45,0.9));
#2778 = VECTOR('',#2779,1.);
#2779 = DIRECTION('',(-1.,-1.110223024625E-16,0.));
#2780 = ORIENTED_EDGE('',*,*,#2751,.F.);
#2781 = PLANE('',#2782);
#2782 = AXIS2_PLACEMENT_3D('',#2783,#2784,#2785);
#2783 = CARTESIAN_POINT('',(0.705,-1.45,0.9));
#2784 = DIRECTION('',(-1.110223024625E-16,1.,0.));
#2785 = DIRECTION('',(-1.,-1.110223024625E-16,0.));
#2786 = ADVANCED_FACE('',(#2787),#2826,.F.);
#2787 = FACE_BOUND('',#2788,.F.);
#2788 = EDGE_LOOP('',(#2789,#2797,#2805,#2811,#2812,#2820));
#2789 = ORIENTED_EDGE('',*,*,#2790,.F.);
#2790 = EDGE_CURVE('',#2791,#2456,#2793,.T.);
#2791 = VERTEX_POINT('',#2792);
#2792 = CARTESIAN_POINT('',(-0.85,0.7,0.9));
#2793 = LINE('',#2794,#2795);
#2794 = CARTESIAN_POINT('',(-0.85,0.7,0.9));
#2795 = VECTOR('',#2796,1.);
#2796 = DIRECTION('',(1.,-1.144237745222E-17,0.));
#2797 = ORIENTED_EDGE('',*,*,#2798,.T.);
#2798 = EDGE_CURVE('',#2791,#2799,#2801,.T.);
#2799 = VERTEX_POINT('',#2800);
#2800 = CARTESIAN_POINT('',(-0.85,1.2,0.9));
#2801 = LINE('',#2802,#2803);
#2802 = CARTESIAN_POINT('',(-0.85,0.7,0.9));
#2803 = VECTOR('',#2804,1.);
#2804 = DIRECTION('',(1.144237745222E-17,1.,0.));
#2805 = ORIENTED_EDGE('',*,*,#2806,.T.);
#2806 = EDGE_CURVE('',#2799,#2286,#2807,.T.);
#2807 = LINE('',#2808,#2809);
#2808 = CARTESIAN_POINT('',(-0.85,1.2,0.9));
#2809 = VECTOR('',#2810,1.);
#2810 = DIRECTION('',(1.,-1.144237745222E-17,0.));
#2811 = ORIENTED_EDGE('',*,*,#2285,.T.);
#2812 = ORIENTED_EDGE('',*,*,#2813,.F.);
#2813 = EDGE_CURVE('',#2814,#2278,#2816,.T.);
#2814 = VERTEX_POINT('',#2815);
#2815 = CARTESIAN_POINT('',(-0.775,0.7,0.9));
#2816 = LINE('',#2817,#2818);
#2817 = CARTESIAN_POINT('',(-0.775,-1.3425,0.9));
#2818 = VECTOR('',#2819,1.);
#2819 = DIRECTION('',(-1.110223024625E-16,1.,0.));
#2820 = ORIENTED_EDGE('',*,*,#2821,.F.);
#2821 = EDGE_CURVE('',#2456,#2814,#2822,.T.);
#2822 = LINE('',#2823,#2824);
#2823 = CARTESIAN_POINT('',(-0.85,0.7,0.9));
#2824 = VECTOR('',#2825,1.);
#2825 = DIRECTION('',(1.,-1.144237745222E-17,0.));
#2826 = PLANE('',#2827);
#2827 = AXIS2_PLACEMENT_3D('',#2828,#2829,#2830);
#2828 = CARTESIAN_POINT('',(-0.85,0.7,0.9));
#2829 = DIRECTION('',(0.,0.,-1.));
#2830 = DIRECTION('',(1.,-1.144237745222E-17,0.));
#2831 = ADVANCED_FACE('',(#2832),#2896,.F.);
#2832 = FACE_BOUND('',#2833,.F.);
#2833 = EDGE_LOOP('',(#2834,#2844,#2852,#2860,#2868,#2874,#2875,#2876,
    #2883,#2891));
#2834 = ORIENTED_EDGE('',*,*,#2835,.T.);
#2835 = EDGE_CURVE('',#2836,#2838,#2840,.T.);
#2836 = VERTEX_POINT('',#2837);
#2837 = CARTESIAN_POINT('',(-0.775,-1.3425,0.9));
#2838 = VERTEX_POINT('',#2839);
#2839 = CARTESIAN_POINT('',(-0.775,-1.2,0.9));
#2840 = LINE('',#2841,#2842);
#2841 = CARTESIAN_POINT('',(-0.775,-1.3425,0.9));
#2842 = VECTOR('',#2843,1.);
#2843 = DIRECTION('',(-1.110223024625E-16,1.,0.));
#2844 = ORIENTED_EDGE('',*,*,#2845,.T.);
#2845 = EDGE_CURVE('',#2838,#2846,#2848,.T.);
#2846 = VERTEX_POINT('',#2847);
#2847 = CARTESIAN_POINT('',(-0.775,-0.7,0.9));
#2848 = LINE('',#2849,#2850);
#2849 = CARTESIAN_POINT('',(-0.775,-1.3425,0.9));
#2850 = VECTOR('',#2851,1.);
#2851 = DIRECTION('',(-1.110223024625E-16,1.,0.));
#2852 = ORIENTED_EDGE('',*,*,#2853,.T.);
#2853 = EDGE_CURVE('',#2846,#2854,#2856,.T.);
#2854 = VERTEX_POINT('',#2855);
#2855 = CARTESIAN_POINT('',(-0.775,-0.25,0.9));
#2856 = LINE('',#2857,#2858);
#2857 = CARTESIAN_POINT('',(-0.775,-1.3425,0.9));
#2858 = VECTOR('',#2859,1.);
#2859 = DIRECTION('',(-1.110223024625E-16,1.,0.));
#2860 = ORIENTED_EDGE('',*,*,#2861,.T.);
#2861 = EDGE_CURVE('',#2854,#2862,#2864,.T.);
#2862 = VERTEX_POINT('',#2863);
#2863 = CARTESIAN_POINT('',(-0.775,0.25,0.9));
#2864 = LINE('',#2865,#2866);
#2865 = CARTESIAN_POINT('',(-0.775,-1.3425,0.9));
#2866 = VECTOR('',#2867,1.);
#2867 = DIRECTION('',(-1.110223024625E-16,1.,0.));
#2868 = ORIENTED_EDGE('',*,*,#2869,.T.);
#2869 = EDGE_CURVE('',#2862,#2814,#2870,.T.);
#2870 = LINE('',#2871,#2872);
#2871 = CARTESIAN_POINT('',(-0.775,-1.3425,0.9));
#2872 = VECTOR('',#2873,1.);
#2873 = DIRECTION('',(-1.110223024625E-16,1.,0.));
#2874 = ORIENTED_EDGE('',*,*,#2813,.T.);
#2875 = ORIENTED_EDGE('',*,*,#2277,.T.);
#2876 = ORIENTED_EDGE('',*,*,#2877,.T.);
#2877 = EDGE_CURVE('',#2270,#2878,#2880,.T.);
#2878 = VERTEX_POINT('',#2879);
#2879 = CARTESIAN_POINT('',(-0.683648457443,1.296824228722,1.55));
#2880 = B_SPLINE_CURVE_WITH_KNOTS('',1,(#2881,#2882),.UNSPECIFIED.,.F.,
  .F.,(2,2),(0.,1.),.PIECEWISE_BEZIER_KNOTS.);
#2881 = CARTESIAN_POINT('',(-0.775,1.3425,0.9));
#2882 = CARTESIAN_POINT('',(-0.683648457443,1.296824228722,1.55));
#2883 = ORIENTED_EDGE('',*,*,#2884,.F.);
#2884 = EDGE_CURVE('',#2885,#2878,#2887,.T.);
#2885 = VERTEX_POINT('',#2886);
#2886 = CARTESIAN_POINT('',(-0.683648457443,-1.296824228722,1.55));
#2887 = LINE('',#2888,#2889);
#2888 = CARTESIAN_POINT('',(-0.683648457443,-1.296824228722,1.55));
#2889 = VECTOR('',#2890,1.);
#2890 = DIRECTION('',(-1.110223024625E-16,1.,0.));
#2891 = ORIENTED_EDGE('',*,*,#2892,.F.);
#2892 = EDGE_CURVE('',#2836,#2885,#2893,.T.);
#2893 = B_SPLINE_CURVE_WITH_KNOTS('',1,(#2894,#2895),.UNSPECIFIED.,.F.,
  .F.,(2,2),(0.,1.),.PIECEWISE_BEZIER_KNOTS.);
#2894 = CARTESIAN_POINT('',(-0.775,-1.3425,0.9));
#2895 = CARTESIAN_POINT('',(-0.683648457443,-1.296824228722,1.55));
#2896 = B_SPLINE_SURFACE_WITH_KNOTS('',1,1,(
    (#2897,#2898)
    ,(#2899,#2900
    )),.UNSPECIFIED.,.F.,.F.,.F.,(2,2),(2,2),(0.,2.685),(0.,1.),
  .PIECEWISE_BEZIER_KNOTS.);
#2897 = CARTESIAN_POINT('',(-0.775,-1.3425,0.9));
#2898 = CARTESIAN_POINT('',(-0.683648457443,-1.296824228722,1.55));
#2899 = CARTESIAN_POINT('',(-0.775,1.3425,0.9));
#2900 = CARTESIAN_POINT('',(-0.683648457443,1.296824228722,1.55));
#2901 = ADVANCED_FACE('',(#2902),#2919,.F.);
#2902 = FACE_BOUND('',#2903,.F.);
#2903 = EDGE_LOOP('',(#2904,#2905,#2912,#2918));
#2904 = ORIENTED_EDGE('',*,*,#2269,.T.);
#2905 = ORIENTED_EDGE('',*,*,#2906,.T.);
#2906 = EDGE_CURVE('',#2262,#2907,#2909,.T.);
#2907 = VERTEX_POINT('',#2908);
#2908 = CARTESIAN_POINT('',(-0.646824228722,1.333648457443,1.55));
#2909 = B_SPLINE_CURVE_WITH_KNOTS('',1,(#2910,#2911),.UNSPECIFIED.,.F.,
  .F.,(2,2),(0.,1.),.PIECEWISE_BEZIER_KNOTS.);
#2910 = CARTESIAN_POINT('',(-0.6925,1.425,0.9));
#2911 = CARTESIAN_POINT('',(-0.646824228722,1.333648457443,1.55));
#2912 = ORIENTED_EDGE('',*,*,#2913,.F.);
#2913 = EDGE_CURVE('',#2878,#2907,#2914,.T.);
#2914 = LINE('',#2915,#2916);
#2915 = CARTESIAN_POINT('',(-0.683648457443,1.296824228722,1.55));
#2916 = VECTOR('',#2917,1.);
#2917 = DIRECTION('',(0.707106781187,0.707106781187,0.));
#2918 = ORIENTED_EDGE('',*,*,#2877,.F.);
#2919 = B_SPLINE_SURFACE_WITH_KNOTS('',1,1,(
    (#2920,#2921)
    ,(#2922,#2923
    )),.UNSPECIFIED.,.F.,.F.,.F.,(2,2),(2,2),(0.,0.116672618896),(0.,1.)
  ,.PIECEWISE_BEZIER_KNOTS.);
#2920 = CARTESIAN_POINT('',(-0.775,1.3425,0.9));
#2921 = CARTESIAN_POINT('',(-0.683648457443,1.296824228722,1.55));
#2922 = CARTESIAN_POINT('',(-0.6925,1.425,0.9));
#2923 = CARTESIAN_POINT('',(-0.646824228722,1.333648457443,1.55));
#2924 = ADVANCED_FACE('',(#2925),#2942,.F.);
#2925 = FACE_BOUND('',#2926,.F.);
#2926 = EDGE_LOOP('',(#2927,#2928,#2935,#2941));
#2927 = ORIENTED_EDGE('',*,*,#2261,.T.);
#2928 = ORIENTED_EDGE('',*,*,#2929,.T.);
#2929 = EDGE_CURVE('',#2254,#2930,#2932,.T.);
#2930 = VERTEX_POINT('',#2931);
#2931 = CARTESIAN_POINT('',(0.646824228722,1.333648457443,1.55));
#2932 = B_SPLINE_CURVE_WITH_KNOTS('',1,(#2933,#2934),.UNSPECIFIED.,.F.,
  .F.,(2,2),(0.,1.),.PIECEWISE_BEZIER_KNOTS.);
#2933 = CARTESIAN_POINT('',(0.6925,1.425,0.9));
#2934 = CARTESIAN_POINT('',(0.646824228722,1.333648457443,1.55));
#2935 = ORIENTED_EDGE('',*,*,#2936,.F.);
#2936 = EDGE_CURVE('',#2907,#2930,#2937,.T.);
#2937 = LINE('',#2938,#2939);
#2938 = CARTESIAN_POINT('',(-0.646824228722,1.333648457443,1.55));
#2939 = VECTOR('',#2940,1.);
#2940 = DIRECTION('',(1.,1.110223024625E-16,0.));
#2941 = ORIENTED_EDGE('',*,*,#2906,.F.);
#2942 = B_SPLINE_SURFACE_WITH_KNOTS('',1,1,(
    (#2943,#2944)
    ,(#2945,#2946
    )),.UNSPECIFIED.,.F.,.F.,.F.,(2,2),(2,2),(0.,1.385),(0.,1.),
  .PIECEWISE_BEZIER_KNOTS.);
#2943 = CARTESIAN_POINT('',(-0.6925,1.425,0.9));
#2944 = CARTESIAN_POINT('',(-0.646824228722,1.333648457443,1.55));
#2945 = CARTESIAN_POINT('',(0.6925,1.425,0.9));
#2946 = CARTESIAN_POINT('',(0.646824228722,1.333648457443,1.55));
#2947 = ADVANCED_FACE('',(#2948),#2965,.F.);
#2948 = FACE_BOUND('',#2949,.F.);
#2949 = EDGE_LOOP('',(#2950,#2951,#2958,#2964));
#2950 = ORIENTED_EDGE('',*,*,#2253,.T.);
#2951 = ORIENTED_EDGE('',*,*,#2952,.T.);
#2952 = EDGE_CURVE('',#2246,#2953,#2955,.T.);
#2953 = VERTEX_POINT('',#2954);
#2954 = CARTESIAN_POINT('',(0.683648457443,1.296824228722,1.55));
#2955 = B_SPLINE_CURVE_WITH_KNOTS('',1,(#2956,#2957),.UNSPECIFIED.,.F.,
  .F.,(2,2),(0.,1.),.PIECEWISE_BEZIER_KNOTS.);
#2956 = CARTESIAN_POINT('',(0.775,1.3425,0.9));
#2957 = CARTESIAN_POINT('',(0.683648457443,1.296824228722,1.55));
#2958 = ORIENTED_EDGE('',*,*,#2959,.F.);
#2959 = EDGE_CURVE('',#2930,#2953,#2960,.T.);
#2960 = LINE('',#2961,#2962);
#2961 = CARTESIAN_POINT('',(0.646824228722,1.333648457443,1.55));
#2962 = VECTOR('',#2963,1.);
#2963 = DIRECTION('',(0.707106781187,-0.707106781187,0.));
#2964 = ORIENTED_EDGE('',*,*,#2929,.F.);
#2965 = B_SPLINE_SURFACE_WITH_KNOTS('',1,1,(
    (#2966,#2967)
    ,(#2968,#2969
    )),.UNSPECIFIED.,.F.,.F.,.F.,(2,2),(2,2),(0.,0.116672618896),(0.,1.)
  ,.PIECEWISE_BEZIER_KNOTS.);
#2966 = CARTESIAN_POINT('',(0.6925,1.425,0.9));
#2967 = CARTESIAN_POINT('',(0.646824228722,1.333648457443,1.55));
#2968 = CARTESIAN_POINT('',(0.775,1.3425,0.9));
#2969 = CARTESIAN_POINT('',(0.683648457443,1.296824228722,1.55));
#2970 = ADVANCED_FACE('',(#2971),#3036,.F.);
#2971 = FACE_BOUND('',#2972,.F.);
#2972 = EDGE_LOOP('',(#2973,#2974,#2982,#2990,#2998,#3006,#3014,#3022,
    #3029,#3035));
#2973 = ORIENTED_EDGE('',*,*,#2245,.T.);
#2974 = ORIENTED_EDGE('',*,*,#2975,.T.);
#2975 = EDGE_CURVE('',#2238,#2976,#2978,.T.);
#2976 = VERTEX_POINT('',#2977);
#2977 = CARTESIAN_POINT('',(0.775,0.7,0.9));
#2978 = LINE('',#2979,#2980);
#2979 = CARTESIAN_POINT('',(0.775,1.3425,0.9));
#2980 = VECTOR('',#2981,1.);
#2981 = DIRECTION('',(1.110223024625E-16,-1.,0.));
#2982 = ORIENTED_EDGE('',*,*,#2983,.T.);
#2983 = EDGE_CURVE('',#2976,#2984,#2986,.T.);
#2984 = VERTEX_POINT('',#2985);
#2985 = CARTESIAN_POINT('',(0.775,0.25,0.9));
#2986 = LINE('',#2987,#2988);
#2987 = CARTESIAN_POINT('',(0.775,1.3425,0.9));
#2988 = VECTOR('',#2989,1.);
#2989 = DIRECTION('',(1.110223024625E-16,-1.,0.));
#2990 = ORIENTED_EDGE('',*,*,#2991,.T.);
#2991 = EDGE_CURVE('',#2984,#2992,#2994,.T.);
#2992 = VERTEX_POINT('',#2993);
#2993 = CARTESIAN_POINT('',(0.775,-0.25,0.9));
#2994 = LINE('',#2995,#2996);
#2995 = CARTESIAN_POINT('',(0.775,1.3425,0.9));
#2996 = VECTOR('',#2997,1.);
#2997 = DIRECTION('',(1.110223024625E-16,-1.,0.));
#2998 = ORIENTED_EDGE('',*,*,#2999,.T.);
#2999 = EDGE_CURVE('',#2992,#3000,#3002,.T.);
#3000 = VERTEX_POINT('',#3001);
#3001 = CARTESIAN_POINT('',(0.775,-0.7,0.9));
#3002 = LINE('',#3003,#3004);
#3003 = CARTESIAN_POINT('',(0.775,1.3425,0.9));
#3004 = VECTOR('',#3005,1.);
#3005 = DIRECTION('',(1.110223024625E-16,-1.,0.));
#3006 = ORIENTED_EDGE('',*,*,#3007,.T.);
#3007 = EDGE_CURVE('',#3000,#3008,#3010,.T.);
#3008 = VERTEX_POINT('',#3009);
#3009 = CARTESIAN_POINT('',(0.775,-1.2,0.9));
#3010 = LINE('',#3011,#3012);
#3011 = CARTESIAN_POINT('',(0.775,1.3425,0.9));
#3012 = VECTOR('',#3013,1.);
#3013 = DIRECTION('',(1.110223024625E-16,-1.,0.));
#3014 = ORIENTED_EDGE('',*,*,#3015,.T.);
#3015 = EDGE_CURVE('',#3008,#3016,#3018,.T.);
#3016 = VERTEX_POINT('',#3017);
#3017 = CARTESIAN_POINT('',(0.775,-1.3425,0.9));
#3018 = LINE('',#3019,#3020);
#3019 = CARTESIAN_POINT('',(0.775,1.3425,0.9));
#3020 = VECTOR('',#3021,1.);
#3021 = DIRECTION('',(1.110223024625E-16,-1.,0.));
#3022 = ORIENTED_EDGE('',*,*,#3023,.T.);
#3023 = EDGE_CURVE('',#3016,#3024,#3026,.T.);
#3024 = VERTEX_POINT('',#3025);
#3025 = CARTESIAN_POINT('',(0.683648457443,-1.296824228722,1.55));
#3026 = B_SPLINE_CURVE_WITH_KNOTS('',1,(#3027,#3028),.UNSPECIFIED.,.F.,
  .F.,(2,2),(0.,1.),.PIECEWISE_BEZIER_KNOTS.);
#3027 = CARTESIAN_POINT('',(0.775,-1.3425,0.9));
#3028 = CARTESIAN_POINT('',(0.683648457443,-1.296824228722,1.55));
#3029 = ORIENTED_EDGE('',*,*,#3030,.F.);
#3030 = EDGE_CURVE('',#2953,#3024,#3031,.T.);
#3031 = LINE('',#3032,#3033);
#3032 = CARTESIAN_POINT('',(0.683648457443,1.296824228722,1.55));
#3033 = VECTOR('',#3034,1.);
#3034 = DIRECTION('',(1.110223024625E-16,-1.,0.));
#3035 = ORIENTED_EDGE('',*,*,#2952,.F.);
#3036 = B_SPLINE_SURFACE_WITH_KNOTS('',1,1,(
    (#3037,#3038)
    ,(#3039,#3040
    )),.UNSPECIFIED.,.F.,.F.,.F.,(2,2),(2,2),(0.,2.685),(0.,1.),
  .PIECEWISE_BEZIER_KNOTS.);
#3037 = CARTESIAN_POINT('',(0.775,1.3425,0.9));
#3038 = CARTESIAN_POINT('',(0.683648457443,1.296824228722,1.55));
#3039 = CARTESIAN_POINT('',(0.775,-1.3425,0.9));
#3040 = CARTESIAN_POINT('',(0.683648457443,-1.296824228722,1.55));
#3041 = ADVANCED_FACE('',(#3042),#3074,.F.);
#3042 = FACE_BOUND('',#3043,.F.);
#3043 = EDGE_LOOP('',(#3044,#3052,#3060,#3066,#3072,#3073));
#3044 = ORIENTED_EDGE('',*,*,#3045,.F.);
#3045 = EDGE_CURVE('',#3046,#2230,#3048,.T.);
#3046 = VERTEX_POINT('',#3047);
#3047 = CARTESIAN_POINT('',(0.85,1.2,0.9));
#3048 = LINE('',#3049,#3050);
#3049 = CARTESIAN_POINT('',(0.85,1.2,0.9));
#3050 = VECTOR('',#3051,1.);
#3051 = DIRECTION('',(-1.,-1.110223024625E-16,0.));
#3052 = ORIENTED_EDGE('',*,*,#3053,.T.);
#3053 = EDGE_CURVE('',#3046,#3054,#3056,.T.);
#3054 = VERTEX_POINT('',#3055);
#3055 = CARTESIAN_POINT('',(0.85,0.7,0.9));
#3056 = LINE('',#3057,#3058);
#3057 = CARTESIAN_POINT('',(0.85,1.2,0.9));
#3058 = VECTOR('',#3059,1.);
#3059 = DIRECTION('',(1.110223024625E-16,-1.,0.));
#3060 = ORIENTED_EDGE('',*,*,#3061,.T.);
#3061 = EDGE_CURVE('',#3054,#2574,#3062,.T.);
#3062 = LINE('',#3063,#3064);
#3063 = CARTESIAN_POINT('',(0.85,0.7,0.9));
#3064 = VECTOR('',#3065,1.);
#3065 = DIRECTION('',(-1.,-1.110223024625E-16,0.));
#3066 = ORIENTED_EDGE('',*,*,#3067,.T.);
#3067 = EDGE_CURVE('',#2574,#2976,#3068,.T.);
#3068 = LINE('',#3069,#3070);
#3069 = CARTESIAN_POINT('',(0.85,0.7,0.9));
#3070 = VECTOR('',#3071,1.);
#3071 = DIRECTION('',(-1.,-1.110223024625E-16,0.));
#3072 = ORIENTED_EDGE('',*,*,#2975,.F.);
#3073 = ORIENTED_EDGE('',*,*,#2237,.F.);
#3074 = PLANE('',#3075);
#3075 = AXIS2_PLACEMENT_3D('',#3076,#3077,#3078);
#3076 = CARTESIAN_POINT('',(0.85,1.2,0.9));
#3077 = DIRECTION('',(0.,0.,-1.));
#3078 = DIRECTION('',(-1.,-1.110223024625E-16,-0.));
#3079 = ADVANCED_FACE('',(#3080),#3123,.F.);
#3080 = FACE_BOUND('',#3081,.F.);
#3081 = EDGE_LOOP('',(#3082,#3083,#3089,#3090,#3098,#3106,#3112,#3113,
    #3119,#3120,#3121,#3122));
#3082 = ORIENTED_EDGE('',*,*,#2339,.T.);
#3083 = ORIENTED_EDGE('',*,*,#3084,.T.);
#3084 = EDGE_CURVE('',#2332,#2838,#3085,.T.);
#3085 = LINE('',#3086,#3087);
#3086 = CARTESIAN_POINT('',(-0.85,-1.2,0.9));
#3087 = VECTOR('',#3088,1.);
#3088 = DIRECTION('',(1.,-1.144237745222E-17,0.));
#3089 = ORIENTED_EDGE('',*,*,#2835,.F.);
#3090 = ORIENTED_EDGE('',*,*,#3091,.F.);
#3091 = EDGE_CURVE('',#3092,#2836,#3094,.T.);
#3092 = VERTEX_POINT('',#3093);
#3093 = CARTESIAN_POINT('',(-0.6925,-1.425,0.9));
#3094 = LINE('',#3095,#3096);
#3095 = CARTESIAN_POINT('',(-0.6925,-1.425,0.9));
#3096 = VECTOR('',#3097,1.);
#3097 = DIRECTION('',(-0.707106781187,0.707106781187,0.));
#3098 = ORIENTED_EDGE('',*,*,#3099,.F.);
#3099 = EDGE_CURVE('',#3100,#3092,#3102,.T.);
#3100 = VERTEX_POINT('',#3101);
#3101 = CARTESIAN_POINT('',(0.6925,-1.425,0.9));
#3102 = LINE('',#3103,#3104);
#3103 = CARTESIAN_POINT('',(0.6925,-1.425,0.9));
#3104 = VECTOR('',#3105,1.);
#3105 = DIRECTION('',(-1.,-1.110223024625E-16,0.));
#3106 = ORIENTED_EDGE('',*,*,#3107,.F.);
#3107 = EDGE_CURVE('',#3016,#3100,#3108,.T.);
#3108 = LINE('',#3109,#3110);
#3109 = CARTESIAN_POINT('',(0.775,-1.3425,0.9));
#3110 = VECTOR('',#3111,1.);
#3111 = DIRECTION('',(-0.707106781187,-0.707106781187,0.));
#3112 = ORIENTED_EDGE('',*,*,#3015,.F.);
#3113 = ORIENTED_EDGE('',*,*,#3114,.F.);
#3114 = EDGE_CURVE('',#2698,#3008,#3115,.T.);
#3115 = LINE('',#3116,#3117);
#3116 = CARTESIAN_POINT('',(0.85,-1.2,0.9));
#3117 = VECTOR('',#3118,1.);
#3118 = DIRECTION('',(-1.,-1.110223024625E-16,0.));
#3119 = ORIENTED_EDGE('',*,*,#2713,.T.);
#3120 = ORIENTED_EDGE('',*,*,#2758,.T.);
#3121 = ORIENTED_EDGE('',*,*,#2775,.T.);
#3122 = ORIENTED_EDGE('',*,*,#2729,.T.);
#3123 = PLANE('',#3124);
#3124 = AXIS2_PLACEMENT_3D('',#3125,#3126,#3127);
#3125 = CARTESIAN_POINT('',(-2.091417030376E-16,1.4375,0.9));
#3126 = DIRECTION('',(4.595758349624E-18,6.551522493592E-27,-1.));
#3127 = DIRECTION('',(1.,1.51922136901E-16,4.595758349624E-18));
#3128 = ADVANCED_FACE('',(#3129),#3215,.F.);
#3129 = FACE_BOUND('',#3130,.F.);
#3130 = EDGE_LOOP('',(#3131,#3132,#3133,#3142,#3150,#3159,#3167,#3175,
    #3183,#3192,#3200,#3209));
#3131 = ORIENTED_EDGE('',*,*,#2331,.F.);
#3132 = ORIENTED_EDGE('',*,*,#2353,.T.);
#3133 = ORIENTED_EDGE('',*,*,#3134,.T.);
#3134 = EDGE_CURVE('',#2354,#3135,#3137,.T.);
#3135 = VERTEX_POINT('',#3136);
#3136 = CARTESIAN_POINT('',(-0.948480775301,-1.2,0.667364817767));
#3137 = CIRCLE('',#3138,0.1);
#3138 = AXIS2_PLACEMENT_3D('',#3139,#3140,#3141);
#3139 = CARTESIAN_POINT('',(-0.85,-1.2,0.65));
#3140 = DIRECTION('',(-1.144237745222E-17,-1.,0.));
#3141 = DIRECTION('',(0.,0.,1.));
#3142 = ORIENTED_EDGE('',*,*,#3143,.T.);
#3143 = EDGE_CURVE('',#3135,#3144,#3146,.T.);
#3144 = VERTEX_POINT('',#3145);
#3145 = CARTESIAN_POINT('',(-1.02432885403,-1.2,0.206587955583));
#3146 = LINE('',#3147,#3148);
#3147 = CARTESIAN_POINT('',(-0.948480775301,-1.2,0.667364817767));
#3148 = VECTOR('',#3149,1.);
#3149 = DIRECTION('',(-0.162423314012,1.858508865964E-18,-0.986721169868
    ));
#3150 = ORIENTED_EDGE('',*,*,#3151,.T.);
#3151 = EDGE_CURVE('',#3144,#3152,#3154,.T.);
#3152 = VERTEX_POINT('',#3153);
#3153 = CARTESIAN_POINT('',(-1.270530792283,-1.2,0.));
#3154 = CIRCLE('',#3155,0.25);
#3155 = AXIS2_PLACEMENT_3D('',#3156,#3157,#3158);
#3156 = CARTESIAN_POINT('',(-1.270530792283,-1.2,0.25));
#3157 = DIRECTION('',(1.144237745222E-17,1.,1.155557966632E-33));
#3158 = DIRECTION('',(0.984807753012,-1.126854202784E-17,-0.173648177667
    ));
#3159 = ORIENTED_EDGE('',*,*,#3160,.T.);
#3160 = EDGE_CURVE('',#3152,#3161,#3163,.T.);
#3161 = VERTEX_POINT('',#3162);
#3162 = CARTESIAN_POINT('',(-1.4,-1.2,0.));
#3163 = LINE('',#3164,#3165);
#3164 = CARTESIAN_POINT('',(-1.270530792283,-1.2,0.));
#3165 = VECTOR('',#3166,1.);
#3166 = DIRECTION('',(-1.,1.144237745222E-17,0.));
#3167 = ORIENTED_EDGE('',*,*,#3168,.T.);
#3168 = EDGE_CURVE('',#3161,#3169,#3171,.T.);
#3169 = VERTEX_POINT('',#3170);
#3170 = CARTESIAN_POINT('',(-1.4,-1.2,0.15));
#3171 = LINE('',#3172,#3173);
#3172 = CARTESIAN_POINT('',(-1.4,-1.2,0.));
#3173 = VECTOR('',#3174,1.);
#3174 = DIRECTION('',(0.,0.,1.));
#3175 = ORIENTED_EDGE('',*,*,#3176,.T.);
#3176 = EDGE_CURVE('',#3169,#3177,#3179,.T.);
#3177 = VERTEX_POINT('',#3178);
#3178 = CARTESIAN_POINT('',(-1.270530792283,-1.2,0.15));
#3179 = LINE('',#3180,#3181);
#3180 = CARTESIAN_POINT('',(-1.4,-1.2,0.15));
#3181 = VECTOR('',#3182,1.);
#3182 = DIRECTION('',(1.,-1.144237745222E-17,0.));
#3183 = ORIENTED_EDGE('',*,*,#3184,.T.);
#3184 = EDGE_CURVE('',#3177,#3185,#3187,.T.);
#3185 = VERTEX_POINT('',#3186);
#3186 = CARTESIAN_POINT('',(-1.172050016982,-1.2,0.232635182233));
#3187 = CIRCLE('',#3188,0.1);
#3188 = AXIS2_PLACEMENT_3D('',#3189,#3190,#3191);
#3189 = CARTESIAN_POINT('',(-1.270530792283,-1.2,0.25));
#3190 = DIRECTION('',(-1.144237745222E-17,-1.,0.));
#3191 = DIRECTION('',(-2.22044604925E-15,2.540718180781E-32,-1.));
#3192 = ORIENTED_EDGE('',*,*,#3193,.T.);
#3193 = EDGE_CURVE('',#3185,#3194,#3196,.T.);
#3194 = VERTEX_POINT('',#3195);
#3195 = CARTESIAN_POINT('',(-1.096201938253,-1.2,0.693412044417));
#3196 = LINE('',#3197,#3198);
#3197 = CARTESIAN_POINT('',(-1.172050016982,-1.2,0.232635182233));
#3198 = VECTOR('',#3199,1.);
#3199 = DIRECTION('',(0.162423314012,-1.858508865964E-18,0.986721169868)
  );
#3200 = ORIENTED_EDGE('',*,*,#3201,.T.);
#3201 = EDGE_CURVE('',#3194,#3202,#3204,.T.);
#3202 = VERTEX_POINT('',#3203);
#3203 = CARTESIAN_POINT('',(-0.85,-1.2,0.9));
#3204 = CIRCLE('',#3205,0.25);
#3205 = AXIS2_PLACEMENT_3D('',#3206,#3207,#3208);
#3206 = CARTESIAN_POINT('',(-0.85,-1.2,0.65));
#3207 = DIRECTION('',(1.144237745222E-17,1.,7.703719777549E-34));
#3208 = DIRECTION('',(-0.984807753012,1.126854202784E-17,0.173648177667)
  );
#3209 = ORIENTED_EDGE('',*,*,#3210,.T.);
#3210 = EDGE_CURVE('',#3202,#2332,#3211,.T.);
#3211 = LINE('',#3212,#3213);
#3212 = CARTESIAN_POINT('',(-0.85,-1.2,0.9));
#3213 = VECTOR('',#3214,1.);
#3214 = DIRECTION('',(1.,-1.144237745222E-17,0.));
#3215 = PLANE('',#3216);
#3216 = AXIS2_PLACEMENT_3D('',#3217,#3218,#3219);
#3217 = CARTESIAN_POINT('',(-1.069123385139,-1.2,0.441695635315));
#3218 = DIRECTION('',(1.144237745222E-17,1.,0.));
#3219 = DIRECTION('',(0.,-0.,1.));
#3220 = ADVANCED_FACE('',(#3221),#3240,.F.);
#3221 = FACE_BOUND('',#3222,.F.);
#3222 = EDGE_LOOP('',(#3223,#3224,#3233,#3239));
#3223 = ORIENTED_EDGE('',*,*,#2370,.T.);
#3224 = ORIENTED_EDGE('',*,*,#3225,.T.);
#3225 = EDGE_CURVE('',#2363,#3226,#3228,.T.);
#3226 = VERTEX_POINT('',#3227);
#3227 = CARTESIAN_POINT('',(-0.948480775301,-0.7,0.667364817767));
#3228 = CIRCLE('',#3229,0.1);
#3229 = AXIS2_PLACEMENT_3D('',#3230,#3231,#3232);
#3230 = CARTESIAN_POINT('',(-0.85,-0.7,0.65));
#3231 = DIRECTION('',(-1.144237745222E-17,-1.,0.));
#3232 = DIRECTION('',(0.,0.,1.));
#3233 = ORIENTED_EDGE('',*,*,#3234,.F.);
#3234 = EDGE_CURVE('',#3135,#3226,#3235,.T.);
#3235 = LINE('',#3236,#3237);
#3236 = CARTESIAN_POINT('',(-0.948480775301,-1.2,0.667364817767));
#3237 = VECTOR('',#3238,1.);
#3238 = DIRECTION('',(1.144237745222E-17,1.,0.));
#3239 = ORIENTED_EDGE('',*,*,#3134,.F.);
#3240 = CYLINDRICAL_SURFACE('',#3241,0.1);
#3241 = AXIS2_PLACEMENT_3D('',#3242,#3243,#3244);
#3242 = CARTESIAN_POINT('',(-0.85,-1.2,0.65));
#3243 = DIRECTION('',(-1.144237745222E-17,-1.,0.));
#3244 = DIRECTION('',(0.,0.,1.));
#3245 = ADVANCED_FACE('',(#3246),#3324,.T.);
#3246 = FACE_BOUND('',#3247,.T.);
#3247 = EDGE_LOOP('',(#3248,#3249,#3250,#3251,#3259,#3268,#3276,#3284,
    #3292,#3301,#3309,#3318));
#3248 = ORIENTED_EDGE('',*,*,#2384,.F.);
#3249 = ORIENTED_EDGE('',*,*,#2362,.T.);
#3250 = ORIENTED_EDGE('',*,*,#3225,.T.);
#3251 = ORIENTED_EDGE('',*,*,#3252,.T.);
#3252 = EDGE_CURVE('',#3226,#3253,#3255,.T.);
#3253 = VERTEX_POINT('',#3254);
#3254 = CARTESIAN_POINT('',(-1.02432885403,-0.7,0.206587955583));
#3255 = LINE('',#3256,#3257);
#3256 = CARTESIAN_POINT('',(-0.948480775301,-0.7,0.667364817767));
#3257 = VECTOR('',#3258,1.);
#3258 = DIRECTION('',(-0.162423314012,1.858508865964E-18,-0.986721169868
    ));
#3259 = ORIENTED_EDGE('',*,*,#3260,.T.);
#3260 = EDGE_CURVE('',#3253,#3261,#3263,.T.);
#3261 = VERTEX_POINT('',#3262);
#3262 = CARTESIAN_POINT('',(-1.270530792283,-0.7,0.));
#3263 = CIRCLE('',#3264,0.25);
#3264 = AXIS2_PLACEMENT_3D('',#3265,#3266,#3267);
#3265 = CARTESIAN_POINT('',(-1.270530792283,-0.7,0.25));
#3266 = DIRECTION('',(1.144237745222E-17,1.,1.155557966632E-33));
#3267 = DIRECTION('',(0.984807753012,-1.126854202784E-17,-0.173648177667
    ));
#3268 = ORIENTED_EDGE('',*,*,#3269,.T.);
#3269 = EDGE_CURVE('',#3261,#3270,#3272,.T.);
#3270 = VERTEX_POINT('',#3271);
#3271 = CARTESIAN_POINT('',(-1.4,-0.7,0.));
#3272 = LINE('',#3273,#3274);
#3273 = CARTESIAN_POINT('',(-1.270530792283,-0.7,0.));
#3274 = VECTOR('',#3275,1.);
#3275 = DIRECTION('',(-1.,1.144237745222E-17,0.));
#3276 = ORIENTED_EDGE('',*,*,#3277,.T.);
#3277 = EDGE_CURVE('',#3270,#3278,#3280,.T.);
#3278 = VERTEX_POINT('',#3279);
#3279 = CARTESIAN_POINT('',(-1.4,-0.7,0.15));
#3280 = LINE('',#3281,#3282);
#3281 = CARTESIAN_POINT('',(-1.4,-0.7,0.));
#3282 = VECTOR('',#3283,1.);
#3283 = DIRECTION('',(0.,0.,1.));
#3284 = ORIENTED_EDGE('',*,*,#3285,.T.);
#3285 = EDGE_CURVE('',#3278,#3286,#3288,.T.);
#3286 = VERTEX_POINT('',#3287);
#3287 = CARTESIAN_POINT('',(-1.270530792283,-0.7,0.15));
#3288 = LINE('',#3289,#3290);
#3289 = CARTESIAN_POINT('',(-1.4,-0.7,0.15));
#3290 = VECTOR('',#3291,1.);
#3291 = DIRECTION('',(1.,-1.144237745222E-17,0.));
#3292 = ORIENTED_EDGE('',*,*,#3293,.T.);
#3293 = EDGE_CURVE('',#3286,#3294,#3296,.T.);
#3294 = VERTEX_POINT('',#3295);
#3295 = CARTESIAN_POINT('',(-1.172050016982,-0.7,0.232635182233));
#3296 = CIRCLE('',#3297,0.1);
#3297 = AXIS2_PLACEMENT_3D('',#3298,#3299,#3300);
#3298 = CARTESIAN_POINT('',(-1.270530792283,-0.7,0.25));
#3299 = DIRECTION('',(-1.144237745222E-17,-1.,0.));
#3300 = DIRECTION('',(-2.22044604925E-15,2.540718180781E-32,-1.));
#3301 = ORIENTED_EDGE('',*,*,#3302,.T.);
#3302 = EDGE_CURVE('',#3294,#3303,#3305,.T.);
#3303 = VERTEX_POINT('',#3304);
#3304 = CARTESIAN_POINT('',(-1.096201938253,-0.7,0.693412044417));
#3305 = LINE('',#3306,#3307);
#3306 = CARTESIAN_POINT('',(-1.172050016982,-0.7,0.232635182233));
#3307 = VECTOR('',#3308,1.);
#3308 = DIRECTION('',(0.162423314012,-1.858508865964E-18,0.986721169868)
  );
#3309 = ORIENTED_EDGE('',*,*,#3310,.T.);
#3310 = EDGE_CURVE('',#3303,#3311,#3313,.T.);
#3311 = VERTEX_POINT('',#3312);
#3312 = CARTESIAN_POINT('',(-0.85,-0.7,0.9));
#3313 = CIRCLE('',#3314,0.25);
#3314 = AXIS2_PLACEMENT_3D('',#3315,#3316,#3317);
#3315 = CARTESIAN_POINT('',(-0.85,-0.7,0.65));
#3316 = DIRECTION('',(1.144237745222E-17,1.,7.703719777549E-34));
#3317 = DIRECTION('',(-0.984807753012,1.126854202784E-17,0.173648177667)
  );
#3318 = ORIENTED_EDGE('',*,*,#3319,.T.);
#3319 = EDGE_CURVE('',#3311,#2385,#3320,.T.);
#3320 = LINE('',#3321,#3322);
#3321 = CARTESIAN_POINT('',(-0.85,-0.7,0.9));
#3322 = VECTOR('',#3323,1.);
#3323 = DIRECTION('',(1.,-1.144237745222E-17,0.));
#3324 = PLANE('',#3325);
#3325 = AXIS2_PLACEMENT_3D('',#3326,#3327,#3328);
#3326 = CARTESIAN_POINT('',(-1.069123385139,-0.7,0.441695635315));
#3327 = DIRECTION('',(1.144237745222E-17,1.,0.));
#3328 = DIRECTION('',(0.,-0.,1.));
#3329 = ADVANCED_FACE('',(#3330),#3346,.F.);
#3330 = FACE_BOUND('',#3331,.F.);
#3331 = EDGE_LOOP('',(#3332,#3333,#3339,#3340));
#3332 = ORIENTED_EDGE('',*,*,#2401,.T.);
#3333 = ORIENTED_EDGE('',*,*,#3334,.T.);
#3334 = EDGE_CURVE('',#2394,#2854,#3335,.T.);
#3335 = LINE('',#3336,#3337);
#3336 = CARTESIAN_POINT('',(-0.85,-0.25,0.9));
#3337 = VECTOR('',#3338,1.);
#3338 = DIRECTION('',(1.,-1.144237745222E-17,0.));
#3339 = ORIENTED_EDGE('',*,*,#2853,.F.);
#3340 = ORIENTED_EDGE('',*,*,#3341,.F.);
#3341 = EDGE_CURVE('',#2385,#2846,#3342,.T.);
#3342 = LINE('',#3343,#3344);
#3343 = CARTESIAN_POINT('',(-0.85,-0.7,0.9));
#3344 = VECTOR('',#3345,1.);
#3345 = DIRECTION('',(1.,-1.144237745222E-17,0.));
#3346 = PLANE('',#3347);
#3347 = AXIS2_PLACEMENT_3D('',#3348,#3349,#3350);
#3348 = CARTESIAN_POINT('',(-2.091417030376E-16,1.4375,0.9));
#3349 = DIRECTION('',(4.595758349624E-18,6.551522493592E-27,-1.));
#3350 = DIRECTION('',(1.,1.51922136901E-16,4.595758349624E-18));
#3351 = ADVANCED_FACE('',(#3352),#3438,.F.);
#3352 = FACE_BOUND('',#3353,.F.);
#3353 = EDGE_LOOP('',(#3354,#3355,#3356,#3365,#3373,#3382,#3390,#3398,
    #3406,#3415,#3423,#3432));
#3354 = ORIENTED_EDGE('',*,*,#2393,.F.);
#3355 = ORIENTED_EDGE('',*,*,#2415,.T.);
#3356 = ORIENTED_EDGE('',*,*,#3357,.T.);
#3357 = EDGE_CURVE('',#2416,#3358,#3360,.T.);
#3358 = VERTEX_POINT('',#3359);
#3359 = CARTESIAN_POINT('',(-0.948480775301,-0.25,0.667364817767));
#3360 = CIRCLE('',#3361,0.1);
#3361 = AXIS2_PLACEMENT_3D('',#3362,#3363,#3364);
#3362 = CARTESIAN_POINT('',(-0.85,-0.25,0.65));
#3363 = DIRECTION('',(-1.144237745222E-17,-1.,0.));
#3364 = DIRECTION('',(0.,0.,1.));
#3365 = ORIENTED_EDGE('',*,*,#3366,.T.);
#3366 = EDGE_CURVE('',#3358,#3367,#3369,.T.);
#3367 = VERTEX_POINT('',#3368);
#3368 = CARTESIAN_POINT('',(-1.02432885403,-0.25,0.206587955583));
#3369 = LINE('',#3370,#3371);
#3370 = CARTESIAN_POINT('',(-0.948480775301,-0.25,0.667364817767));
#3371 = VECTOR('',#3372,1.);
#3372 = DIRECTION('',(-0.162423314012,1.858508865964E-18,-0.986721169868
    ));
#3373 = ORIENTED_EDGE('',*,*,#3374,.T.);
#3374 = EDGE_CURVE('',#3367,#3375,#3377,.T.);
#3375 = VERTEX_POINT('',#3376);
#3376 = CARTESIAN_POINT('',(-1.270530792283,-0.25,0.));
#3377 = CIRCLE('',#3378,0.25);
#3378 = AXIS2_PLACEMENT_3D('',#3379,#3380,#3381);
#3379 = CARTESIAN_POINT('',(-1.270530792283,-0.25,0.25));
#3380 = DIRECTION('',(1.144237745222E-17,1.,1.155557966632E-33));
#3381 = DIRECTION('',(0.984807753012,-1.126854202784E-17,-0.173648177667
    ));
#3382 = ORIENTED_EDGE('',*,*,#3383,.T.);
#3383 = EDGE_CURVE('',#3375,#3384,#3386,.T.);
#3384 = VERTEX_POINT('',#3385);
#3385 = CARTESIAN_POINT('',(-1.4,-0.25,0.));
#3386 = LINE('',#3387,#3388);
#3387 = CARTESIAN_POINT('',(-1.270530792283,-0.25,0.));
#3388 = VECTOR('',#3389,1.);
#3389 = DIRECTION('',(-1.,1.144237745222E-17,0.));
#3390 = ORIENTED_EDGE('',*,*,#3391,.T.);
#3391 = EDGE_CURVE('',#3384,#3392,#3394,.T.);
#3392 = VERTEX_POINT('',#3393);
#3393 = CARTESIAN_POINT('',(-1.4,-0.25,0.15));
#3394 = LINE('',#3395,#3396);
#3395 = CARTESIAN_POINT('',(-1.4,-0.25,0.));
#3396 = VECTOR('',#3397,1.);
#3397 = DIRECTION('',(0.,0.,1.));
#3398 = ORIENTED_EDGE('',*,*,#3399,.T.);
#3399 = EDGE_CURVE('',#3392,#3400,#3402,.T.);
#3400 = VERTEX_POINT('',#3401);
#3401 = CARTESIAN_POINT('',(-1.270530792283,-0.25,0.15));
#3402 = LINE('',#3403,#3404);
#3403 = CARTESIAN_POINT('',(-1.4,-0.25,0.15));
#3404 = VECTOR('',#3405,1.);
#3405 = DIRECTION('',(1.,-1.144237745222E-17,0.));
#3406 = ORIENTED_EDGE('',*,*,#3407,.T.);
#3407 = EDGE_CURVE('',#3400,#3408,#3410,.T.);
#3408 = VERTEX_POINT('',#3409);
#3409 = CARTESIAN_POINT('',(-1.172050016982,-0.25,0.232635182233));
#3410 = CIRCLE('',#3411,0.1);
#3411 = AXIS2_PLACEMENT_3D('',#3412,#3413,#3414);
#3412 = CARTESIAN_POINT('',(-1.270530792283,-0.25,0.25));
#3413 = DIRECTION('',(-1.144237745222E-17,-1.,0.));
#3414 = DIRECTION('',(-2.22044604925E-15,2.540718180781E-32,-1.));
#3415 = ORIENTED_EDGE('',*,*,#3416,.T.);
#3416 = EDGE_CURVE('',#3408,#3417,#3419,.T.);
#3417 = VERTEX_POINT('',#3418);
#3418 = CARTESIAN_POINT('',(-1.096201938253,-0.25,0.693412044417));
#3419 = LINE('',#3420,#3421);
#3420 = CARTESIAN_POINT('',(-1.172050016982,-0.25,0.232635182233));
#3421 = VECTOR('',#3422,1.);
#3422 = DIRECTION('',(0.162423314012,-1.858508865964E-18,0.986721169868)
  );
#3423 = ORIENTED_EDGE('',*,*,#3424,.T.);
#3424 = EDGE_CURVE('',#3417,#3425,#3427,.T.);
#3425 = VERTEX_POINT('',#3426);
#3426 = CARTESIAN_POINT('',(-0.85,-0.25,0.9));
#3427 = CIRCLE('',#3428,0.25);
#3428 = AXIS2_PLACEMENT_3D('',#3429,#3430,#3431);
#3429 = CARTESIAN_POINT('',(-0.85,-0.25,0.65));
#3430 = DIRECTION('',(1.144237745222E-17,1.,7.703719777549E-34));
#3431 = DIRECTION('',(-0.984807753012,1.126854202784E-17,0.173648177667)
  );
#3432 = ORIENTED_EDGE('',*,*,#3433,.T.);
#3433 = EDGE_CURVE('',#3425,#2394,#3434,.T.);
#3434 = LINE('',#3435,#3436);
#3435 = CARTESIAN_POINT('',(-0.85,-0.25,0.9));
#3436 = VECTOR('',#3437,1.);
#3437 = DIRECTION('',(1.,-1.144237745222E-17,0.));
#3438 = PLANE('',#3439);
#3439 = AXIS2_PLACEMENT_3D('',#3440,#3441,#3442);
#3440 = CARTESIAN_POINT('',(-1.069123385139,-0.25,0.441695635315));
#3441 = DIRECTION('',(1.144237745222E-17,1.,0.));
#3442 = DIRECTION('',(0.,-0.,1.));
#3443 = ADVANCED_FACE('',(#3444),#3463,.F.);
#3444 = FACE_BOUND('',#3445,.F.);
#3445 = EDGE_LOOP('',(#3446,#3447,#3456,#3462));
#3446 = ORIENTED_EDGE('',*,*,#2432,.T.);
#3447 = ORIENTED_EDGE('',*,*,#3448,.T.);
#3448 = EDGE_CURVE('',#2425,#3449,#3451,.T.);
#3449 = VERTEX_POINT('',#3450);
#3450 = CARTESIAN_POINT('',(-0.948480775301,0.25,0.667364817767));
#3451 = CIRCLE('',#3452,0.1);
#3452 = AXIS2_PLACEMENT_3D('',#3453,#3454,#3455);
#3453 = CARTESIAN_POINT('',(-0.85,0.25,0.65));
#3454 = DIRECTION('',(-1.144237745222E-17,-1.,0.));
#3455 = DIRECTION('',(0.,0.,1.));
#3456 = ORIENTED_EDGE('',*,*,#3457,.F.);
#3457 = EDGE_CURVE('',#3358,#3449,#3458,.T.);
#3458 = LINE('',#3459,#3460);
#3459 = CARTESIAN_POINT('',(-0.948480775301,-0.25,0.667364817767));
#3460 = VECTOR('',#3461,1.);
#3461 = DIRECTION('',(1.144237745222E-17,1.,0.));
#3462 = ORIENTED_EDGE('',*,*,#3357,.F.);
#3463 = CYLINDRICAL_SURFACE('',#3464,0.1);
#3464 = AXIS2_PLACEMENT_3D('',#3465,#3466,#3467);
#3465 = CARTESIAN_POINT('',(-0.85,-0.25,0.65));
#3466 = DIRECTION('',(-1.144237745222E-17,-1.,0.));
#3467 = DIRECTION('',(0.,0.,1.));
#3468 = ADVANCED_FACE('',(#3469),#3547,.T.);
#3469 = FACE_BOUND('',#3470,.T.);
#3470 = EDGE_LOOP('',(#3471,#3472,#3473,#3474,#3482,#3491,#3499,#3507,
    #3515,#3524,#3532,#3541));
#3471 = ORIENTED_EDGE('',*,*,#2446,.F.);
#3472 = ORIENTED_EDGE('',*,*,#2424,.T.);
#3473 = ORIENTED_EDGE('',*,*,#3448,.T.);
#3474 = ORIENTED_EDGE('',*,*,#3475,.T.);
#3475 = EDGE_CURVE('',#3449,#3476,#3478,.T.);
#3476 = VERTEX_POINT('',#3477);
#3477 = CARTESIAN_POINT('',(-1.02432885403,0.25,0.206587955583));
#3478 = LINE('',#3479,#3480);
#3479 = CARTESIAN_POINT('',(-0.948480775301,0.25,0.667364817767));
#3480 = VECTOR('',#3481,1.);
#3481 = DIRECTION('',(-0.162423314012,1.858508865964E-18,-0.986721169868
    ));
#3482 = ORIENTED_EDGE('',*,*,#3483,.T.);
#3483 = EDGE_CURVE('',#3476,#3484,#3486,.T.);
#3484 = VERTEX_POINT('',#3485);
#3485 = CARTESIAN_POINT('',(-1.270530792283,0.25,0.));
#3486 = CIRCLE('',#3487,0.25);
#3487 = AXIS2_PLACEMENT_3D('',#3488,#3489,#3490);
#3488 = CARTESIAN_POINT('',(-1.270530792283,0.25,0.25));
#3489 = DIRECTION('',(1.144237745222E-17,1.,1.155557966632E-33));
#3490 = DIRECTION('',(0.984807753012,-1.126854202784E-17,-0.173648177667
    ));
#3491 = ORIENTED_EDGE('',*,*,#3492,.T.);
#3492 = EDGE_CURVE('',#3484,#3493,#3495,.T.);
#3493 = VERTEX_POINT('',#3494);
#3494 = CARTESIAN_POINT('',(-1.4,0.25,0.));
#3495 = LINE('',#3496,#3497);
#3496 = CARTESIAN_POINT('',(-1.270530792283,0.25,0.));
#3497 = VECTOR('',#3498,1.);
#3498 = DIRECTION('',(-1.,1.144237745222E-17,0.));
#3499 = ORIENTED_EDGE('',*,*,#3500,.T.);
#3500 = EDGE_CURVE('',#3493,#3501,#3503,.T.);
#3501 = VERTEX_POINT('',#3502);
#3502 = CARTESIAN_POINT('',(-1.4,0.25,0.15));
#3503 = LINE('',#3504,#3505);
#3504 = CARTESIAN_POINT('',(-1.4,0.25,0.));
#3505 = VECTOR('',#3506,1.);
#3506 = DIRECTION('',(0.,0.,1.));
#3507 = ORIENTED_EDGE('',*,*,#3508,.T.);
#3508 = EDGE_CURVE('',#3501,#3509,#3511,.T.);
#3509 = VERTEX_POINT('',#3510);
#3510 = CARTESIAN_POINT('',(-1.270530792283,0.25,0.15));
#3511 = LINE('',#3512,#3513);
#3512 = CARTESIAN_POINT('',(-1.4,0.25,0.15));
#3513 = VECTOR('',#3514,1.);
#3514 = DIRECTION('',(1.,-1.144237745222E-17,0.));
#3515 = ORIENTED_EDGE('',*,*,#3516,.T.);
#3516 = EDGE_CURVE('',#3509,#3517,#3519,.T.);
#3517 = VERTEX_POINT('',#3518);
#3518 = CARTESIAN_POINT('',(-1.172050016982,0.25,0.232635182233));
#3519 = CIRCLE('',#3520,0.1);
#3520 = AXIS2_PLACEMENT_3D('',#3521,#3522,#3523);
#3521 = CARTESIAN_POINT('',(-1.270530792283,0.25,0.25));
#3522 = DIRECTION('',(-1.144237745222E-17,-1.,0.));
#3523 = DIRECTION('',(-2.22044604925E-15,2.540718180781E-32,-1.));
#3524 = ORIENTED_EDGE('',*,*,#3525,.T.);
#3525 = EDGE_CURVE('',#3517,#3526,#3528,.T.);
#3526 = VERTEX_POINT('',#3527);
#3527 = CARTESIAN_POINT('',(-1.096201938253,0.25,0.693412044417));
#3528 = LINE('',#3529,#3530);
#3529 = CARTESIAN_POINT('',(-1.172050016982,0.25,0.232635182233));
#3530 = VECTOR('',#3531,1.);
#3531 = DIRECTION('',(0.162423314012,-1.858508865964E-18,0.986721169868)
  );
#3532 = ORIENTED_EDGE('',*,*,#3533,.T.);
#3533 = EDGE_CURVE('',#3526,#3534,#3536,.T.);
#3534 = VERTEX_POINT('',#3535);
#3535 = CARTESIAN_POINT('',(-0.85,0.25,0.9));
#3536 = CIRCLE('',#3537,0.25);
#3537 = AXIS2_PLACEMENT_3D('',#3538,#3539,#3540);
#3538 = CARTESIAN_POINT('',(-0.85,0.25,0.65));
#3539 = DIRECTION('',(1.144237745222E-17,1.,7.703719777549E-34));
#3540 = DIRECTION('',(-0.984807753012,1.126854202784E-17,0.173648177667)
  );
#3541 = ORIENTED_EDGE('',*,*,#3542,.T.);
#3542 = EDGE_CURVE('',#3534,#2447,#3543,.T.);
#3543 = LINE('',#3544,#3545);
#3544 = CARTESIAN_POINT('',(-0.85,0.25,0.9));
#3545 = VECTOR('',#3546,1.);
#3546 = DIRECTION('',(1.,-1.144237745222E-17,0.));
#3547 = PLANE('',#3548);
#3548 = AXIS2_PLACEMENT_3D('',#3549,#3550,#3551);
#3549 = CARTESIAN_POINT('',(-1.069123385139,0.25,0.441695635315));
#3550 = DIRECTION('',(1.144237745222E-17,1.,0.));
#3551 = DIRECTION('',(0.,-0.,1.));
#3552 = ADVANCED_FACE('',(#3553),#3564,.F.);
#3553 = FACE_BOUND('',#3554,.F.);
#3554 = EDGE_LOOP('',(#3555,#3556,#3557,#3558));
#3555 = ORIENTED_EDGE('',*,*,#2463,.T.);
#3556 = ORIENTED_EDGE('',*,*,#2821,.T.);
#3557 = ORIENTED_EDGE('',*,*,#2869,.F.);
#3558 = ORIENTED_EDGE('',*,*,#3559,.F.);
#3559 = EDGE_CURVE('',#2447,#2862,#3560,.T.);
#3560 = LINE('',#3561,#3562);
#3561 = CARTESIAN_POINT('',(-0.85,0.25,0.9));
#3562 = VECTOR('',#3563,1.);
#3563 = DIRECTION('',(1.,-1.144237745222E-17,0.));
#3564 = PLANE('',#3565);
#3565 = AXIS2_PLACEMENT_3D('',#3566,#3567,#3568);
#3566 = CARTESIAN_POINT('',(-2.091417030376E-16,1.4375,0.9));
#3567 = DIRECTION('',(4.595758349624E-18,6.551522493592E-27,-1.));
#3568 = DIRECTION('',(1.,1.51922136901E-16,4.595758349624E-18));
#3569 = ADVANCED_FACE('',(#3570),#3649,.F.);
#3570 = FACE_BOUND('',#3571,.F.);
#3571 = EDGE_LOOP('',(#3572,#3573,#3574,#3583,#3591,#3600,#3608,#3616,
    #3624,#3633,#3641,#3648));
#3572 = ORIENTED_EDGE('',*,*,#2455,.F.);
#3573 = ORIENTED_EDGE('',*,*,#2477,.T.);
#3574 = ORIENTED_EDGE('',*,*,#3575,.T.);
#3575 = EDGE_CURVE('',#2478,#3576,#3578,.T.);
#3576 = VERTEX_POINT('',#3577);
#3577 = CARTESIAN_POINT('',(-0.948480775301,0.7,0.667364817767));
#3578 = CIRCLE('',#3579,0.1);
#3579 = AXIS2_PLACEMENT_3D('',#3580,#3581,#3582);
#3580 = CARTESIAN_POINT('',(-0.85,0.7,0.65));
#3581 = DIRECTION('',(-1.144237745222E-17,-1.,0.));
#3582 = DIRECTION('',(0.,0.,1.));
#3583 = ORIENTED_EDGE('',*,*,#3584,.T.);
#3584 = EDGE_CURVE('',#3576,#3585,#3587,.T.);
#3585 = VERTEX_POINT('',#3586);
#3586 = CARTESIAN_POINT('',(-1.02432885403,0.7,0.206587955583));
#3587 = LINE('',#3588,#3589);
#3588 = CARTESIAN_POINT('',(-0.948480775301,0.7,0.667364817767));
#3589 = VECTOR('',#3590,1.);
#3590 = DIRECTION('',(-0.162423314012,1.858508865964E-18,-0.986721169868
    ));
#3591 = ORIENTED_EDGE('',*,*,#3592,.T.);
#3592 = EDGE_CURVE('',#3585,#3593,#3595,.T.);
#3593 = VERTEX_POINT('',#3594);
#3594 = CARTESIAN_POINT('',(-1.270530792283,0.7,0.));
#3595 = CIRCLE('',#3596,0.25);
#3596 = AXIS2_PLACEMENT_3D('',#3597,#3598,#3599);
#3597 = CARTESIAN_POINT('',(-1.270530792283,0.7,0.25));
#3598 = DIRECTION('',(1.144237745222E-17,1.,1.155557966632E-33));
#3599 = DIRECTION('',(0.984807753012,-1.126854202784E-17,-0.173648177667
    ));
#3600 = ORIENTED_EDGE('',*,*,#3601,.T.);
#3601 = EDGE_CURVE('',#3593,#3602,#3604,.T.);
#3602 = VERTEX_POINT('',#3603);
#3603 = CARTESIAN_POINT('',(-1.4,0.7,0.));
#3604 = LINE('',#3605,#3606);
#3605 = CARTESIAN_POINT('',(-1.270530792283,0.7,0.));
#3606 = VECTOR('',#3607,1.);
#3607 = DIRECTION('',(-1.,1.144237745222E-17,0.));
#3608 = ORIENTED_EDGE('',*,*,#3609,.T.);
#3609 = EDGE_CURVE('',#3602,#3610,#3612,.T.);
#3610 = VERTEX_POINT('',#3611);
#3611 = CARTESIAN_POINT('',(-1.4,0.7,0.15));
#3612 = LINE('',#3613,#3614);
#3613 = CARTESIAN_POINT('',(-1.4,0.7,0.));
#3614 = VECTOR('',#3615,1.);
#3615 = DIRECTION('',(0.,0.,1.));
#3616 = ORIENTED_EDGE('',*,*,#3617,.T.);
#3617 = EDGE_CURVE('',#3610,#3618,#3620,.T.);
#3618 = VERTEX_POINT('',#3619);
#3619 = CARTESIAN_POINT('',(-1.270530792283,0.7,0.15));
#3620 = LINE('',#3621,#3622);
#3621 = CARTESIAN_POINT('',(-1.4,0.7,0.15));
#3622 = VECTOR('',#3623,1.);
#3623 = DIRECTION('',(1.,-1.144237745222E-17,0.));
#3624 = ORIENTED_EDGE('',*,*,#3625,.T.);
#3625 = EDGE_CURVE('',#3618,#3626,#3628,.T.);
#3626 = VERTEX_POINT('',#3627);
#3627 = CARTESIAN_POINT('',(-1.172050016982,0.7,0.232635182233));
#3628 = CIRCLE('',#3629,0.1);
#3629 = AXIS2_PLACEMENT_3D('',#3630,#3631,#3632);
#3630 = CARTESIAN_POINT('',(-1.270530792283,0.7,0.25));
#3631 = DIRECTION('',(-1.144237745222E-17,-1.,0.));
#3632 = DIRECTION('',(-2.22044604925E-15,2.540718180781E-32,-1.));
#3633 = ORIENTED_EDGE('',*,*,#3634,.T.);
#3634 = EDGE_CURVE('',#3626,#3635,#3637,.T.);
#3635 = VERTEX_POINT('',#3636);
#3636 = CARTESIAN_POINT('',(-1.096201938253,0.7,0.693412044417));
#3637 = LINE('',#3638,#3639);
#3638 = CARTESIAN_POINT('',(-1.172050016982,0.7,0.232635182233));
#3639 = VECTOR('',#3640,1.);
#3640 = DIRECTION('',(0.162423314012,-1.858508865964E-18,0.986721169868)
  );
#3641 = ORIENTED_EDGE('',*,*,#3642,.T.);
#3642 = EDGE_CURVE('',#3635,#2791,#3643,.T.);
#3643 = CIRCLE('',#3644,0.25);
#3644 = AXIS2_PLACEMENT_3D('',#3645,#3646,#3647);
#3645 = CARTESIAN_POINT('',(-0.85,0.7,0.65));
#3646 = DIRECTION('',(1.144237745222E-17,1.,7.703719777549E-34));
#3647 = DIRECTION('',(-0.984807753012,1.126854202784E-17,0.173648177667)
  );
#3648 = ORIENTED_EDGE('',*,*,#2790,.T.);
#3649 = PLANE('',#3650);
#3650 = AXIS2_PLACEMENT_3D('',#3651,#3652,#3653);
#3651 = CARTESIAN_POINT('',(-1.069123385139,0.7,0.441695635315));
#3652 = DIRECTION('',(1.144237745222E-17,1.,0.));
#3653 = DIRECTION('',(0.,-0.,1.));
#3654 = ADVANCED_FACE('',(#3655),#3674,.F.);
#3655 = FACE_BOUND('',#3656,.F.);
#3656 = EDGE_LOOP('',(#3657,#3658,#3667,#3673));
#3657 = ORIENTED_EDGE('',*,*,#2494,.T.);
#3658 = ORIENTED_EDGE('',*,*,#3659,.T.);
#3659 = EDGE_CURVE('',#2487,#3660,#3662,.T.);
#3660 = VERTEX_POINT('',#3661);
#3661 = CARTESIAN_POINT('',(-0.948480775301,1.2,0.667364817767));
#3662 = CIRCLE('',#3663,0.1);
#3663 = AXIS2_PLACEMENT_3D('',#3664,#3665,#3666);
#3664 = CARTESIAN_POINT('',(-0.85,1.2,0.65));
#3665 = DIRECTION('',(-1.144237745222E-17,-1.,0.));
#3666 = DIRECTION('',(0.,0.,1.));
#3667 = ORIENTED_EDGE('',*,*,#3668,.F.);
#3668 = EDGE_CURVE('',#3576,#3660,#3669,.T.);
#3669 = LINE('',#3670,#3671);
#3670 = CARTESIAN_POINT('',(-0.948480775301,0.7,0.667364817767));
#3671 = VECTOR('',#3672,1.);
#3672 = DIRECTION('',(1.144237745222E-17,1.,0.));
#3673 = ORIENTED_EDGE('',*,*,#3575,.F.);
#3674 = CYLINDRICAL_SURFACE('',#3675,0.1);
#3675 = AXIS2_PLACEMENT_3D('',#3676,#3677,#3678);
#3676 = CARTESIAN_POINT('',(-0.85,0.7,0.65));
#3677 = DIRECTION('',(-1.144237745222E-17,-1.,0.));
#3678 = DIRECTION('',(0.,0.,1.));
#3679 = ADVANCED_FACE('',(#3680),#3751,.T.);
#3680 = FACE_BOUND('',#3681,.T.);
#3681 = EDGE_LOOP('',(#3682,#3683,#3684,#3685,#3693,#3702,#3710,#3718,
    #3726,#3735,#3743,#3750));
#3682 = ORIENTED_EDGE('',*,*,#2508,.F.);
#3683 = ORIENTED_EDGE('',*,*,#2486,.T.);
#3684 = ORIENTED_EDGE('',*,*,#3659,.T.);
#3685 = ORIENTED_EDGE('',*,*,#3686,.T.);
#3686 = EDGE_CURVE('',#3660,#3687,#3689,.T.);
#3687 = VERTEX_POINT('',#3688);
#3688 = CARTESIAN_POINT('',(-1.02432885403,1.2,0.206587955583));
#3689 = LINE('',#3690,#3691);
#3690 = CARTESIAN_POINT('',(-0.948480775301,1.2,0.667364817767));
#3691 = VECTOR('',#3692,1.);
#3692 = DIRECTION('',(-0.162423314012,1.858508865964E-18,-0.986721169868
    ));
#3693 = ORIENTED_EDGE('',*,*,#3694,.T.);
#3694 = EDGE_CURVE('',#3687,#3695,#3697,.T.);
#3695 = VERTEX_POINT('',#3696);
#3696 = CARTESIAN_POINT('',(-1.270530792283,1.2,0.));
#3697 = CIRCLE('',#3698,0.25);
#3698 = AXIS2_PLACEMENT_3D('',#3699,#3700,#3701);
#3699 = CARTESIAN_POINT('',(-1.270530792283,1.2,0.25));
#3700 = DIRECTION('',(1.144237745222E-17,1.,1.155557966632E-33));
#3701 = DIRECTION('',(0.984807753012,-1.126854202784E-17,-0.173648177667
    ));
#3702 = ORIENTED_EDGE('',*,*,#3703,.T.);
#3703 = EDGE_CURVE('',#3695,#3704,#3706,.T.);
#3704 = VERTEX_POINT('',#3705);
#3705 = CARTESIAN_POINT('',(-1.4,1.2,0.));
#3706 = LINE('',#3707,#3708);
#3707 = CARTESIAN_POINT('',(-1.270530792283,1.2,0.));
#3708 = VECTOR('',#3709,1.);
#3709 = DIRECTION('',(-1.,1.144237745222E-17,0.));
#3710 = ORIENTED_EDGE('',*,*,#3711,.T.);
#3711 = EDGE_CURVE('',#3704,#3712,#3714,.T.);
#3712 = VERTEX_POINT('',#3713);
#3713 = CARTESIAN_POINT('',(-1.4,1.2,0.15));
#3714 = LINE('',#3715,#3716);
#3715 = CARTESIAN_POINT('',(-1.4,1.2,0.));
#3716 = VECTOR('',#3717,1.);
#3717 = DIRECTION('',(0.,0.,1.));
#3718 = ORIENTED_EDGE('',*,*,#3719,.T.);
#3719 = EDGE_CURVE('',#3712,#3720,#3722,.T.);
#3720 = VERTEX_POINT('',#3721);
#3721 = CARTESIAN_POINT('',(-1.270530792283,1.2,0.15));
#3722 = LINE('',#3723,#3724);
#3723 = CARTESIAN_POINT('',(-1.4,1.2,0.15));
#3724 = VECTOR('',#3725,1.);
#3725 = DIRECTION('',(1.,-1.144237745222E-17,0.));
#3726 = ORIENTED_EDGE('',*,*,#3727,.T.);
#3727 = EDGE_CURVE('',#3720,#3728,#3730,.T.);
#3728 = VERTEX_POINT('',#3729);
#3729 = CARTESIAN_POINT('',(-1.172050016982,1.2,0.232635182233));
#3730 = CIRCLE('',#3731,0.1);
#3731 = AXIS2_PLACEMENT_3D('',#3732,#3733,#3734);
#3732 = CARTESIAN_POINT('',(-1.270530792283,1.2,0.25));
#3733 = DIRECTION('',(-1.144237745222E-17,-1.,0.));
#3734 = DIRECTION('',(-2.22044604925E-15,2.540718180781E-32,-1.));
#3735 = ORIENTED_EDGE('',*,*,#3736,.T.);
#3736 = EDGE_CURVE('',#3728,#3737,#3739,.T.);
#3737 = VERTEX_POINT('',#3738);
#3738 = CARTESIAN_POINT('',(-1.096201938253,1.2,0.693412044417));
#3739 = LINE('',#3740,#3741);
#3740 = CARTESIAN_POINT('',(-1.172050016982,1.2,0.232635182233));
#3741 = VECTOR('',#3742,1.);
#3742 = DIRECTION('',(0.162423314012,-1.858508865964E-18,0.986721169868)
  );
#3743 = ORIENTED_EDGE('',*,*,#3744,.T.);
#3744 = EDGE_CURVE('',#3737,#2799,#3745,.T.);
#3745 = CIRCLE('',#3746,0.25);
#3746 = AXIS2_PLACEMENT_3D('',#3747,#3748,#3749);
#3747 = CARTESIAN_POINT('',(-0.85,1.2,0.65));
#3748 = DIRECTION('',(1.144237745222E-17,1.,7.703719777549E-34));
#3749 = DIRECTION('',(-0.984807753012,1.126854202784E-17,0.173648177667)
  );
#3750 = ORIENTED_EDGE('',*,*,#2806,.T.);
#3751 = PLANE('',#3752);
#3752 = AXIS2_PLACEMENT_3D('',#3753,#3754,#3755);
#3753 = CARTESIAN_POINT('',(-1.069123385139,1.2,0.441695635315));
#3754 = DIRECTION('',(1.144237745222E-17,1.,0.));
#3755 = DIRECTION('',(0.,-0.,1.));
#3756 = ADVANCED_FACE('',(#3757),#3836,.F.);
#3757 = FACE_BOUND('',#3758,.F.);
#3758 = EDGE_LOOP('',(#3759,#3760,#3761,#3770,#3778,#3787,#3795,#3803,
    #3811,#3820,#3828,#3835));
#3759 = ORIENTED_EDGE('',*,*,#2527,.F.);
#3760 = ORIENTED_EDGE('',*,*,#2542,.T.);
#3761 = ORIENTED_EDGE('',*,*,#3762,.T.);
#3762 = EDGE_CURVE('',#2543,#3763,#3765,.T.);
#3763 = VERTEX_POINT('',#3764);
#3764 = CARTESIAN_POINT('',(0.948480775301,1.2,0.667364817767));
#3765 = CIRCLE('',#3766,0.1);
#3766 = AXIS2_PLACEMENT_3D('',#3767,#3768,#3769);
#3767 = CARTESIAN_POINT('',(0.85,1.2,0.65));
#3768 = DIRECTION('',(-1.110223024625E-16,1.,0.));
#3769 = DIRECTION('',(0.,0.,1.));
#3770 = ORIENTED_EDGE('',*,*,#3771,.T.);
#3771 = EDGE_CURVE('',#3763,#3772,#3774,.T.);
#3772 = VERTEX_POINT('',#3773);
#3773 = CARTESIAN_POINT('',(1.02432885403,1.2,0.206587955583));
#3774 = LINE('',#3775,#3776);
#3775 = CARTESIAN_POINT('',(0.948480775301,1.2,0.667364817767));
#3776 = VECTOR('',#3777,1.);
#3777 = DIRECTION('',(0.162423314012,1.803261029519E-17,-0.986721169868)
  );
#3778 = ORIENTED_EDGE('',*,*,#3779,.T.);
#3779 = EDGE_CURVE('',#3772,#3780,#3782,.T.);
#3780 = VERTEX_POINT('',#3781);
#3781 = CARTESIAN_POINT('',(1.270530792283,1.2,0.));
#3782 = CIRCLE('',#3783,0.25);
#3783 = AXIS2_PLACEMENT_3D('',#3784,#3785,#3786);
#3784 = CARTESIAN_POINT('',(1.270530792283,1.2,0.25));
#3785 = DIRECTION('',(1.110223024625E-16,-1.,0.));
#3786 = DIRECTION('',(-0.984807753012,-1.093356242223E-16,
    -0.173648177667));
#3787 = ORIENTED_EDGE('',*,*,#3788,.T.);
#3788 = EDGE_CURVE('',#3780,#3789,#3791,.T.);
#3789 = VERTEX_POINT('',#3790);
#3790 = CARTESIAN_POINT('',(1.4,1.2,0.));
#3791 = LINE('',#3792,#3793);
#3792 = CARTESIAN_POINT('',(1.270530792283,1.2,0.));
#3793 = VECTOR('',#3794,1.);
#3794 = DIRECTION('',(1.,1.110223024625E-16,0.));
#3795 = ORIENTED_EDGE('',*,*,#3796,.T.);
#3796 = EDGE_CURVE('',#3789,#3797,#3799,.T.);
#3797 = VERTEX_POINT('',#3798);
#3798 = CARTESIAN_POINT('',(1.4,1.2,0.15));
#3799 = LINE('',#3800,#3801);
#3800 = CARTESIAN_POINT('',(1.4,1.2,0.));
#3801 = VECTOR('',#3802,1.);
#3802 = DIRECTION('',(0.,0.,1.));
#3803 = ORIENTED_EDGE('',*,*,#3804,.T.);
#3804 = EDGE_CURVE('',#3797,#3805,#3807,.T.);
#3805 = VERTEX_POINT('',#3806);
#3806 = CARTESIAN_POINT('',(1.270530792283,1.2,0.15));
#3807 = LINE('',#3808,#3809);
#3808 = CARTESIAN_POINT('',(1.4,1.2,0.15));
#3809 = VECTOR('',#3810,1.);
#3810 = DIRECTION('',(-1.,-1.110223024625E-16,0.));
#3811 = ORIENTED_EDGE('',*,*,#3812,.T.);
#3812 = EDGE_CURVE('',#3805,#3813,#3815,.T.);
#3813 = VERTEX_POINT('',#3814);
#3814 = CARTESIAN_POINT('',(1.172050016982,1.2,0.232635182233));
#3815 = CIRCLE('',#3816,0.1);
#3816 = AXIS2_PLACEMENT_3D('',#3817,#3818,#3819);
#3817 = CARTESIAN_POINT('',(1.270530792283,1.2,0.25));
#3818 = DIRECTION('',(-1.110223024625E-16,1.,0.));
#3819 = DIRECTION('',(2.22044604925E-15,2.465190328815E-31,-1.));
#3820 = ORIENTED_EDGE('',*,*,#3821,.T.);
#3821 = EDGE_CURVE('',#3813,#3822,#3824,.T.);
#3822 = VERTEX_POINT('',#3823);
#3823 = CARTESIAN_POINT('',(1.096201938253,1.2,0.693412044417));
#3824 = LINE('',#3825,#3826);
#3825 = CARTESIAN_POINT('',(1.172050016982,1.2,0.232635182233));
#3826 = VECTOR('',#3827,1.);
#3827 = DIRECTION('',(-0.162423314012,-1.803261029519E-17,0.986721169868
    ));
#3828 = ORIENTED_EDGE('',*,*,#3829,.T.);
#3829 = EDGE_CURVE('',#3822,#3046,#3830,.T.);
#3830 = CIRCLE('',#3831,0.25);
#3831 = AXIS2_PLACEMENT_3D('',#3832,#3833,#3834);
#3832 = CARTESIAN_POINT('',(0.85,1.2,0.65));
#3833 = DIRECTION('',(1.110223024625E-16,-1.,0.));
#3834 = DIRECTION('',(0.984807753012,1.093356242223E-16,0.173648177667)
  );
#3835 = ORIENTED_EDGE('',*,*,#3045,.T.);
#3836 = PLANE('',#3837);
#3837 = AXIS2_PLACEMENT_3D('',#3838,#3839,#3840);
#3838 = CARTESIAN_POINT('',(1.069123385139,1.2,0.441695635315));
#3839 = DIRECTION('',(1.110223024625E-16,-1.,0.));
#3840 = DIRECTION('',(0.,0.,1.));
#3841 = ADVANCED_FACE('',(#3842),#3861,.F.);
#3842 = FACE_BOUND('',#3843,.F.);
#3843 = EDGE_LOOP('',(#3844,#3845,#3854,#3860));
#3844 = ORIENTED_EDGE('',*,*,#2559,.T.);
#3845 = ORIENTED_EDGE('',*,*,#3846,.T.);
#3846 = EDGE_CURVE('',#2552,#3847,#3849,.T.);
#3847 = VERTEX_POINT('',#3848);
#3848 = CARTESIAN_POINT('',(0.948480775301,0.7,0.667364817767));
#3849 = CIRCLE('',#3850,0.1);
#3850 = AXIS2_PLACEMENT_3D('',#3851,#3852,#3853);
#3851 = CARTESIAN_POINT('',(0.85,0.7,0.65));
#3852 = DIRECTION('',(-1.110223024625E-16,1.,0.));
#3853 = DIRECTION('',(0.,0.,1.));
#3854 = ORIENTED_EDGE('',*,*,#3855,.F.);
#3855 = EDGE_CURVE('',#3763,#3847,#3856,.T.);
#3856 = LINE('',#3857,#3858);
#3857 = CARTESIAN_POINT('',(0.948480775301,1.2,0.667364817767));
#3858 = VECTOR('',#3859,1.);
#3859 = DIRECTION('',(1.110223024625E-16,-1.,0.));
#3860 = ORIENTED_EDGE('',*,*,#3762,.F.);
#3861 = CYLINDRICAL_SURFACE('',#3862,0.1);
#3862 = AXIS2_PLACEMENT_3D('',#3863,#3864,#3865);
#3863 = CARTESIAN_POINT('',(0.85,1.2,0.65));
#3864 = DIRECTION('',(-1.110223024625E-16,1.,0.));
#3865 = DIRECTION('',(0.,0.,1.));
#3866 = ADVANCED_FACE('',(#3867),#3938,.T.);
#3867 = FACE_BOUND('',#3868,.T.);
#3868 = EDGE_LOOP('',(#3869,#3870,#3871,#3872,#3880,#3889,#3897,#3905,
    #3913,#3922,#3930,#3937));
#3869 = ORIENTED_EDGE('',*,*,#2573,.F.);
#3870 = ORIENTED_EDGE('',*,*,#2551,.T.);
#3871 = ORIENTED_EDGE('',*,*,#3846,.T.);
#3872 = ORIENTED_EDGE('',*,*,#3873,.T.);
#3873 = EDGE_CURVE('',#3847,#3874,#3876,.T.);
#3874 = VERTEX_POINT('',#3875);
#3875 = CARTESIAN_POINT('',(1.02432885403,0.7,0.206587955583));
#3876 = LINE('',#3877,#3878);
#3877 = CARTESIAN_POINT('',(0.948480775301,0.7,0.667364817767));
#3878 = VECTOR('',#3879,1.);
#3879 = DIRECTION('',(0.162423314012,1.803261029519E-17,-0.986721169868)
  );
#3880 = ORIENTED_EDGE('',*,*,#3881,.T.);
#3881 = EDGE_CURVE('',#3874,#3882,#3884,.T.);
#3882 = VERTEX_POINT('',#3883);
#3883 = CARTESIAN_POINT('',(1.270530792283,0.7,0.));
#3884 = CIRCLE('',#3885,0.25);
#3885 = AXIS2_PLACEMENT_3D('',#3886,#3887,#3888);
#3886 = CARTESIAN_POINT('',(1.270530792283,0.7,0.25));
#3887 = DIRECTION('',(1.110223024625E-16,-1.,0.));
#3888 = DIRECTION('',(-0.984807753012,-1.093356242223E-16,
    -0.173648177667));
#3889 = ORIENTED_EDGE('',*,*,#3890,.T.);
#3890 = EDGE_CURVE('',#3882,#3891,#3893,.T.);
#3891 = VERTEX_POINT('',#3892);
#3892 = CARTESIAN_POINT('',(1.4,0.7,0.));
#3893 = LINE('',#3894,#3895);
#3894 = CARTESIAN_POINT('',(1.270530792283,0.7,0.));
#3895 = VECTOR('',#3896,1.);
#3896 = DIRECTION('',(1.,1.110223024625E-16,0.));
#3897 = ORIENTED_EDGE('',*,*,#3898,.T.);
#3898 = EDGE_CURVE('',#3891,#3899,#3901,.T.);
#3899 = VERTEX_POINT('',#3900);
#3900 = CARTESIAN_POINT('',(1.4,0.7,0.15));
#3901 = LINE('',#3902,#3903);
#3902 = CARTESIAN_POINT('',(1.4,0.7,0.));
#3903 = VECTOR('',#3904,1.);
#3904 = DIRECTION('',(0.,0.,1.));
#3905 = ORIENTED_EDGE('',*,*,#3906,.T.);
#3906 = EDGE_CURVE('',#3899,#3907,#3909,.T.);
#3907 = VERTEX_POINT('',#3908);
#3908 = CARTESIAN_POINT('',(1.270530792283,0.7,0.15));
#3909 = LINE('',#3910,#3911);
#3910 = CARTESIAN_POINT('',(1.4,0.7,0.15));
#3911 = VECTOR('',#3912,1.);
#3912 = DIRECTION('',(-1.,-1.110223024625E-16,0.));
#3913 = ORIENTED_EDGE('',*,*,#3914,.T.);
#3914 = EDGE_CURVE('',#3907,#3915,#3917,.T.);
#3915 = VERTEX_POINT('',#3916);
#3916 = CARTESIAN_POINT('',(1.172050016982,0.7,0.232635182233));
#3917 = CIRCLE('',#3918,0.1);
#3918 = AXIS2_PLACEMENT_3D('',#3919,#3920,#3921);
#3919 = CARTESIAN_POINT('',(1.270530792283,0.7,0.25));
#3920 = DIRECTION('',(-1.110223024625E-16,1.,0.));
#3921 = DIRECTION('',(2.22044604925E-15,2.465190328815E-31,-1.));
#3922 = ORIENTED_EDGE('',*,*,#3923,.T.);
#3923 = EDGE_CURVE('',#3915,#3924,#3926,.T.);
#3924 = VERTEX_POINT('',#3925);
#3925 = CARTESIAN_POINT('',(1.096201938253,0.7,0.693412044417));
#3926 = LINE('',#3927,#3928);
#3927 = CARTESIAN_POINT('',(1.172050016982,0.7,0.232635182233));
#3928 = VECTOR('',#3929,1.);
#3929 = DIRECTION('',(-0.162423314012,-1.803261029519E-17,0.986721169868
    ));
#3930 = ORIENTED_EDGE('',*,*,#3931,.T.);
#3931 = EDGE_CURVE('',#3924,#3054,#3932,.T.);
#3932 = CIRCLE('',#3933,0.25);
#3933 = AXIS2_PLACEMENT_3D('',#3934,#3935,#3936);
#3934 = CARTESIAN_POINT('',(0.85,0.7,0.65));
#3935 = DIRECTION('',(1.110223024625E-16,-1.,0.));
#3936 = DIRECTION('',(0.984807753012,1.093356242223E-16,0.173648177667)
  );
#3937 = ORIENTED_EDGE('',*,*,#3061,.T.);
#3938 = PLANE('',#3939);
#3939 = AXIS2_PLACEMENT_3D('',#3940,#3941,#3942);
#3940 = CARTESIAN_POINT('',(1.069123385139,0.7,0.441695635315));
#3941 = DIRECTION('',(1.110223024625E-16,-1.,0.));
#3942 = DIRECTION('',(0.,0.,1.));
#3943 = ADVANCED_FACE('',(#3944),#3955,.F.);
#3944 = FACE_BOUND('',#3945,.F.);
#3945 = EDGE_LOOP('',(#3946,#3947,#3948,#3954));
#3946 = ORIENTED_EDGE('',*,*,#3067,.F.);
#3947 = ORIENTED_EDGE('',*,*,#2590,.T.);
#3948 = ORIENTED_EDGE('',*,*,#3949,.T.);
#3949 = EDGE_CURVE('',#2583,#2984,#3950,.T.);
#3950 = LINE('',#3951,#3952);
#3951 = CARTESIAN_POINT('',(0.85,0.25,0.9));
#3952 = VECTOR('',#3953,1.);
#3953 = DIRECTION('',(-1.,-1.110223024625E-16,0.));
#3954 = ORIENTED_EDGE('',*,*,#2983,.F.);
#3955 = PLANE('',#3956);
#3956 = AXIS2_PLACEMENT_3D('',#3957,#3958,#3959);
#3957 = CARTESIAN_POINT('',(-2.091417030376E-16,1.4375,0.9));
#3958 = DIRECTION('',(4.595758349624E-18,6.551522493592E-27,-1.));
#3959 = DIRECTION('',(1.,1.51922136901E-16,4.595758349624E-18));
#3960 = ADVANCED_FACE('',(#3961),#4047,.F.);
#3961 = FACE_BOUND('',#3962,.F.);
#3962 = EDGE_LOOP('',(#3963,#3964,#3965,#3974,#3982,#3991,#3999,#4007,
    #4015,#4024,#4032,#4041));
#3963 = ORIENTED_EDGE('',*,*,#2582,.F.);
#3964 = ORIENTED_EDGE('',*,*,#2604,.T.);
#3965 = ORIENTED_EDGE('',*,*,#3966,.T.);
#3966 = EDGE_CURVE('',#2605,#3967,#3969,.T.);
#3967 = VERTEX_POINT('',#3968);
#3968 = CARTESIAN_POINT('',(0.948480775301,0.25,0.667364817767));
#3969 = CIRCLE('',#3970,0.1);
#3970 = AXIS2_PLACEMENT_3D('',#3971,#3972,#3973);
#3971 = CARTESIAN_POINT('',(0.85,0.25,0.65));
#3972 = DIRECTION('',(-1.110223024625E-16,1.,0.));
#3973 = DIRECTION('',(0.,0.,1.));
#3974 = ORIENTED_EDGE('',*,*,#3975,.T.);
#3975 = EDGE_CURVE('',#3967,#3976,#3978,.T.);
#3976 = VERTEX_POINT('',#3977);
#3977 = CARTESIAN_POINT('',(1.02432885403,0.25,0.206587955583));
#3978 = LINE('',#3979,#3980);
#3979 = CARTESIAN_POINT('',(0.948480775301,0.25,0.667364817767));
#3980 = VECTOR('',#3981,1.);
#3981 = DIRECTION('',(0.162423314012,1.803261029519E-17,-0.986721169868)
  );
#3982 = ORIENTED_EDGE('',*,*,#3983,.T.);
#3983 = EDGE_CURVE('',#3976,#3984,#3986,.T.);
#3984 = VERTEX_POINT('',#3985);
#3985 = CARTESIAN_POINT('',(1.270530792283,0.25,0.));
#3986 = CIRCLE('',#3987,0.25);
#3987 = AXIS2_PLACEMENT_3D('',#3988,#3989,#3990);
#3988 = CARTESIAN_POINT('',(1.270530792283,0.25,0.25));
#3989 = DIRECTION('',(1.110223024625E-16,-1.,0.));
#3990 = DIRECTION('',(-0.984807753012,-1.093356242223E-16,
    -0.173648177667));
#3991 = ORIENTED_EDGE('',*,*,#3992,.T.);
#3992 = EDGE_CURVE('',#3984,#3993,#3995,.T.);
#3993 = VERTEX_POINT('',#3994);
#3994 = CARTESIAN_POINT('',(1.4,0.25,0.));
#3995 = LINE('',#3996,#3997);
#3996 = CARTESIAN_POINT('',(1.270530792283,0.25,0.));
#3997 = VECTOR('',#3998,1.);
#3998 = DIRECTION('',(1.,1.110223024625E-16,0.));
#3999 = ORIENTED_EDGE('',*,*,#4000,.T.);
#4000 = EDGE_CURVE('',#3993,#4001,#4003,.T.);
#4001 = VERTEX_POINT('',#4002);
#4002 = CARTESIAN_POINT('',(1.4,0.25,0.15));
#4003 = LINE('',#4004,#4005);
#4004 = CARTESIAN_POINT('',(1.4,0.25,0.));
#4005 = VECTOR('',#4006,1.);
#4006 = DIRECTION('',(0.,0.,1.));
#4007 = ORIENTED_EDGE('',*,*,#4008,.T.);
#4008 = EDGE_CURVE('',#4001,#4009,#4011,.T.);
#4009 = VERTEX_POINT('',#4010);
#4010 = CARTESIAN_POINT('',(1.270530792283,0.25,0.15));
#4011 = LINE('',#4012,#4013);
#4012 = CARTESIAN_POINT('',(1.4,0.25,0.15));
#4013 = VECTOR('',#4014,1.);
#4014 = DIRECTION('',(-1.,-1.110223024625E-16,0.));
#4015 = ORIENTED_EDGE('',*,*,#4016,.T.);
#4016 = EDGE_CURVE('',#4009,#4017,#4019,.T.);
#4017 = VERTEX_POINT('',#4018);
#4018 = CARTESIAN_POINT('',(1.172050016982,0.25,0.232635182233));
#4019 = CIRCLE('',#4020,0.1);
#4020 = AXIS2_PLACEMENT_3D('',#4021,#4022,#4023);
#4021 = CARTESIAN_POINT('',(1.270530792283,0.25,0.25));
#4022 = DIRECTION('',(-1.110223024625E-16,1.,0.));
#4023 = DIRECTION('',(2.22044604925E-15,2.465190328815E-31,-1.));
#4024 = ORIENTED_EDGE('',*,*,#4025,.T.);
#4025 = EDGE_CURVE('',#4017,#4026,#4028,.T.);
#4026 = VERTEX_POINT('',#4027);
#4027 = CARTESIAN_POINT('',(1.096201938253,0.25,0.693412044417));
#4028 = LINE('',#4029,#4030);
#4029 = CARTESIAN_POINT('',(1.172050016982,0.25,0.232635182233));
#4030 = VECTOR('',#4031,1.);
#4031 = DIRECTION('',(-0.162423314012,-1.803261029519E-17,0.986721169868
    ));
#4032 = ORIENTED_EDGE('',*,*,#4033,.T.);
#4033 = EDGE_CURVE('',#4026,#4034,#4036,.T.);
#4034 = VERTEX_POINT('',#4035);
#4035 = CARTESIAN_POINT('',(0.85,0.25,0.9));
#4036 = CIRCLE('',#4037,0.25);
#4037 = AXIS2_PLACEMENT_3D('',#4038,#4039,#4040);
#4038 = CARTESIAN_POINT('',(0.85,0.25,0.65));
#4039 = DIRECTION('',(1.110223024625E-16,-1.,0.));
#4040 = DIRECTION('',(0.984807753012,1.093356242223E-16,0.173648177667)
  );
#4041 = ORIENTED_EDGE('',*,*,#4042,.T.);
#4042 = EDGE_CURVE('',#4034,#2583,#4043,.T.);
#4043 = LINE('',#4044,#4045);
#4044 = CARTESIAN_POINT('',(0.85,0.25,0.9));
#4045 = VECTOR('',#4046,1.);
#4046 = DIRECTION('',(-1.,-1.110223024625E-16,0.));
#4047 = PLANE('',#4048);
#4048 = AXIS2_PLACEMENT_3D('',#4049,#4050,#4051);
#4049 = CARTESIAN_POINT('',(1.069123385139,0.25,0.441695635315));
#4050 = DIRECTION('',(1.110223024625E-16,-1.,0.));
#4051 = DIRECTION('',(0.,0.,1.));
#4052 = ADVANCED_FACE('',(#4053),#4072,.F.);
#4053 = FACE_BOUND('',#4054,.F.);
#4054 = EDGE_LOOP('',(#4055,#4056,#4065,#4071));
#4055 = ORIENTED_EDGE('',*,*,#2621,.T.);
#4056 = ORIENTED_EDGE('',*,*,#4057,.T.);
#4057 = EDGE_CURVE('',#2614,#4058,#4060,.T.);
#4058 = VERTEX_POINT('',#4059);
#4059 = CARTESIAN_POINT('',(0.948480775301,-0.25,0.667364817767));
#4060 = CIRCLE('',#4061,0.1);
#4061 = AXIS2_PLACEMENT_3D('',#4062,#4063,#4064);
#4062 = CARTESIAN_POINT('',(0.85,-0.25,0.65));
#4063 = DIRECTION('',(-1.110223024625E-16,1.,0.));
#4064 = DIRECTION('',(0.,0.,1.));
#4065 = ORIENTED_EDGE('',*,*,#4066,.F.);
#4066 = EDGE_CURVE('',#3967,#4058,#4067,.T.);
#4067 = LINE('',#4068,#4069);
#4068 = CARTESIAN_POINT('',(0.948480775301,0.25,0.667364817767));
#4069 = VECTOR('',#4070,1.);
#4070 = DIRECTION('',(1.110223024625E-16,-1.,0.));
#4071 = ORIENTED_EDGE('',*,*,#3966,.F.);
#4072 = CYLINDRICAL_SURFACE('',#4073,0.1);
#4073 = AXIS2_PLACEMENT_3D('',#4074,#4075,#4076);
#4074 = CARTESIAN_POINT('',(0.85,0.25,0.65));
#4075 = DIRECTION('',(-1.110223024625E-16,1.,0.));
#4076 = DIRECTION('',(0.,0.,1.));
#4077 = ADVANCED_FACE('',(#4078),#4156,.T.);
#4078 = FACE_BOUND('',#4079,.T.);
#4079 = EDGE_LOOP('',(#4080,#4081,#4082,#4083,#4091,#4100,#4108,#4116,
    #4124,#4133,#4141,#4150));
#4080 = ORIENTED_EDGE('',*,*,#2635,.F.);
#4081 = ORIENTED_EDGE('',*,*,#2613,.T.);
#4082 = ORIENTED_EDGE('',*,*,#4057,.T.);
#4083 = ORIENTED_EDGE('',*,*,#4084,.T.);
#4084 = EDGE_CURVE('',#4058,#4085,#4087,.T.);
#4085 = VERTEX_POINT('',#4086);
#4086 = CARTESIAN_POINT('',(1.02432885403,-0.25,0.206587955583));
#4087 = LINE('',#4088,#4089);
#4088 = CARTESIAN_POINT('',(0.948480775301,-0.25,0.667364817767));
#4089 = VECTOR('',#4090,1.);
#4090 = DIRECTION('',(0.162423314012,1.803261029519E-17,-0.986721169868)
  );
#4091 = ORIENTED_EDGE('',*,*,#4092,.T.);
#4092 = EDGE_CURVE('',#4085,#4093,#4095,.T.);
#4093 = VERTEX_POINT('',#4094);
#4094 = CARTESIAN_POINT('',(1.270530792283,-0.25,0.));
#4095 = CIRCLE('',#4096,0.25);
#4096 = AXIS2_PLACEMENT_3D('',#4097,#4098,#4099);
#4097 = CARTESIAN_POINT('',(1.270530792283,-0.25,0.25));
#4098 = DIRECTION('',(1.110223024625E-16,-1.,0.));
#4099 = DIRECTION('',(-0.984807753012,-1.093356242223E-16,
    -0.173648177667));
#4100 = ORIENTED_EDGE('',*,*,#4101,.T.);
#4101 = EDGE_CURVE('',#4093,#4102,#4104,.T.);
#4102 = VERTEX_POINT('',#4103);
#4103 = CARTESIAN_POINT('',(1.4,-0.25,0.));
#4104 = LINE('',#4105,#4106);
#4105 = CARTESIAN_POINT('',(1.270530792283,-0.25,0.));
#4106 = VECTOR('',#4107,1.);
#4107 = DIRECTION('',(1.,1.110223024625E-16,0.));
#4108 = ORIENTED_EDGE('',*,*,#4109,.T.);
#4109 = EDGE_CURVE('',#4102,#4110,#4112,.T.);
#4110 = VERTEX_POINT('',#4111);
#4111 = CARTESIAN_POINT('',(1.4,-0.25,0.15));
#4112 = LINE('',#4113,#4114);
#4113 = CARTESIAN_POINT('',(1.4,-0.25,0.));
#4114 = VECTOR('',#4115,1.);
#4115 = DIRECTION('',(0.,0.,1.));
#4116 = ORIENTED_EDGE('',*,*,#4117,.T.);
#4117 = EDGE_CURVE('',#4110,#4118,#4120,.T.);
#4118 = VERTEX_POINT('',#4119);
#4119 = CARTESIAN_POINT('',(1.270530792283,-0.25,0.15));
#4120 = LINE('',#4121,#4122);
#4121 = CARTESIAN_POINT('',(1.4,-0.25,0.15));
#4122 = VECTOR('',#4123,1.);
#4123 = DIRECTION('',(-1.,-1.110223024625E-16,0.));
#4124 = ORIENTED_EDGE('',*,*,#4125,.T.);
#4125 = EDGE_CURVE('',#4118,#4126,#4128,.T.);
#4126 = VERTEX_POINT('',#4127);
#4127 = CARTESIAN_POINT('',(1.172050016982,-0.25,0.232635182233));
#4128 = CIRCLE('',#4129,0.1);
#4129 = AXIS2_PLACEMENT_3D('',#4130,#4131,#4132);
#4130 = CARTESIAN_POINT('',(1.270530792283,-0.25,0.25));
#4131 = DIRECTION('',(-1.110223024625E-16,1.,0.));
#4132 = DIRECTION('',(2.22044604925E-15,2.465190328815E-31,-1.));
#4133 = ORIENTED_EDGE('',*,*,#4134,.T.);
#4134 = EDGE_CURVE('',#4126,#4135,#4137,.T.);
#4135 = VERTEX_POINT('',#4136);
#4136 = CARTESIAN_POINT('',(1.096201938253,-0.25,0.693412044417));
#4137 = LINE('',#4138,#4139);
#4138 = CARTESIAN_POINT('',(1.172050016982,-0.25,0.232635182233));
#4139 = VECTOR('',#4140,1.);
#4140 = DIRECTION('',(-0.162423314012,-1.803261029519E-17,0.986721169868
    ));
#4141 = ORIENTED_EDGE('',*,*,#4142,.T.);
#4142 = EDGE_CURVE('',#4135,#4143,#4145,.T.);
#4143 = VERTEX_POINT('',#4144);
#4144 = CARTESIAN_POINT('',(0.85,-0.25,0.9));
#4145 = CIRCLE('',#4146,0.25);
#4146 = AXIS2_PLACEMENT_3D('',#4147,#4148,#4149);
#4147 = CARTESIAN_POINT('',(0.85,-0.25,0.65));
#4148 = DIRECTION('',(1.110223024625E-16,-1.,0.));
#4149 = DIRECTION('',(0.984807753012,1.093356242223E-16,0.173648177667)
  );
#4150 = ORIENTED_EDGE('',*,*,#4151,.T.);
#4151 = EDGE_CURVE('',#4143,#2636,#4152,.T.);
#4152 = LINE('',#4153,#4154);
#4153 = CARTESIAN_POINT('',(0.85,-0.25,0.9));
#4154 = VECTOR('',#4155,1.);
#4155 = DIRECTION('',(-1.,-1.110223024625E-16,0.));
#4156 = PLANE('',#4157);
#4157 = AXIS2_PLACEMENT_3D('',#4158,#4159,#4160);
#4158 = CARTESIAN_POINT('',(1.069123385139,-0.25,0.441695635315));
#4159 = DIRECTION('',(1.110223024625E-16,-1.,0.));
#4160 = DIRECTION('',(0.,0.,1.));
#4161 = ADVANCED_FACE('',(#4162),#4178,.F.);
#4162 = FACE_BOUND('',#4163,.F.);
#4163 = EDGE_LOOP('',(#4164,#4170,#4171,#4177));
#4164 = ORIENTED_EDGE('',*,*,#4165,.F.);
#4165 = EDGE_CURVE('',#2636,#2992,#4166,.T.);
#4166 = LINE('',#4167,#4168);
#4167 = CARTESIAN_POINT('',(0.85,-0.25,0.9));
#4168 = VECTOR('',#4169,1.);
#4169 = DIRECTION('',(-1.,-1.110223024625E-16,0.));
#4170 = ORIENTED_EDGE('',*,*,#2652,.T.);
#4171 = ORIENTED_EDGE('',*,*,#4172,.T.);
#4172 = EDGE_CURVE('',#2645,#3000,#4173,.T.);
#4173 = LINE('',#4174,#4175);
#4174 = CARTESIAN_POINT('',(0.85,-0.7,0.9));
#4175 = VECTOR('',#4176,1.);
#4176 = DIRECTION('',(-1.,-1.110223024625E-16,0.));
#4177 = ORIENTED_EDGE('',*,*,#2999,.F.);
#4178 = PLANE('',#4179);
#4179 = AXIS2_PLACEMENT_3D('',#4180,#4181,#4182);
#4180 = CARTESIAN_POINT('',(-2.091417030376E-16,1.4375,0.9));
#4181 = DIRECTION('',(4.595758349624E-18,6.551522493592E-27,-1.));
#4182 = DIRECTION('',(1.,1.51922136901E-16,4.595758349624E-18));
#4183 = ADVANCED_FACE('',(#4184),#4270,.F.);
#4184 = FACE_BOUND('',#4185,.F.);
#4185 = EDGE_LOOP('',(#4186,#4187,#4188,#4197,#4205,#4214,#4222,#4230,
    #4238,#4247,#4255,#4264));
#4186 = ORIENTED_EDGE('',*,*,#2644,.F.);
#4187 = ORIENTED_EDGE('',*,*,#2666,.T.);
#4188 = ORIENTED_EDGE('',*,*,#4189,.T.);
#4189 = EDGE_CURVE('',#2667,#4190,#4192,.T.);
#4190 = VERTEX_POINT('',#4191);
#4191 = CARTESIAN_POINT('',(0.948480775301,-0.7,0.667364817767));
#4192 = CIRCLE('',#4193,0.1);
#4193 = AXIS2_PLACEMENT_3D('',#4194,#4195,#4196);
#4194 = CARTESIAN_POINT('',(0.85,-0.7,0.65));
#4195 = DIRECTION('',(-1.110223024625E-16,1.,0.));
#4196 = DIRECTION('',(0.,0.,1.));
#4197 = ORIENTED_EDGE('',*,*,#4198,.T.);
#4198 = EDGE_CURVE('',#4190,#4199,#4201,.T.);
#4199 = VERTEX_POINT('',#4200);
#4200 = CARTESIAN_POINT('',(1.02432885403,-0.7,0.206587955583));
#4201 = LINE('',#4202,#4203);
#4202 = CARTESIAN_POINT('',(0.948480775301,-0.7,0.667364817767));
#4203 = VECTOR('',#4204,1.);
#4204 = DIRECTION('',(0.162423314012,1.803261029519E-17,-0.986721169868)
  );
#4205 = ORIENTED_EDGE('',*,*,#4206,.T.);
#4206 = EDGE_CURVE('',#4199,#4207,#4209,.T.);
#4207 = VERTEX_POINT('',#4208);
#4208 = CARTESIAN_POINT('',(1.270530792283,-0.7,0.));
#4209 = CIRCLE('',#4210,0.25);
#4210 = AXIS2_PLACEMENT_3D('',#4211,#4212,#4213);
#4211 = CARTESIAN_POINT('',(1.270530792283,-0.7,0.25));
#4212 = DIRECTION('',(1.110223024625E-16,-1.,0.));
#4213 = DIRECTION('',(-0.984807753012,-1.093356242223E-16,
    -0.173648177667));
#4214 = ORIENTED_EDGE('',*,*,#4215,.T.);
#4215 = EDGE_CURVE('',#4207,#4216,#4218,.T.);
#4216 = VERTEX_POINT('',#4217);
#4217 = CARTESIAN_POINT('',(1.4,-0.7,0.));
#4218 = LINE('',#4219,#4220);
#4219 = CARTESIAN_POINT('',(1.270530792283,-0.7,0.));
#4220 = VECTOR('',#4221,1.);
#4221 = DIRECTION('',(1.,1.110223024625E-16,0.));
#4222 = ORIENTED_EDGE('',*,*,#4223,.T.);
#4223 = EDGE_CURVE('',#4216,#4224,#4226,.T.);
#4224 = VERTEX_POINT('',#4225);
#4225 = CARTESIAN_POINT('',(1.4,-0.7,0.15));
#4226 = LINE('',#4227,#4228);
#4227 = CARTESIAN_POINT('',(1.4,-0.7,0.));
#4228 = VECTOR('',#4229,1.);
#4229 = DIRECTION('',(0.,0.,1.));
#4230 = ORIENTED_EDGE('',*,*,#4231,.T.);
#4231 = EDGE_CURVE('',#4224,#4232,#4234,.T.);
#4232 = VERTEX_POINT('',#4233);
#4233 = CARTESIAN_POINT('',(1.270530792283,-0.7,0.15));
#4234 = LINE('',#4235,#4236);
#4235 = CARTESIAN_POINT('',(1.4,-0.7,0.15));
#4236 = VECTOR('',#4237,1.);
#4237 = DIRECTION('',(-1.,-1.110223024625E-16,0.));
#4238 = ORIENTED_EDGE('',*,*,#4239,.T.);
#4239 = EDGE_CURVE('',#4232,#4240,#4242,.T.);
#4240 = VERTEX_POINT('',#4241);
#4241 = CARTESIAN_POINT('',(1.172050016982,-0.7,0.232635182233));
#4242 = CIRCLE('',#4243,0.1);
#4243 = AXIS2_PLACEMENT_3D('',#4244,#4245,#4246);
#4244 = CARTESIAN_POINT('',(1.270530792283,-0.7,0.25));
#4245 = DIRECTION('',(-1.110223024625E-16,1.,0.));
#4246 = DIRECTION('',(2.22044604925E-15,2.465190328815E-31,-1.));
#4247 = ORIENTED_EDGE('',*,*,#4248,.T.);
#4248 = EDGE_CURVE('',#4240,#4249,#4251,.T.);
#4249 = VERTEX_POINT('',#4250);
#4250 = CARTESIAN_POINT('',(1.096201938253,-0.7,0.693412044417));
#4251 = LINE('',#4252,#4253);
#4252 = CARTESIAN_POINT('',(1.172050016982,-0.7,0.232635182233));
#4253 = VECTOR('',#4254,1.);
#4254 = DIRECTION('',(-0.162423314012,-1.803261029519E-17,0.986721169868
    ));
#4255 = ORIENTED_EDGE('',*,*,#4256,.T.);
#4256 = EDGE_CURVE('',#4249,#4257,#4259,.T.);
#4257 = VERTEX_POINT('',#4258);
#4258 = CARTESIAN_POINT('',(0.85,-0.7,0.9));
#4259 = CIRCLE('',#4260,0.25);
#4260 = AXIS2_PLACEMENT_3D('',#4261,#4262,#4263);
#4261 = CARTESIAN_POINT('',(0.85,-0.7,0.65));
#4262 = DIRECTION('',(1.110223024625E-16,-1.,0.));
#4263 = DIRECTION('',(0.984807753012,1.093356242223E-16,0.173648177667)
  );
#4264 = ORIENTED_EDGE('',*,*,#4265,.T.);
#4265 = EDGE_CURVE('',#4257,#2645,#4266,.T.);
#4266 = LINE('',#4267,#4268);
#4267 = CARTESIAN_POINT('',(0.85,-0.7,0.9));
#4268 = VECTOR('',#4269,1.);
#4269 = DIRECTION('',(-1.,-1.110223024625E-16,0.));
#4270 = PLANE('',#4271);
#4271 = AXIS2_PLACEMENT_3D('',#4272,#4273,#4274);
#4272 = CARTESIAN_POINT('',(1.069123385139,-0.7,0.441695635315));
#4273 = DIRECTION('',(1.110223024625E-16,-1.,0.));
#4274 = DIRECTION('',(0.,0.,1.));
#4275 = ADVANCED_FACE('',(#4276),#4295,.F.);
#4276 = FACE_BOUND('',#4277,.F.);
#4277 = EDGE_LOOP('',(#4278,#4279,#4288,#4294));
#4278 = ORIENTED_EDGE('',*,*,#2683,.T.);
#4279 = ORIENTED_EDGE('',*,*,#4280,.T.);
#4280 = EDGE_CURVE('',#2676,#4281,#4283,.T.);
#4281 = VERTEX_POINT('',#4282);
#4282 = CARTESIAN_POINT('',(0.948480775301,-1.2,0.667364817767));
#4283 = CIRCLE('',#4284,0.1);
#4284 = AXIS2_PLACEMENT_3D('',#4285,#4286,#4287);
#4285 = CARTESIAN_POINT('',(0.85,-1.2,0.65));
#4286 = DIRECTION('',(-1.110223024625E-16,1.,0.));
#4287 = DIRECTION('',(0.,0.,1.));
#4288 = ORIENTED_EDGE('',*,*,#4289,.F.);
#4289 = EDGE_CURVE('',#4190,#4281,#4290,.T.);
#4290 = LINE('',#4291,#4292);
#4291 = CARTESIAN_POINT('',(0.948480775301,-0.7,0.667364817767));
#4292 = VECTOR('',#4293,1.);
#4293 = DIRECTION('',(1.110223024625E-16,-1.,0.));
#4294 = ORIENTED_EDGE('',*,*,#4189,.F.);
#4295 = CYLINDRICAL_SURFACE('',#4296,0.1);
#4296 = AXIS2_PLACEMENT_3D('',#4297,#4298,#4299);
#4297 = CARTESIAN_POINT('',(0.85,-0.7,0.65));
#4298 = DIRECTION('',(-1.110223024625E-16,1.,0.));
#4299 = DIRECTION('',(0.,0.,1.));
#4300 = ADVANCED_FACE('',(#4301),#4379,.T.);
#4301 = FACE_BOUND('',#4302,.T.);
#4302 = EDGE_LOOP('',(#4303,#4304,#4305,#4306,#4314,#4323,#4331,#4339,
    #4347,#4356,#4364,#4373));
#4303 = ORIENTED_EDGE('',*,*,#2697,.F.);
#4304 = ORIENTED_EDGE('',*,*,#2675,.T.);
#4305 = ORIENTED_EDGE('',*,*,#4280,.T.);
#4306 = ORIENTED_EDGE('',*,*,#4307,.T.);
#4307 = EDGE_CURVE('',#4281,#4308,#4310,.T.);
#4308 = VERTEX_POINT('',#4309);
#4309 = CARTESIAN_POINT('',(1.02432885403,-1.2,0.206587955583));
#4310 = LINE('',#4311,#4312);
#4311 = CARTESIAN_POINT('',(0.948480775301,-1.2,0.667364817767));
#4312 = VECTOR('',#4313,1.);
#4313 = DIRECTION('',(0.162423314012,1.803261029519E-17,-0.986721169868)
  );
#4314 = ORIENTED_EDGE('',*,*,#4315,.T.);
#4315 = EDGE_CURVE('',#4308,#4316,#4318,.T.);
#4316 = VERTEX_POINT('',#4317);
#4317 = CARTESIAN_POINT('',(1.270530792283,-1.2,0.));
#4318 = CIRCLE('',#4319,0.25);
#4319 = AXIS2_PLACEMENT_3D('',#4320,#4321,#4322);
#4320 = CARTESIAN_POINT('',(1.270530792283,-1.2,0.25));
#4321 = DIRECTION('',(1.110223024625E-16,-1.,0.));
#4322 = DIRECTION('',(-0.984807753012,-1.093356242223E-16,
    -0.173648177667));
#4323 = ORIENTED_EDGE('',*,*,#4324,.T.);
#4324 = EDGE_CURVE('',#4316,#4325,#4327,.T.);
#4325 = VERTEX_POINT('',#4326);
#4326 = CARTESIAN_POINT('',(1.4,-1.2,0.));
#4327 = LINE('',#4328,#4329);
#4328 = CARTESIAN_POINT('',(1.270530792283,-1.2,0.));
#4329 = VECTOR('',#4330,1.);
#4330 = DIRECTION('',(1.,1.110223024625E-16,0.));
#4331 = ORIENTED_EDGE('',*,*,#4332,.T.);
#4332 = EDGE_CURVE('',#4325,#4333,#4335,.T.);
#4333 = VERTEX_POINT('',#4334);
#4334 = CARTESIAN_POINT('',(1.4,-1.2,0.15));
#4335 = LINE('',#4336,#4337);
#4336 = CARTESIAN_POINT('',(1.4,-1.2,0.));
#4337 = VECTOR('',#4338,1.);
#4338 = DIRECTION('',(0.,0.,1.));
#4339 = ORIENTED_EDGE('',*,*,#4340,.T.);
#4340 = EDGE_CURVE('',#4333,#4341,#4343,.T.);
#4341 = VERTEX_POINT('',#4342);
#4342 = CARTESIAN_POINT('',(1.270530792283,-1.2,0.15));
#4343 = LINE('',#4344,#4345);
#4344 = CARTESIAN_POINT('',(1.4,-1.2,0.15));
#4345 = VECTOR('',#4346,1.);
#4346 = DIRECTION('',(-1.,-1.110223024625E-16,0.));
#4347 = ORIENTED_EDGE('',*,*,#4348,.T.);
#4348 = EDGE_CURVE('',#4341,#4349,#4351,.T.);
#4349 = VERTEX_POINT('',#4350);
#4350 = CARTESIAN_POINT('',(1.172050016982,-1.2,0.232635182233));
#4351 = CIRCLE('',#4352,0.1);
#4352 = AXIS2_PLACEMENT_3D('',#4353,#4354,#4355);
#4353 = CARTESIAN_POINT('',(1.270530792283,-1.2,0.25));
#4354 = DIRECTION('',(-1.110223024625E-16,1.,0.));
#4355 = DIRECTION('',(2.22044604925E-15,2.465190328815E-31,-1.));
#4356 = ORIENTED_EDGE('',*,*,#4357,.T.);
#4357 = EDGE_CURVE('',#4349,#4358,#4360,.T.);
#4358 = VERTEX_POINT('',#4359);
#4359 = CARTESIAN_POINT('',(1.096201938253,-1.2,0.693412044417));
#4360 = LINE('',#4361,#4362);
#4361 = CARTESIAN_POINT('',(1.172050016982,-1.2,0.232635182233));
#4362 = VECTOR('',#4363,1.);
#4363 = DIRECTION('',(-0.162423314012,-1.803261029519E-17,0.986721169868
    ));
#4364 = ORIENTED_EDGE('',*,*,#4365,.T.);
#4365 = EDGE_CURVE('',#4358,#4366,#4368,.T.);
#4366 = VERTEX_POINT('',#4367);
#4367 = CARTESIAN_POINT('',(0.85,-1.2,0.9));
#4368 = CIRCLE('',#4369,0.25);
#4369 = AXIS2_PLACEMENT_3D('',#4370,#4371,#4372);
#4370 = CARTESIAN_POINT('',(0.85,-1.2,0.65));
#4371 = DIRECTION('',(1.110223024625E-16,-1.,0.));
#4372 = DIRECTION('',(0.984807753012,1.093356242223E-16,0.173648177667)
  );
#4373 = ORIENTED_EDGE('',*,*,#4374,.T.);
#4374 = EDGE_CURVE('',#4366,#2698,#4375,.T.);
#4375 = LINE('',#4376,#4377);
#4376 = CARTESIAN_POINT('',(0.85,-1.2,0.9));
#4377 = VECTOR('',#4378,1.);
#4378 = DIRECTION('',(-1.,-1.110223024625E-16,0.));
#4379 = PLANE('',#4380);
#4380 = AXIS2_PLACEMENT_3D('',#4381,#4382,#4383);
#4381 = CARTESIAN_POINT('',(1.069123385139,-1.2,0.441695635315));
#4382 = DIRECTION('',(1.110223024625E-16,-1.,0.));
#4383 = DIRECTION('',(0.,0.,1.));
#4384 = ADVANCED_FACE('',(#4385),#4396,.T.);
#4385 = FACE_BOUND('',#4386,.T.);
#4386 = EDGE_LOOP('',(#4387,#4388,#4389,#4390));
#4387 = ORIENTED_EDGE('',*,*,#3642,.T.);
#4388 = ORIENTED_EDGE('',*,*,#2798,.T.);
#4389 = ORIENTED_EDGE('',*,*,#3744,.F.);
#4390 = ORIENTED_EDGE('',*,*,#4391,.F.);
#4391 = EDGE_CURVE('',#3635,#3737,#4392,.T.);
#4392 = LINE('',#4393,#4394);
#4393 = CARTESIAN_POINT('',(-1.096201938253,0.7,0.693412044417));
#4394 = VECTOR('',#4395,1.);
#4395 = DIRECTION('',(1.144237745222E-17,1.,0.));
#4396 = CYLINDRICAL_SURFACE('',#4397,0.25);
#4397 = AXIS2_PLACEMENT_3D('',#4398,#4399,#4400);
#4398 = CARTESIAN_POINT('',(-0.85,0.7,0.65));
#4399 = DIRECTION('',(-1.144237745222E-17,-1.,0.));
#4400 = DIRECTION('',(-0.984807753012,1.126854202784E-17,0.173648177667)
  );
#4401 = ADVANCED_FACE('',(#4402),#4415,.F.);
#4402 = FACE_BOUND('',#4403,.F.);
#4403 = EDGE_LOOP('',(#4404,#4405,#4411,#4412,#4413,#4414));
#4404 = ORIENTED_EDGE('',*,*,#3210,.F.);
#4405 = ORIENTED_EDGE('',*,*,#4406,.T.);
#4406 = EDGE_CURVE('',#3202,#3311,#4407,.T.);
#4407 = LINE('',#4408,#4409);
#4408 = CARTESIAN_POINT('',(-0.85,-1.2,0.9));
#4409 = VECTOR('',#4410,1.);
#4410 = DIRECTION('',(1.144237745222E-17,1.,0.));
#4411 = ORIENTED_EDGE('',*,*,#3319,.T.);
#4412 = ORIENTED_EDGE('',*,*,#3341,.T.);
#4413 = ORIENTED_EDGE('',*,*,#2845,.F.);
#4414 = ORIENTED_EDGE('',*,*,#3084,.F.);
#4415 = PLANE('',#4416);
#4416 = AXIS2_PLACEMENT_3D('',#4417,#4418,#4419);
#4417 = CARTESIAN_POINT('',(-0.85,-1.2,0.9));
#4418 = DIRECTION('',(0.,0.,-1.));
#4419 = DIRECTION('',(1.,-1.144237745222E-17,0.));
#4420 = ADVANCED_FACE('',(#4421),#4434,.F.);
#4421 = FACE_BOUND('',#4422,.F.);
#4422 = EDGE_LOOP('',(#4423,#4424,#4430,#4431,#4432,#4433));
#4423 = ORIENTED_EDGE('',*,*,#3433,.F.);
#4424 = ORIENTED_EDGE('',*,*,#4425,.T.);
#4425 = EDGE_CURVE('',#3425,#3534,#4426,.T.);
#4426 = LINE('',#4427,#4428);
#4427 = CARTESIAN_POINT('',(-0.85,-0.25,0.9));
#4428 = VECTOR('',#4429,1.);
#4429 = DIRECTION('',(1.144237745222E-17,1.,0.));
#4430 = ORIENTED_EDGE('',*,*,#3542,.T.);
#4431 = ORIENTED_EDGE('',*,*,#3559,.T.);
#4432 = ORIENTED_EDGE('',*,*,#2861,.F.);
#4433 = ORIENTED_EDGE('',*,*,#3334,.F.);
#4434 = PLANE('',#4435);
#4435 = AXIS2_PLACEMENT_3D('',#4436,#4437,#4438);
#4436 = CARTESIAN_POINT('',(-0.85,-0.25,0.9));
#4437 = DIRECTION('',(0.,0.,-1.));
#4438 = DIRECTION('',(1.,-1.144237745222E-17,0.));
#4439 = ADVANCED_FACE('',(#4440,#4469),#4480,.T.);
#4440 = FACE_BOUND('',#4441,.T.);
#4441 = EDGE_LOOP('',(#4442,#4443,#4444,#4445,#4453,#4461,#4467,#4468));
#4442 = ORIENTED_EDGE('',*,*,#2936,.F.);
#4443 = ORIENTED_EDGE('',*,*,#2913,.F.);
#4444 = ORIENTED_EDGE('',*,*,#2884,.F.);
#4445 = ORIENTED_EDGE('',*,*,#4446,.F.);
#4446 = EDGE_CURVE('',#4447,#2885,#4449,.T.);
#4447 = VERTEX_POINT('',#4448);
#4448 = CARTESIAN_POINT('',(-0.646824228722,-1.333648457443,1.55));
#4449 = LINE('',#4450,#4451);
#4450 = CARTESIAN_POINT('',(-0.646824228722,-1.333648457443,1.55));
#4451 = VECTOR('',#4452,1.);
#4452 = DIRECTION('',(-0.707106781187,0.707106781187,0.));
#4453 = ORIENTED_EDGE('',*,*,#4454,.F.);
#4454 = EDGE_CURVE('',#4455,#4447,#4457,.T.);
#4455 = VERTEX_POINT('',#4456);
#4456 = CARTESIAN_POINT('',(0.646824228722,-1.333648457443,1.55));
#4457 = LINE('',#4458,#4459);
#4458 = CARTESIAN_POINT('',(0.646824228722,-1.333648457443,1.55));
#4459 = VECTOR('',#4460,1.);
#4460 = DIRECTION('',(-1.,-1.110223024625E-16,0.));
#4461 = ORIENTED_EDGE('',*,*,#4462,.F.);
#4462 = EDGE_CURVE('',#3024,#4455,#4463,.T.);
#4463 = LINE('',#4464,#4465);
#4464 = CARTESIAN_POINT('',(0.683648457443,-1.296824228722,1.55));
#4465 = VECTOR('',#4466,1.);
#4466 = DIRECTION('',(-0.707106781187,-0.707106781187,0.));
#4467 = ORIENTED_EDGE('',*,*,#3030,.F.);
#4468 = ORIENTED_EDGE('',*,*,#2959,.F.);
#4469 = FACE_BOUND('',#4470,.T.);
#4470 = EDGE_LOOP('',(#4471));
#4471 = ORIENTED_EDGE('',*,*,#4472,.T.);
#4472 = EDGE_CURVE('',#4473,#4473,#4475,.T.);
#4473 = VERTEX_POINT('',#4474);
#4474 = CARTESIAN_POINT('',(-0.333648457443,0.858648457443,1.55));
#4475 = CIRCLE('',#4476,0.125);
#4476 = AXIS2_PLACEMENT_3D('',#4477,#4478,#4479);
#4477 = CARTESIAN_POINT('',(-0.333648457443,0.983648457443,1.55));
#4478 = DIRECTION('',(0.,-0.,-1.));
#4479 = DIRECTION('',(1.110223024625E-16,-1.,0.));
#4480 = PLANE('',#4481);
#4481 = AXIS2_PLACEMENT_3D('',#4482,#4483,#4484);
#4482 = CARTESIAN_POINT('',(-0.646824228722,1.333648457443,1.55));
#4483 = DIRECTION('',(0.,0.,1.));
#4484 = DIRECTION('',(0.436386464522,-0.899759330922,0.));
#4485 = ADVANCED_FACE('',(#4486),#4496,.F.);
#4486 = FACE_BOUND('',#4487,.F.);
#4487 = EDGE_LOOP('',(#4488,#4489,#4490,#4491));
#4488 = ORIENTED_EDGE('',*,*,#3091,.T.);
#4489 = ORIENTED_EDGE('',*,*,#2892,.T.);
#4490 = ORIENTED_EDGE('',*,*,#4446,.F.);
#4491 = ORIENTED_EDGE('',*,*,#4492,.F.);
#4492 = EDGE_CURVE('',#3092,#4447,#4493,.T.);
#4493 = B_SPLINE_CURVE_WITH_KNOTS('',1,(#4494,#4495),.UNSPECIFIED.,.F.,
  .F.,(2,2),(0.,1.),.PIECEWISE_BEZIER_KNOTS.);
#4494 = CARTESIAN_POINT('',(-0.6925,-1.425,0.9));
#4495 = CARTESIAN_POINT('',(-0.646824228722,-1.333648457443,1.55));
#4496 = B_SPLINE_SURFACE_WITH_KNOTS('',1,1,(
    (#4497,#4498)
    ,(#4499,#4500
    )),.UNSPECIFIED.,.F.,.F.,.F.,(2,2),(2,2),(0.,0.116672618896),(0.,1.)
  ,.PIECEWISE_BEZIER_KNOTS.);
#4497 = CARTESIAN_POINT('',(-0.6925,-1.425,0.9));
#4498 = CARTESIAN_POINT('',(-0.646824228722,-1.333648457443,1.55));
#4499 = CARTESIAN_POINT('',(-0.775,-1.3425,0.9));
#4500 = CARTESIAN_POINT('',(-0.683648457443,-1.296824228722,1.55));
#4501 = ADVANCED_FACE('',(#4502),#4515,.F.);
#4502 = FACE_BOUND('',#4503,.F.);
#4503 = EDGE_LOOP('',(#4504,#4505,#4511,#4512,#4513,#4514));
#4504 = ORIENTED_EDGE('',*,*,#4042,.F.);
#4505 = ORIENTED_EDGE('',*,*,#4506,.T.);
#4506 = EDGE_CURVE('',#4034,#4143,#4507,.T.);
#4507 = LINE('',#4508,#4509);
#4508 = CARTESIAN_POINT('',(0.85,0.25,0.9));
#4509 = VECTOR('',#4510,1.);
#4510 = DIRECTION('',(1.110223024625E-16,-1.,0.));
#4511 = ORIENTED_EDGE('',*,*,#4151,.T.);
#4512 = ORIENTED_EDGE('',*,*,#4165,.T.);
#4513 = ORIENTED_EDGE('',*,*,#2991,.F.);
#4514 = ORIENTED_EDGE('',*,*,#3949,.F.);
#4515 = PLANE('',#4516);
#4516 = AXIS2_PLACEMENT_3D('',#4517,#4518,#4519);
#4517 = CARTESIAN_POINT('',(0.85,0.25,0.9));
#4518 = DIRECTION('',(0.,0.,-1.));
#4519 = DIRECTION('',(-1.,-1.110223024625E-16,-0.));
#4520 = ADVANCED_FACE('',(#4521),#4534,.F.);
#4521 = FACE_BOUND('',#4522,.F.);
#4522 = EDGE_LOOP('',(#4523,#4524,#4530,#4531,#4532,#4533));
#4523 = ORIENTED_EDGE('',*,*,#4265,.F.);
#4524 = ORIENTED_EDGE('',*,*,#4525,.T.);
#4525 = EDGE_CURVE('',#4257,#4366,#4526,.T.);
#4526 = LINE('',#4527,#4528);
#4527 = CARTESIAN_POINT('',(0.85,-0.7,0.9));
#4528 = VECTOR('',#4529,1.);
#4529 = DIRECTION('',(1.110223024625E-16,-1.,0.));
#4530 = ORIENTED_EDGE('',*,*,#4374,.T.);
#4531 = ORIENTED_EDGE('',*,*,#3114,.T.);
#4532 = ORIENTED_EDGE('',*,*,#3007,.F.);
#4533 = ORIENTED_EDGE('',*,*,#4172,.F.);
#4534 = PLANE('',#4535);
#4535 = AXIS2_PLACEMENT_3D('',#4536,#4537,#4538);
#4536 = CARTESIAN_POINT('',(0.85,-0.7,0.9));
#4537 = DIRECTION('',(0.,0.,-1.));
#4538 = DIRECTION('',(-1.,-1.110223024625E-16,-0.));
#4539 = ADVANCED_FACE('',(#4540),#4550,.F.);
#4540 = FACE_BOUND('',#4541,.F.);
#4541 = EDGE_LOOP('',(#4542,#4543,#4548,#4549));
#4542 = ORIENTED_EDGE('',*,*,#3107,.T.);
#4543 = ORIENTED_EDGE('',*,*,#4544,.T.);
#4544 = EDGE_CURVE('',#3100,#4455,#4545,.T.);
#4545 = B_SPLINE_CURVE_WITH_KNOTS('',1,(#4546,#4547),.UNSPECIFIED.,.F.,
  .F.,(2,2),(0.,1.),.PIECEWISE_BEZIER_KNOTS.);
#4546 = CARTESIAN_POINT('',(0.6925,-1.425,0.9));
#4547 = CARTESIAN_POINT('',(0.646824228722,-1.333648457443,1.55));
#4548 = ORIENTED_EDGE('',*,*,#4462,.F.);
#4549 = ORIENTED_EDGE('',*,*,#3023,.F.);
#4550 = B_SPLINE_SURFACE_WITH_KNOTS('',1,1,(
    (#4551,#4552)
    ,(#4553,#4554
    )),.UNSPECIFIED.,.F.,.F.,.F.,(2,2),(2,2),(0.,0.116672618896),(0.,1.)
  ,.PIECEWISE_BEZIER_KNOTS.);
#4551 = CARTESIAN_POINT('',(0.775,-1.3425,0.9));
#4552 = CARTESIAN_POINT('',(0.683648457443,-1.296824228722,1.55));
#4553 = CARTESIAN_POINT('',(0.6925,-1.425,0.9));
#4554 = CARTESIAN_POINT('',(0.646824228722,-1.333648457443,1.55));
#4555 = ADVANCED_FACE('',(#4556),#4567,.T.);
#4556 = FACE_BOUND('',#4557,.T.);
#4557 = EDGE_LOOP('',(#4558,#4559,#4560,#4561));
#4558 = ORIENTED_EDGE('',*,*,#3829,.T.);
#4559 = ORIENTED_EDGE('',*,*,#3053,.T.);
#4560 = ORIENTED_EDGE('',*,*,#3931,.F.);
#4561 = ORIENTED_EDGE('',*,*,#4562,.F.);
#4562 = EDGE_CURVE('',#3822,#3924,#4563,.T.);
#4563 = LINE('',#4564,#4565);
#4564 = CARTESIAN_POINT('',(1.096201938253,1.2,0.693412044417));
#4565 = VECTOR('',#4566,1.);
#4566 = DIRECTION('',(1.110223024625E-16,-1.,0.));
#4567 = CYLINDRICAL_SURFACE('',#4568,0.25);
#4568 = AXIS2_PLACEMENT_3D('',#4569,#4570,#4571);
#4569 = CARTESIAN_POINT('',(0.85,1.2,0.65));
#4570 = DIRECTION('',(-1.110223024625E-16,1.,0.));
#4571 = DIRECTION('',(0.984807753012,1.093356242223E-16,0.173648177667)
  );
#4572 = ADVANCED_FACE('',(#4573),#4579,.F.);
#4573 = FACE_BOUND('',#4574,.F.);
#4574 = EDGE_LOOP('',(#4575,#4576,#4577,#4578));
#4575 = ORIENTED_EDGE('',*,*,#3099,.T.);
#4576 = ORIENTED_EDGE('',*,*,#4492,.T.);
#4577 = ORIENTED_EDGE('',*,*,#4454,.F.);
#4578 = ORIENTED_EDGE('',*,*,#4544,.F.);
#4579 = B_SPLINE_SURFACE_WITH_KNOTS('',1,1,(
    (#4580,#4581)
    ,(#4582,#4583
    )),.UNSPECIFIED.,.F.,.F.,.F.,(2,2),(2,2),(0.,1.385),(0.,1.),
  .PIECEWISE_BEZIER_KNOTS.);
#4580 = CARTESIAN_POINT('',(0.6925,-1.425,0.9));
#4581 = CARTESIAN_POINT('',(0.646824228722,-1.333648457443,1.55));
#4582 = CARTESIAN_POINT('',(-0.6925,-1.425,0.9));
#4583 = CARTESIAN_POINT('',(-0.646824228722,-1.333648457443,1.55));
#4584 = ADVANCED_FACE('',(#4585),#4596,.T.);
#4585 = FACE_BOUND('',#4586,.T.);
#4586 = EDGE_LOOP('',(#4587,#4588,#4589,#4590));
#4587 = ORIENTED_EDGE('',*,*,#3201,.T.);
#4588 = ORIENTED_EDGE('',*,*,#4406,.T.);
#4589 = ORIENTED_EDGE('',*,*,#3310,.F.);
#4590 = ORIENTED_EDGE('',*,*,#4591,.F.);
#4591 = EDGE_CURVE('',#3194,#3303,#4592,.T.);
#4592 = LINE('',#4593,#4594);
#4593 = CARTESIAN_POINT('',(-1.096201938253,-1.2,0.693412044417));
#4594 = VECTOR('',#4595,1.);
#4595 = DIRECTION('',(1.144237745222E-17,1.,0.));
#4596 = CYLINDRICAL_SURFACE('',#4597,0.25);
#4597 = AXIS2_PLACEMENT_3D('',#4598,#4599,#4600);
#4598 = CARTESIAN_POINT('',(-0.85,-1.2,0.65));
#4599 = DIRECTION('',(-1.144237745222E-17,-1.,0.));
#4600 = DIRECTION('',(-0.984807753012,1.126854202784E-17,0.173648177667)
  );
#4601 = ADVANCED_FACE('',(#4602),#4613,.F.);
#4602 = FACE_BOUND('',#4603,.F.);
#4603 = EDGE_LOOP('',(#4604,#4610,#4611,#4612));
#4604 = ORIENTED_EDGE('',*,*,#4605,.T.);
#4605 = EDGE_CURVE('',#3185,#3294,#4606,.T.);
#4606 = LINE('',#4607,#4608);
#4607 = CARTESIAN_POINT('',(-1.172050016982,-1.2,0.232635182233));
#4608 = VECTOR('',#4609,1.);
#4609 = DIRECTION('',(1.144237745222E-17,1.,0.));
#4610 = ORIENTED_EDGE('',*,*,#3302,.T.);
#4611 = ORIENTED_EDGE('',*,*,#4591,.F.);
#4612 = ORIENTED_EDGE('',*,*,#3193,.F.);
#4613 = PLANE('',#4614);
#4614 = AXIS2_PLACEMENT_3D('',#4615,#4616,#4617);
#4615 = CARTESIAN_POINT('',(-1.172050016982,-1.2,0.232635182233));
#4616 = DIRECTION('',(0.986721169868,-1.129043606572E-17,-0.162423314012
    ));
#4617 = DIRECTION('',(0.162423314012,-1.858508865964E-18,0.986721169868)
  );
#4618 = ADVANCED_FACE('',(#4619),#4630,.F.);
#4619 = FACE_BOUND('',#4620,.F.);
#4620 = EDGE_LOOP('',(#4621,#4627,#4628,#4629));
#4621 = ORIENTED_EDGE('',*,*,#4622,.T.);
#4622 = EDGE_CURVE('',#3177,#3286,#4623,.T.);
#4623 = LINE('',#4624,#4625);
#4624 = CARTESIAN_POINT('',(-1.270530792283,-1.2,0.15));
#4625 = VECTOR('',#4626,1.);
#4626 = DIRECTION('',(1.144237745222E-17,1.,0.));
#4627 = ORIENTED_EDGE('',*,*,#3293,.T.);
#4628 = ORIENTED_EDGE('',*,*,#4605,.F.);
#4629 = ORIENTED_EDGE('',*,*,#3184,.F.);
#4630 = CYLINDRICAL_SURFACE('',#4631,0.1);
#4631 = AXIS2_PLACEMENT_3D('',#4632,#4633,#4634);
#4632 = CARTESIAN_POINT('',(-1.270530792283,-1.2,0.25));
#4633 = DIRECTION('',(-1.144237745222E-17,-1.,0.));
#4634 = DIRECTION('',(-2.22044604925E-15,2.540718180781E-32,-1.));
#4635 = ADVANCED_FACE('',(#4636),#4647,.F.);
#4636 = FACE_BOUND('',#4637,.F.);
#4637 = EDGE_LOOP('',(#4638,#4644,#4645,#4646));
#4638 = ORIENTED_EDGE('',*,*,#4639,.T.);
#4639 = EDGE_CURVE('',#3169,#3278,#4640,.T.);
#4640 = LINE('',#4641,#4642);
#4641 = CARTESIAN_POINT('',(-1.4,-1.2,0.15));
#4642 = VECTOR('',#4643,1.);
#4643 = DIRECTION('',(1.144237745222E-17,1.,0.));
#4644 = ORIENTED_EDGE('',*,*,#3285,.T.);
#4645 = ORIENTED_EDGE('',*,*,#4622,.F.);
#4646 = ORIENTED_EDGE('',*,*,#3176,.F.);
#4647 = PLANE('',#4648);
#4648 = AXIS2_PLACEMENT_3D('',#4649,#4650,#4651);
#4649 = CARTESIAN_POINT('',(-1.4,-1.2,0.15));
#4650 = DIRECTION('',(0.,0.,-1.));
#4651 = DIRECTION('',(1.,-1.144237745222E-17,0.));
#4652 = ADVANCED_FACE('',(#4653),#4664,.F.);
#4653 = FACE_BOUND('',#4654,.F.);
#4654 = EDGE_LOOP('',(#4655,#4661,#4662,#4663));
#4655 = ORIENTED_EDGE('',*,*,#4656,.T.);
#4656 = EDGE_CURVE('',#3161,#3270,#4657,.T.);
#4657 = LINE('',#4658,#4659);
#4658 = CARTESIAN_POINT('',(-1.4,-1.2,0.));
#4659 = VECTOR('',#4660,1.);
#4660 = DIRECTION('',(1.144237745222E-17,1.,0.));
#4661 = ORIENTED_EDGE('',*,*,#3277,.T.);
#4662 = ORIENTED_EDGE('',*,*,#4639,.F.);
#4663 = ORIENTED_EDGE('',*,*,#3168,.F.);
#4664 = PLANE('',#4665);
#4665 = AXIS2_PLACEMENT_3D('',#4666,#4667,#4668);
#4666 = CARTESIAN_POINT('',(-1.4,-1.2,0.));
#4667 = DIRECTION('',(1.,-1.144237745222E-17,0.));
#4668 = DIRECTION('',(0.,0.,1.));
#4669 = ADVANCED_FACE('',(#4670),#4681,.F.);
#4670 = FACE_BOUND('',#4671,.F.);
#4671 = EDGE_LOOP('',(#4672,#4678,#4679,#4680));
#4672 = ORIENTED_EDGE('',*,*,#4673,.T.);
#4673 = EDGE_CURVE('',#3152,#3261,#4674,.T.);
#4674 = LINE('',#4675,#4676);
#4675 = CARTESIAN_POINT('',(-1.270530792283,-1.2,0.));
#4676 = VECTOR('',#4677,1.);
#4677 = DIRECTION('',(1.144237745222E-17,1.,0.));
#4678 = ORIENTED_EDGE('',*,*,#3269,.T.);
#4679 = ORIENTED_EDGE('',*,*,#4656,.F.);
#4680 = ORIENTED_EDGE('',*,*,#3160,.F.);
#4681 = PLANE('',#4682);
#4682 = AXIS2_PLACEMENT_3D('',#4683,#4684,#4685);
#4683 = CARTESIAN_POINT('',(-1.270530792283,-1.2,0.));
#4684 = DIRECTION('',(0.,0.,1.));
#4685 = DIRECTION('',(-1.,1.144237745222E-17,0.));
#4686 = ADVANCED_FACE('',(#4687),#4698,.T.);
#4687 = FACE_BOUND('',#4688,.T.);
#4688 = EDGE_LOOP('',(#4689,#4690,#4691,#4692));
#4689 = ORIENTED_EDGE('',*,*,#3151,.T.);
#4690 = ORIENTED_EDGE('',*,*,#4673,.T.);
#4691 = ORIENTED_EDGE('',*,*,#3260,.F.);
#4692 = ORIENTED_EDGE('',*,*,#4693,.F.);
#4693 = EDGE_CURVE('',#3144,#3253,#4694,.T.);
#4694 = LINE('',#4695,#4696);
#4695 = CARTESIAN_POINT('',(-1.02432885403,-1.2,0.206587955583));
#4696 = VECTOR('',#4697,1.);
#4697 = DIRECTION('',(1.144237745222E-17,1.,0.));
#4698 = CYLINDRICAL_SURFACE('',#4699,0.25);
#4699 = AXIS2_PLACEMENT_3D('',#4700,#4701,#4702);
#4700 = CARTESIAN_POINT('',(-1.270530792283,-1.2,0.25));
#4701 = DIRECTION('',(-1.144237745222E-17,-1.,0.));
#4702 = DIRECTION('',(0.984807753012,-1.126854202784E-17,-0.173648177667
    ));
#4703 = ADVANCED_FACE('',(#4704),#4710,.F.);
#4704 = FACE_BOUND('',#4705,.F.);
#4705 = EDGE_LOOP('',(#4706,#4707,#4708,#4709));
#4706 = ORIENTED_EDGE('',*,*,#3234,.T.);
#4707 = ORIENTED_EDGE('',*,*,#3252,.T.);
#4708 = ORIENTED_EDGE('',*,*,#4693,.F.);
#4709 = ORIENTED_EDGE('',*,*,#3143,.F.);
#4710 = PLANE('',#4711);
#4711 = AXIS2_PLACEMENT_3D('',#4712,#4713,#4714);
#4712 = CARTESIAN_POINT('',(-0.948480775301,-1.2,0.667364817767));
#4713 = DIRECTION('',(-0.986721169868,1.129043606572E-17,0.162423314012)
  );
#4714 = DIRECTION('',(-0.162423314012,1.858508865964E-18,-0.986721169868
    ));
#4715 = ADVANCED_FACE('',(#4716),#4727,.T.);
#4716 = FACE_BOUND('',#4717,.T.);
#4717 = EDGE_LOOP('',(#4718,#4719,#4720,#4721));
#4718 = ORIENTED_EDGE('',*,*,#3424,.T.);
#4719 = ORIENTED_EDGE('',*,*,#4425,.T.);
#4720 = ORIENTED_EDGE('',*,*,#3533,.F.);
#4721 = ORIENTED_EDGE('',*,*,#4722,.F.);
#4722 = EDGE_CURVE('',#3417,#3526,#4723,.T.);
#4723 = LINE('',#4724,#4725);
#4724 = CARTESIAN_POINT('',(-1.096201938253,-0.25,0.693412044417));
#4725 = VECTOR('',#4726,1.);
#4726 = DIRECTION('',(1.144237745222E-17,1.,0.));
#4727 = CYLINDRICAL_SURFACE('',#4728,0.25);
#4728 = AXIS2_PLACEMENT_3D('',#4729,#4730,#4731);
#4729 = CARTESIAN_POINT('',(-0.85,-0.25,0.65));
#4730 = DIRECTION('',(-1.144237745222E-17,-1.,0.));
#4731 = DIRECTION('',(-0.984807753012,1.126854202784E-17,0.173648177667)
  );
#4732 = ADVANCED_FACE('',(#4733),#4744,.F.);
#4733 = FACE_BOUND('',#4734,.F.);
#4734 = EDGE_LOOP('',(#4735,#4741,#4742,#4743));
#4735 = ORIENTED_EDGE('',*,*,#4736,.T.);
#4736 = EDGE_CURVE('',#3408,#3517,#4737,.T.);
#4737 = LINE('',#4738,#4739);
#4738 = CARTESIAN_POINT('',(-1.172050016982,-0.25,0.232635182233));
#4739 = VECTOR('',#4740,1.);
#4740 = DIRECTION('',(1.144237745222E-17,1.,0.));
#4741 = ORIENTED_EDGE('',*,*,#3525,.T.);
#4742 = ORIENTED_EDGE('',*,*,#4722,.F.);
#4743 = ORIENTED_EDGE('',*,*,#3416,.F.);
#4744 = PLANE('',#4745);
#4745 = AXIS2_PLACEMENT_3D('',#4746,#4747,#4748);
#4746 = CARTESIAN_POINT('',(-1.172050016982,-0.25,0.232635182233));
#4747 = DIRECTION('',(0.986721169868,-1.129043606572E-17,-0.162423314012
    ));
#4748 = DIRECTION('',(0.162423314012,-1.858508865964E-18,0.986721169868)
  );
#4749 = ADVANCED_FACE('',(#4750),#4761,.F.);
#4750 = FACE_BOUND('',#4751,.F.);
#4751 = EDGE_LOOP('',(#4752,#4758,#4759,#4760));
#4752 = ORIENTED_EDGE('',*,*,#4753,.T.);
#4753 = EDGE_CURVE('',#3400,#3509,#4754,.T.);
#4754 = LINE('',#4755,#4756);
#4755 = CARTESIAN_POINT('',(-1.270530792283,-0.25,0.15));
#4756 = VECTOR('',#4757,1.);
#4757 = DIRECTION('',(1.144237745222E-17,1.,0.));
#4758 = ORIENTED_EDGE('',*,*,#3516,.T.);
#4759 = ORIENTED_EDGE('',*,*,#4736,.F.);
#4760 = ORIENTED_EDGE('',*,*,#3407,.F.);
#4761 = CYLINDRICAL_SURFACE('',#4762,0.1);
#4762 = AXIS2_PLACEMENT_3D('',#4763,#4764,#4765);
#4763 = CARTESIAN_POINT('',(-1.270530792283,-0.25,0.25));
#4764 = DIRECTION('',(-1.144237745222E-17,-1.,0.));
#4765 = DIRECTION('',(-2.22044604925E-15,2.540718180781E-32,-1.));
#4766 = ADVANCED_FACE('',(#4767),#4778,.F.);
#4767 = FACE_BOUND('',#4768,.F.);
#4768 = EDGE_LOOP('',(#4769,#4775,#4776,#4777));
#4769 = ORIENTED_EDGE('',*,*,#4770,.T.);
#4770 = EDGE_CURVE('',#3392,#3501,#4771,.T.);
#4771 = LINE('',#4772,#4773);
#4772 = CARTESIAN_POINT('',(-1.4,-0.25,0.15));
#4773 = VECTOR('',#4774,1.);
#4774 = DIRECTION('',(1.144237745222E-17,1.,0.));
#4775 = ORIENTED_EDGE('',*,*,#3508,.T.);
#4776 = ORIENTED_EDGE('',*,*,#4753,.F.);
#4777 = ORIENTED_EDGE('',*,*,#3399,.F.);
#4778 = PLANE('',#4779);
#4779 = AXIS2_PLACEMENT_3D('',#4780,#4781,#4782);
#4780 = CARTESIAN_POINT('',(-1.4,-0.25,0.15));
#4781 = DIRECTION('',(0.,0.,-1.));
#4782 = DIRECTION('',(1.,-1.144237745222E-17,0.));
#4783 = ADVANCED_FACE('',(#4784),#4795,.F.);
#4784 = FACE_BOUND('',#4785,.F.);
#4785 = EDGE_LOOP('',(#4786,#4792,#4793,#4794));
#4786 = ORIENTED_EDGE('',*,*,#4787,.T.);
#4787 = EDGE_CURVE('',#3384,#3493,#4788,.T.);
#4788 = LINE('',#4789,#4790);
#4789 = CARTESIAN_POINT('',(-1.4,-0.25,0.));
#4790 = VECTOR('',#4791,1.);
#4791 = DIRECTION('',(1.144237745222E-17,1.,0.));
#4792 = ORIENTED_EDGE('',*,*,#3500,.T.);
#4793 = ORIENTED_EDGE('',*,*,#4770,.F.);
#4794 = ORIENTED_EDGE('',*,*,#3391,.F.);
#4795 = PLANE('',#4796);
#4796 = AXIS2_PLACEMENT_3D('',#4797,#4798,#4799);
#4797 = CARTESIAN_POINT('',(-1.4,-0.25,0.));
#4798 = DIRECTION('',(1.,-1.144237745222E-17,0.));
#4799 = DIRECTION('',(0.,0.,1.));
#4800 = ADVANCED_FACE('',(#4801),#4812,.F.);
#4801 = FACE_BOUND('',#4802,.F.);
#4802 = EDGE_LOOP('',(#4803,#4809,#4810,#4811));
#4803 = ORIENTED_EDGE('',*,*,#4804,.T.);
#4804 = EDGE_CURVE('',#3375,#3484,#4805,.T.);
#4805 = LINE('',#4806,#4807);
#4806 = CARTESIAN_POINT('',(-1.270530792283,-0.25,0.));
#4807 = VECTOR('',#4808,1.);
#4808 = DIRECTION('',(1.144237745222E-17,1.,0.));
#4809 = ORIENTED_EDGE('',*,*,#3492,.T.);
#4810 = ORIENTED_EDGE('',*,*,#4787,.F.);
#4811 = ORIENTED_EDGE('',*,*,#3383,.F.);
#4812 = PLANE('',#4813);
#4813 = AXIS2_PLACEMENT_3D('',#4814,#4815,#4816);
#4814 = CARTESIAN_POINT('',(-1.270530792283,-0.25,0.));
#4815 = DIRECTION('',(0.,0.,1.));
#4816 = DIRECTION('',(-1.,1.144237745222E-17,0.));
#4817 = ADVANCED_FACE('',(#4818),#4829,.T.);
#4818 = FACE_BOUND('',#4819,.T.);
#4819 = EDGE_LOOP('',(#4820,#4821,#4822,#4823));
#4820 = ORIENTED_EDGE('',*,*,#3374,.T.);
#4821 = ORIENTED_EDGE('',*,*,#4804,.T.);
#4822 = ORIENTED_EDGE('',*,*,#3483,.F.);
#4823 = ORIENTED_EDGE('',*,*,#4824,.F.);
#4824 = EDGE_CURVE('',#3367,#3476,#4825,.T.);
#4825 = LINE('',#4826,#4827);
#4826 = CARTESIAN_POINT('',(-1.02432885403,-0.25,0.206587955583));
#4827 = VECTOR('',#4828,1.);
#4828 = DIRECTION('',(1.144237745222E-17,1.,0.));
#4829 = CYLINDRICAL_SURFACE('',#4830,0.25);
#4830 = AXIS2_PLACEMENT_3D('',#4831,#4832,#4833);
#4831 = CARTESIAN_POINT('',(-1.270530792283,-0.25,0.25));
#4832 = DIRECTION('',(-1.144237745222E-17,-1.,0.));
#4833 = DIRECTION('',(0.984807753012,-1.126854202784E-17,-0.173648177667
    ));
#4834 = ADVANCED_FACE('',(#4835),#4841,.F.);
#4835 = FACE_BOUND('',#4836,.F.);
#4836 = EDGE_LOOP('',(#4837,#4838,#4839,#4840));
#4837 = ORIENTED_EDGE('',*,*,#3457,.T.);
#4838 = ORIENTED_EDGE('',*,*,#3475,.T.);
#4839 = ORIENTED_EDGE('',*,*,#4824,.F.);
#4840 = ORIENTED_EDGE('',*,*,#3366,.F.);
#4841 = PLANE('',#4842);
#4842 = AXIS2_PLACEMENT_3D('',#4843,#4844,#4845);
#4843 = CARTESIAN_POINT('',(-0.948480775301,-0.25,0.667364817767));
#4844 = DIRECTION('',(-0.986721169868,1.129043606572E-17,0.162423314012)
  );
#4845 = DIRECTION('',(-0.162423314012,1.858508865964E-18,-0.986721169868
    ));
#4846 = ADVANCED_FACE('',(#4847),#4858,.F.);
#4847 = FACE_BOUND('',#4848,.F.);
#4848 = EDGE_LOOP('',(#4849,#4855,#4856,#4857));
#4849 = ORIENTED_EDGE('',*,*,#4850,.T.);
#4850 = EDGE_CURVE('',#3626,#3728,#4851,.T.);
#4851 = LINE('',#4852,#4853);
#4852 = CARTESIAN_POINT('',(-1.172050016982,0.7,0.232635182233));
#4853 = VECTOR('',#4854,1.);
#4854 = DIRECTION('',(1.144237745222E-17,1.,0.));
#4855 = ORIENTED_EDGE('',*,*,#3736,.T.);
#4856 = ORIENTED_EDGE('',*,*,#4391,.F.);
#4857 = ORIENTED_EDGE('',*,*,#3634,.F.);
#4858 = PLANE('',#4859);
#4859 = AXIS2_PLACEMENT_3D('',#4860,#4861,#4862);
#4860 = CARTESIAN_POINT('',(-1.172050016982,0.7,0.232635182233));
#4861 = DIRECTION('',(0.986721169868,-1.129043606572E-17,-0.162423314012
    ));
#4862 = DIRECTION('',(0.162423314012,-1.858508865964E-18,0.986721169868)
  );
#4863 = ADVANCED_FACE('',(#4864),#4875,.F.);
#4864 = FACE_BOUND('',#4865,.F.);
#4865 = EDGE_LOOP('',(#4866,#4872,#4873,#4874));
#4866 = ORIENTED_EDGE('',*,*,#4867,.T.);
#4867 = EDGE_CURVE('',#3618,#3720,#4868,.T.);
#4868 = LINE('',#4869,#4870);
#4869 = CARTESIAN_POINT('',(-1.270530792283,0.7,0.15));
#4870 = VECTOR('',#4871,1.);
#4871 = DIRECTION('',(1.144237745222E-17,1.,0.));
#4872 = ORIENTED_EDGE('',*,*,#3727,.T.);
#4873 = ORIENTED_EDGE('',*,*,#4850,.F.);
#4874 = ORIENTED_EDGE('',*,*,#3625,.F.);
#4875 = CYLINDRICAL_SURFACE('',#4876,0.1);
#4876 = AXIS2_PLACEMENT_3D('',#4877,#4878,#4879);
#4877 = CARTESIAN_POINT('',(-1.270530792283,0.7,0.25));
#4878 = DIRECTION('',(-1.144237745222E-17,-1.,0.));
#4879 = DIRECTION('',(-2.22044604925E-15,2.540718180781E-32,-1.));
#4880 = ADVANCED_FACE('',(#4881),#4892,.F.);
#4881 = FACE_BOUND('',#4882,.F.);
#4882 = EDGE_LOOP('',(#4883,#4889,#4890,#4891));
#4883 = ORIENTED_EDGE('',*,*,#4884,.T.);
#4884 = EDGE_CURVE('',#3610,#3712,#4885,.T.);
#4885 = LINE('',#4886,#4887);
#4886 = CARTESIAN_POINT('',(-1.4,0.7,0.15));
#4887 = VECTOR('',#4888,1.);
#4888 = DIRECTION('',(1.144237745222E-17,1.,0.));
#4889 = ORIENTED_EDGE('',*,*,#3719,.T.);
#4890 = ORIENTED_EDGE('',*,*,#4867,.F.);
#4891 = ORIENTED_EDGE('',*,*,#3617,.F.);
#4892 = PLANE('',#4893);
#4893 = AXIS2_PLACEMENT_3D('',#4894,#4895,#4896);
#4894 = CARTESIAN_POINT('',(-1.4,0.7,0.15));
#4895 = DIRECTION('',(0.,0.,-1.));
#4896 = DIRECTION('',(1.,-1.144237745222E-17,0.));
#4897 = ADVANCED_FACE('',(#4898),#4909,.F.);
#4898 = FACE_BOUND('',#4899,.F.);
#4899 = EDGE_LOOP('',(#4900,#4906,#4907,#4908));
#4900 = ORIENTED_EDGE('',*,*,#4901,.T.);
#4901 = EDGE_CURVE('',#3602,#3704,#4902,.T.);
#4902 = LINE('',#4903,#4904);
#4903 = CARTESIAN_POINT('',(-1.4,0.7,0.));
#4904 = VECTOR('',#4905,1.);
#4905 = DIRECTION('',(1.144237745222E-17,1.,0.));
#4906 = ORIENTED_EDGE('',*,*,#3711,.T.);
#4907 = ORIENTED_EDGE('',*,*,#4884,.F.);
#4908 = ORIENTED_EDGE('',*,*,#3609,.F.);
#4909 = PLANE('',#4910);
#4910 = AXIS2_PLACEMENT_3D('',#4911,#4912,#4913);
#4911 = CARTESIAN_POINT('',(-1.4,0.7,0.));
#4912 = DIRECTION('',(1.,-1.144237745222E-17,0.));
#4913 = DIRECTION('',(0.,0.,1.));
#4914 = ADVANCED_FACE('',(#4915),#4926,.F.);
#4915 = FACE_BOUND('',#4916,.F.);
#4916 = EDGE_LOOP('',(#4917,#4923,#4924,#4925));
#4917 = ORIENTED_EDGE('',*,*,#4918,.T.);
#4918 = EDGE_CURVE('',#3593,#3695,#4919,.T.);
#4919 = LINE('',#4920,#4921);
#4920 = CARTESIAN_POINT('',(-1.270530792283,0.7,0.));
#4921 = VECTOR('',#4922,1.);
#4922 = DIRECTION('',(1.144237745222E-17,1.,0.));
#4923 = ORIENTED_EDGE('',*,*,#3703,.T.);
#4924 = ORIENTED_EDGE('',*,*,#4901,.F.);
#4925 = ORIENTED_EDGE('',*,*,#3601,.F.);
#4926 = PLANE('',#4927);
#4927 = AXIS2_PLACEMENT_3D('',#4928,#4929,#4930);
#4928 = CARTESIAN_POINT('',(-1.270530792283,0.7,0.));
#4929 = DIRECTION('',(0.,0.,1.));
#4930 = DIRECTION('',(-1.,1.144237745222E-17,0.));
#4931 = ADVANCED_FACE('',(#4932),#4943,.T.);
#4932 = FACE_BOUND('',#4933,.T.);
#4933 = EDGE_LOOP('',(#4934,#4935,#4936,#4937));
#4934 = ORIENTED_EDGE('',*,*,#3592,.T.);
#4935 = ORIENTED_EDGE('',*,*,#4918,.T.);
#4936 = ORIENTED_EDGE('',*,*,#3694,.F.);
#4937 = ORIENTED_EDGE('',*,*,#4938,.F.);
#4938 = EDGE_CURVE('',#3585,#3687,#4939,.T.);
#4939 = LINE('',#4940,#4941);
#4940 = CARTESIAN_POINT('',(-1.02432885403,0.7,0.206587955583));
#4941 = VECTOR('',#4942,1.);
#4942 = DIRECTION('',(1.144237745222E-17,1.,0.));
#4943 = CYLINDRICAL_SURFACE('',#4944,0.25);
#4944 = AXIS2_PLACEMENT_3D('',#4945,#4946,#4947);
#4945 = CARTESIAN_POINT('',(-1.270530792283,0.7,0.25));
#4946 = DIRECTION('',(-1.144237745222E-17,-1.,0.));
#4947 = DIRECTION('',(0.984807753012,-1.126854202784E-17,-0.173648177667
    ));
#4948 = ADVANCED_FACE('',(#4949),#4955,.F.);
#4949 = FACE_BOUND('',#4950,.F.);
#4950 = EDGE_LOOP('',(#4951,#4952,#4953,#4954));
#4951 = ORIENTED_EDGE('',*,*,#3668,.T.);
#4952 = ORIENTED_EDGE('',*,*,#3686,.T.);
#4953 = ORIENTED_EDGE('',*,*,#4938,.F.);
#4954 = ORIENTED_EDGE('',*,*,#3584,.F.);
#4955 = PLANE('',#4956);
#4956 = AXIS2_PLACEMENT_3D('',#4957,#4958,#4959);
#4957 = CARTESIAN_POINT('',(-0.948480775301,0.7,0.667364817767));
#4958 = DIRECTION('',(-0.986721169868,1.129043606572E-17,0.162423314012)
  );
#4959 = DIRECTION('',(-0.162423314012,1.858508865964E-18,-0.986721169868
    ));
#4960 = ADVANCED_FACE('',(#4961),#4972,.F.);
#4961 = FACE_BOUND('',#4962,.F.);
#4962 = EDGE_LOOP('',(#4963,#4969,#4970,#4971));
#4963 = ORIENTED_EDGE('',*,*,#4964,.T.);
#4964 = EDGE_CURVE('',#3813,#3915,#4965,.T.);
#4965 = LINE('',#4966,#4967);
#4966 = CARTESIAN_POINT('',(1.172050016982,1.2,0.232635182233));
#4967 = VECTOR('',#4968,1.);
#4968 = DIRECTION('',(1.110223024625E-16,-1.,0.));
#4969 = ORIENTED_EDGE('',*,*,#3923,.T.);
#4970 = ORIENTED_EDGE('',*,*,#4562,.F.);
#4971 = ORIENTED_EDGE('',*,*,#3821,.F.);
#4972 = PLANE('',#4973);
#4973 = AXIS2_PLACEMENT_3D('',#4974,#4975,#4976);
#4974 = CARTESIAN_POINT('',(1.172050016982,1.2,0.232635182233));
#4975 = DIRECTION('',(-0.986721169868,-1.095480561672E-16,
    -0.162423314012));
#4976 = DIRECTION('',(-0.162423314012,-1.803261029519E-17,0.986721169868
    ));
#4977 = ADVANCED_FACE('',(#4978),#4989,.F.);
#4978 = FACE_BOUND('',#4979,.F.);
#4979 = EDGE_LOOP('',(#4980,#4986,#4987,#4988));
#4980 = ORIENTED_EDGE('',*,*,#4981,.T.);
#4981 = EDGE_CURVE('',#3805,#3907,#4982,.T.);
#4982 = LINE('',#4983,#4984);
#4983 = CARTESIAN_POINT('',(1.270530792283,1.2,0.15));
#4984 = VECTOR('',#4985,1.);
#4985 = DIRECTION('',(1.110223024625E-16,-1.,0.));
#4986 = ORIENTED_EDGE('',*,*,#3914,.T.);
#4987 = ORIENTED_EDGE('',*,*,#4964,.F.);
#4988 = ORIENTED_EDGE('',*,*,#3812,.F.);
#4989 = CYLINDRICAL_SURFACE('',#4990,0.1);
#4990 = AXIS2_PLACEMENT_3D('',#4991,#4992,#4993);
#4991 = CARTESIAN_POINT('',(1.270530792283,1.2,0.25));
#4992 = DIRECTION('',(-1.110223024625E-16,1.,0.));
#4993 = DIRECTION('',(2.22044604925E-15,2.465190328815E-31,-1.));
#4994 = ADVANCED_FACE('',(#4995),#5006,.F.);
#4995 = FACE_BOUND('',#4996,.F.);
#4996 = EDGE_LOOP('',(#4997,#5003,#5004,#5005));
#4997 = ORIENTED_EDGE('',*,*,#4998,.T.);
#4998 = EDGE_CURVE('',#3797,#3899,#4999,.T.);
#4999 = LINE('',#5000,#5001);
#5000 = CARTESIAN_POINT('',(1.4,1.2,0.15));
#5001 = VECTOR('',#5002,1.);
#5002 = DIRECTION('',(1.110223024625E-16,-1.,0.));
#5003 = ORIENTED_EDGE('',*,*,#3906,.T.);
#5004 = ORIENTED_EDGE('',*,*,#4981,.F.);
#5005 = ORIENTED_EDGE('',*,*,#3804,.F.);
#5006 = PLANE('',#5007);
#5007 = AXIS2_PLACEMENT_3D('',#5008,#5009,#5010);
#5008 = CARTESIAN_POINT('',(1.4,1.2,0.15));
#5009 = DIRECTION('',(0.,0.,-1.));
#5010 = DIRECTION('',(-1.,-1.110223024625E-16,-0.));
#5011 = ADVANCED_FACE('',(#5012),#5023,.F.);
#5012 = FACE_BOUND('',#5013,.F.);
#5013 = EDGE_LOOP('',(#5014,#5020,#5021,#5022));
#5014 = ORIENTED_EDGE('',*,*,#5015,.T.);
#5015 = EDGE_CURVE('',#3789,#3891,#5016,.T.);
#5016 = LINE('',#5017,#5018);
#5017 = CARTESIAN_POINT('',(1.4,1.2,0.));
#5018 = VECTOR('',#5019,1.);
#5019 = DIRECTION('',(1.110223024625E-16,-1.,0.));
#5020 = ORIENTED_EDGE('',*,*,#3898,.T.);
#5021 = ORIENTED_EDGE('',*,*,#4998,.F.);
#5022 = ORIENTED_EDGE('',*,*,#3796,.F.);
#5023 = PLANE('',#5024);
#5024 = AXIS2_PLACEMENT_3D('',#5025,#5026,#5027);
#5025 = CARTESIAN_POINT('',(1.4,1.2,0.));
#5026 = DIRECTION('',(-1.,-1.110223024625E-16,0.));
#5027 = DIRECTION('',(0.,0.,1.));
#5028 = ADVANCED_FACE('',(#5029),#5040,.F.);
#5029 = FACE_BOUND('',#5030,.F.);
#5030 = EDGE_LOOP('',(#5031,#5037,#5038,#5039));
#5031 = ORIENTED_EDGE('',*,*,#5032,.T.);
#5032 = EDGE_CURVE('',#3780,#3882,#5033,.T.);
#5033 = LINE('',#5034,#5035);
#5034 = CARTESIAN_POINT('',(1.270530792283,1.2,0.));
#5035 = VECTOR('',#5036,1.);
#5036 = DIRECTION('',(1.110223024625E-16,-1.,0.));
#5037 = ORIENTED_EDGE('',*,*,#3890,.T.);
#5038 = ORIENTED_EDGE('',*,*,#5015,.F.);
#5039 = ORIENTED_EDGE('',*,*,#3788,.F.);
#5040 = PLANE('',#5041);
#5041 = AXIS2_PLACEMENT_3D('',#5042,#5043,#5044);
#5042 = CARTESIAN_POINT('',(1.270530792283,1.2,0.));
#5043 = DIRECTION('',(0.,0.,1.));
#5044 = DIRECTION('',(1.,1.110223024625E-16,-0.));
#5045 = ADVANCED_FACE('',(#5046),#5057,.T.);
#5046 = FACE_BOUND('',#5047,.T.);
#5047 = EDGE_LOOP('',(#5048,#5049,#5050,#5051));
#5048 = ORIENTED_EDGE('',*,*,#3779,.T.);
#5049 = ORIENTED_EDGE('',*,*,#5032,.T.);
#5050 = ORIENTED_EDGE('',*,*,#3881,.F.);
#5051 = ORIENTED_EDGE('',*,*,#5052,.F.);
#5052 = EDGE_CURVE('',#3772,#3874,#5053,.T.);
#5053 = LINE('',#5054,#5055);
#5054 = CARTESIAN_POINT('',(1.02432885403,1.2,0.206587955583));
#5055 = VECTOR('',#5056,1.);
#5056 = DIRECTION('',(1.110223024625E-16,-1.,0.));
#5057 = CYLINDRICAL_SURFACE('',#5058,0.25);
#5058 = AXIS2_PLACEMENT_3D('',#5059,#5060,#5061);
#5059 = CARTESIAN_POINT('',(1.270530792283,1.2,0.25));
#5060 = DIRECTION('',(-1.110223024625E-16,1.,0.));
#5061 = DIRECTION('',(-0.984807753012,-1.093356242223E-16,
    -0.173648177667));
#5062 = ADVANCED_FACE('',(#5063),#5069,.F.);
#5063 = FACE_BOUND('',#5064,.F.);
#5064 = EDGE_LOOP('',(#5065,#5066,#5067,#5068));
#5065 = ORIENTED_EDGE('',*,*,#3855,.T.);
#5066 = ORIENTED_EDGE('',*,*,#3873,.T.);
#5067 = ORIENTED_EDGE('',*,*,#5052,.F.);
#5068 = ORIENTED_EDGE('',*,*,#3771,.F.);
#5069 = PLANE('',#5070);
#5070 = AXIS2_PLACEMENT_3D('',#5071,#5072,#5073);
#5071 = CARTESIAN_POINT('',(0.948480775301,1.2,0.667364817767));
#5072 = DIRECTION('',(0.986721169868,1.095480561672E-16,0.162423314012)
  );
#5073 = DIRECTION('',(0.162423314012,1.803261029519E-17,-0.986721169868)
  );
#5074 = ADVANCED_FACE('',(#5075),#5086,.T.);
#5075 = FACE_BOUND('',#5076,.T.);
#5076 = EDGE_LOOP('',(#5077,#5078,#5079,#5080));
#5077 = ORIENTED_EDGE('',*,*,#4033,.T.);
#5078 = ORIENTED_EDGE('',*,*,#4506,.T.);
#5079 = ORIENTED_EDGE('',*,*,#4142,.F.);
#5080 = ORIENTED_EDGE('',*,*,#5081,.F.);
#5081 = EDGE_CURVE('',#4026,#4135,#5082,.T.);
#5082 = LINE('',#5083,#5084);
#5083 = CARTESIAN_POINT('',(1.096201938253,0.25,0.693412044417));
#5084 = VECTOR('',#5085,1.);
#5085 = DIRECTION('',(1.110223024625E-16,-1.,0.));
#5086 = CYLINDRICAL_SURFACE('',#5087,0.25);
#5087 = AXIS2_PLACEMENT_3D('',#5088,#5089,#5090);
#5088 = CARTESIAN_POINT('',(0.85,0.25,0.65));
#5089 = DIRECTION('',(-1.110223024625E-16,1.,0.));
#5090 = DIRECTION('',(0.984807753012,1.093356242223E-16,0.173648177667)
  );
#5091 = ADVANCED_FACE('',(#5092),#5103,.F.);
#5092 = FACE_BOUND('',#5093,.F.);
#5093 = EDGE_LOOP('',(#5094,#5100,#5101,#5102));
#5094 = ORIENTED_EDGE('',*,*,#5095,.T.);
#5095 = EDGE_CURVE('',#4017,#4126,#5096,.T.);
#5096 = LINE('',#5097,#5098);
#5097 = CARTESIAN_POINT('',(1.172050016982,0.25,0.232635182233));
#5098 = VECTOR('',#5099,1.);
#5099 = DIRECTION('',(1.110223024625E-16,-1.,0.));
#5100 = ORIENTED_EDGE('',*,*,#4134,.T.);
#5101 = ORIENTED_EDGE('',*,*,#5081,.F.);
#5102 = ORIENTED_EDGE('',*,*,#4025,.F.);
#5103 = PLANE('',#5104);
#5104 = AXIS2_PLACEMENT_3D('',#5105,#5106,#5107);
#5105 = CARTESIAN_POINT('',(1.172050016982,0.25,0.232635182233));
#5106 = DIRECTION('',(-0.986721169868,-1.095480561672E-16,
    -0.162423314012));
#5107 = DIRECTION('',(-0.162423314012,-1.803261029519E-17,0.986721169868
    ));
#5108 = ADVANCED_FACE('',(#5109),#5120,.F.);
#5109 = FACE_BOUND('',#5110,.F.);
#5110 = EDGE_LOOP('',(#5111,#5117,#5118,#5119));
#5111 = ORIENTED_EDGE('',*,*,#5112,.T.);
#5112 = EDGE_CURVE('',#4009,#4118,#5113,.T.);
#5113 = LINE('',#5114,#5115);
#5114 = CARTESIAN_POINT('',(1.270530792283,0.25,0.15));
#5115 = VECTOR('',#5116,1.);
#5116 = DIRECTION('',(1.110223024625E-16,-1.,0.));
#5117 = ORIENTED_EDGE('',*,*,#4125,.T.);
#5118 = ORIENTED_EDGE('',*,*,#5095,.F.);
#5119 = ORIENTED_EDGE('',*,*,#4016,.F.);
#5120 = CYLINDRICAL_SURFACE('',#5121,0.1);
#5121 = AXIS2_PLACEMENT_3D('',#5122,#5123,#5124);
#5122 = CARTESIAN_POINT('',(1.270530792283,0.25,0.25));
#5123 = DIRECTION('',(-1.110223024625E-16,1.,0.));
#5124 = DIRECTION('',(2.22044604925E-15,2.465190328815E-31,-1.));
#5125 = ADVANCED_FACE('',(#5126),#5137,.F.);
#5126 = FACE_BOUND('',#5127,.F.);
#5127 = EDGE_LOOP('',(#5128,#5134,#5135,#5136));
#5128 = ORIENTED_EDGE('',*,*,#5129,.T.);
#5129 = EDGE_CURVE('',#4001,#4110,#5130,.T.);
#5130 = LINE('',#5131,#5132);
#5131 = CARTESIAN_POINT('',(1.4,0.25,0.15));
#5132 = VECTOR('',#5133,1.);
#5133 = DIRECTION('',(1.110223024625E-16,-1.,0.));
#5134 = ORIENTED_EDGE('',*,*,#4117,.T.);
#5135 = ORIENTED_EDGE('',*,*,#5112,.F.);
#5136 = ORIENTED_EDGE('',*,*,#4008,.F.);
#5137 = PLANE('',#5138);
#5138 = AXIS2_PLACEMENT_3D('',#5139,#5140,#5141);
#5139 = CARTESIAN_POINT('',(1.4,0.25,0.15));
#5140 = DIRECTION('',(0.,0.,-1.));
#5141 = DIRECTION('',(-1.,-1.110223024625E-16,-0.));
#5142 = ADVANCED_FACE('',(#5143),#5154,.F.);
#5143 = FACE_BOUND('',#5144,.F.);
#5144 = EDGE_LOOP('',(#5145,#5151,#5152,#5153));
#5145 = ORIENTED_EDGE('',*,*,#5146,.T.);
#5146 = EDGE_CURVE('',#3993,#4102,#5147,.T.);
#5147 = LINE('',#5148,#5149);
#5148 = CARTESIAN_POINT('',(1.4,0.25,0.));
#5149 = VECTOR('',#5150,1.);
#5150 = DIRECTION('',(1.110223024625E-16,-1.,0.));
#5151 = ORIENTED_EDGE('',*,*,#4109,.T.);
#5152 = ORIENTED_EDGE('',*,*,#5129,.F.);
#5153 = ORIENTED_EDGE('',*,*,#4000,.F.);
#5154 = PLANE('',#5155);
#5155 = AXIS2_PLACEMENT_3D('',#5156,#5157,#5158);
#5156 = CARTESIAN_POINT('',(1.4,0.25,0.));
#5157 = DIRECTION('',(-1.,-1.110223024625E-16,0.));
#5158 = DIRECTION('',(0.,0.,1.));
#5159 = ADVANCED_FACE('',(#5160),#5171,.F.);
#5160 = FACE_BOUND('',#5161,.F.);
#5161 = EDGE_LOOP('',(#5162,#5168,#5169,#5170));
#5162 = ORIENTED_EDGE('',*,*,#5163,.T.);
#5163 = EDGE_CURVE('',#3984,#4093,#5164,.T.);
#5164 = LINE('',#5165,#5166);
#5165 = CARTESIAN_POINT('',(1.270530792283,0.25,0.));
#5166 = VECTOR('',#5167,1.);
#5167 = DIRECTION('',(1.110223024625E-16,-1.,0.));
#5168 = ORIENTED_EDGE('',*,*,#4101,.T.);
#5169 = ORIENTED_EDGE('',*,*,#5146,.F.);
#5170 = ORIENTED_EDGE('',*,*,#3992,.F.);
#5171 = PLANE('',#5172);
#5172 = AXIS2_PLACEMENT_3D('',#5173,#5174,#5175);
#5173 = CARTESIAN_POINT('',(1.270530792283,0.25,0.));
#5174 = DIRECTION('',(0.,0.,1.));
#5175 = DIRECTION('',(1.,1.110223024625E-16,-0.));
#5176 = ADVANCED_FACE('',(#5177),#5188,.T.);
#5177 = FACE_BOUND('',#5178,.T.);
#5178 = EDGE_LOOP('',(#5179,#5180,#5181,#5182));
#5179 = ORIENTED_EDGE('',*,*,#3983,.T.);
#5180 = ORIENTED_EDGE('',*,*,#5163,.T.);
#5181 = ORIENTED_EDGE('',*,*,#4092,.F.);
#5182 = ORIENTED_EDGE('',*,*,#5183,.F.);
#5183 = EDGE_CURVE('',#3976,#4085,#5184,.T.);
#5184 = LINE('',#5185,#5186);
#5185 = CARTESIAN_POINT('',(1.02432885403,0.25,0.206587955583));
#5186 = VECTOR('',#5187,1.);
#5187 = DIRECTION('',(1.110223024625E-16,-1.,0.));
#5188 = CYLINDRICAL_SURFACE('',#5189,0.25);
#5189 = AXIS2_PLACEMENT_3D('',#5190,#5191,#5192);
#5190 = CARTESIAN_POINT('',(1.270530792283,0.25,0.25));
#5191 = DIRECTION('',(-1.110223024625E-16,1.,0.));
#5192 = DIRECTION('',(-0.984807753012,-1.093356242223E-16,
    -0.173648177667));
#5193 = ADVANCED_FACE('',(#5194),#5200,.F.);
#5194 = FACE_BOUND('',#5195,.F.);
#5195 = EDGE_LOOP('',(#5196,#5197,#5198,#5199));
#5196 = ORIENTED_EDGE('',*,*,#4066,.T.);
#5197 = ORIENTED_EDGE('',*,*,#4084,.T.);
#5198 = ORIENTED_EDGE('',*,*,#5183,.F.);
#5199 = ORIENTED_EDGE('',*,*,#3975,.F.);
#5200 = PLANE('',#5201);
#5201 = AXIS2_PLACEMENT_3D('',#5202,#5203,#5204);
#5202 = CARTESIAN_POINT('',(0.948480775301,0.25,0.667364817767));
#5203 = DIRECTION('',(0.986721169868,1.095480561672E-16,0.162423314012)
  );
#5204 = DIRECTION('',(0.162423314012,1.803261029519E-17,-0.986721169868)
  );
#5205 = ADVANCED_FACE('',(#5206),#5217,.T.);
#5206 = FACE_BOUND('',#5207,.T.);
#5207 = EDGE_LOOP('',(#5208,#5209,#5210,#5211));
#5208 = ORIENTED_EDGE('',*,*,#4256,.T.);
#5209 = ORIENTED_EDGE('',*,*,#4525,.T.);
#5210 = ORIENTED_EDGE('',*,*,#4365,.F.);
#5211 = ORIENTED_EDGE('',*,*,#5212,.F.);
#5212 = EDGE_CURVE('',#4249,#4358,#5213,.T.);
#5213 = LINE('',#5214,#5215);
#5214 = CARTESIAN_POINT('',(1.096201938253,-0.7,0.693412044417));
#5215 = VECTOR('',#5216,1.);
#5216 = DIRECTION('',(1.110223024625E-16,-1.,0.));
#5217 = CYLINDRICAL_SURFACE('',#5218,0.25);
#5218 = AXIS2_PLACEMENT_3D('',#5219,#5220,#5221);
#5219 = CARTESIAN_POINT('',(0.85,-0.7,0.65));
#5220 = DIRECTION('',(-1.110223024625E-16,1.,0.));
#5221 = DIRECTION('',(0.984807753012,1.093356242223E-16,0.173648177667)
  );
#5222 = ADVANCED_FACE('',(#5223),#5234,.F.);
#5223 = FACE_BOUND('',#5224,.F.);
#5224 = EDGE_LOOP('',(#5225,#5231,#5232,#5233));
#5225 = ORIENTED_EDGE('',*,*,#5226,.T.);
#5226 = EDGE_CURVE('',#4240,#4349,#5227,.T.);
#5227 = LINE('',#5228,#5229);
#5228 = CARTESIAN_POINT('',(1.172050016982,-0.7,0.232635182233));
#5229 = VECTOR('',#5230,1.);
#5230 = DIRECTION('',(1.110223024625E-16,-1.,0.));
#5231 = ORIENTED_EDGE('',*,*,#4357,.T.);
#5232 = ORIENTED_EDGE('',*,*,#5212,.F.);
#5233 = ORIENTED_EDGE('',*,*,#4248,.F.);
#5234 = PLANE('',#5235);
#5235 = AXIS2_PLACEMENT_3D('',#5236,#5237,#5238);
#5236 = CARTESIAN_POINT('',(1.172050016982,-0.7,0.232635182233));
#5237 = DIRECTION('',(-0.986721169868,-1.095480561672E-16,
    -0.162423314012));
#5238 = DIRECTION('',(-0.162423314012,-1.803261029519E-17,0.986721169868
    ));
#5239 = ADVANCED_FACE('',(#5240),#5251,.F.);
#5240 = FACE_BOUND('',#5241,.F.);
#5241 = EDGE_LOOP('',(#5242,#5248,#5249,#5250));
#5242 = ORIENTED_EDGE('',*,*,#5243,.T.);
#5243 = EDGE_CURVE('',#4232,#4341,#5244,.T.);
#5244 = LINE('',#5245,#5246);
#5245 = CARTESIAN_POINT('',(1.270530792283,-0.7,0.15));
#5246 = VECTOR('',#5247,1.);
#5247 = DIRECTION('',(1.110223024625E-16,-1.,0.));
#5248 = ORIENTED_EDGE('',*,*,#4348,.T.);
#5249 = ORIENTED_EDGE('',*,*,#5226,.F.);
#5250 = ORIENTED_EDGE('',*,*,#4239,.F.);
#5251 = CYLINDRICAL_SURFACE('',#5252,0.1);
#5252 = AXIS2_PLACEMENT_3D('',#5253,#5254,#5255);
#5253 = CARTESIAN_POINT('',(1.270530792283,-0.7,0.25));
#5254 = DIRECTION('',(-1.110223024625E-16,1.,0.));
#5255 = DIRECTION('',(2.22044604925E-15,2.465190328815E-31,-1.));
#5256 = ADVANCED_FACE('',(#5257),#5268,.F.);
#5257 = FACE_BOUND('',#5258,.F.);
#5258 = EDGE_LOOP('',(#5259,#5265,#5266,#5267));
#5259 = ORIENTED_EDGE('',*,*,#5260,.T.);
#5260 = EDGE_CURVE('',#4224,#4333,#5261,.T.);
#5261 = LINE('',#5262,#5263);
#5262 = CARTESIAN_POINT('',(1.4,-0.7,0.15));
#5263 = VECTOR('',#5264,1.);
#5264 = DIRECTION('',(1.110223024625E-16,-1.,0.));
#5265 = ORIENTED_EDGE('',*,*,#4340,.T.);
#5266 = ORIENTED_EDGE('',*,*,#5243,.F.);
#5267 = ORIENTED_EDGE('',*,*,#4231,.F.);
#5268 = PLANE('',#5269);
#5269 = AXIS2_PLACEMENT_3D('',#5270,#5271,#5272);
#5270 = CARTESIAN_POINT('',(1.4,-0.7,0.15));
#5271 = DIRECTION('',(0.,0.,-1.));
#5272 = DIRECTION('',(-1.,-1.110223024625E-16,-0.));
#5273 = ADVANCED_FACE('',(#5274),#5285,.F.);
#5274 = FACE_BOUND('',#5275,.F.);
#5275 = EDGE_LOOP('',(#5276,#5282,#5283,#5284));
#5276 = ORIENTED_EDGE('',*,*,#5277,.T.);
#5277 = EDGE_CURVE('',#4216,#4325,#5278,.T.);
#5278 = LINE('',#5279,#5280);
#5279 = CARTESIAN_POINT('',(1.4,-0.7,0.));
#5280 = VECTOR('',#5281,1.);
#5281 = DIRECTION('',(1.110223024625E-16,-1.,0.));
#5282 = ORIENTED_EDGE('',*,*,#4332,.T.);
#5283 = ORIENTED_EDGE('',*,*,#5260,.F.);
#5284 = ORIENTED_EDGE('',*,*,#4223,.F.);
#5285 = PLANE('',#5286);
#5286 = AXIS2_PLACEMENT_3D('',#5287,#5288,#5289);
#5287 = CARTESIAN_POINT('',(1.4,-0.7,0.));
#5288 = DIRECTION('',(-1.,-1.110223024625E-16,0.));
#5289 = DIRECTION('',(0.,0.,1.));
#5290 = ADVANCED_FACE('',(#5291),#5302,.F.);
#5291 = FACE_BOUND('',#5292,.F.);
#5292 = EDGE_LOOP('',(#5293,#5299,#5300,#5301));
#5293 = ORIENTED_EDGE('',*,*,#5294,.T.);
#5294 = EDGE_CURVE('',#4207,#4316,#5295,.T.);
#5295 = LINE('',#5296,#5297);
#5296 = CARTESIAN_POINT('',(1.270530792283,-0.7,0.));
#5297 = VECTOR('',#5298,1.);
#5298 = DIRECTION('',(1.110223024625E-16,-1.,0.));
#5299 = ORIENTED_EDGE('',*,*,#4324,.T.);
#5300 = ORIENTED_EDGE('',*,*,#5277,.F.);
#5301 = ORIENTED_EDGE('',*,*,#4215,.F.);
#5302 = PLANE('',#5303);
#5303 = AXIS2_PLACEMENT_3D('',#5304,#5305,#5306);
#5304 = CARTESIAN_POINT('',(1.270530792283,-0.7,0.));
#5305 = DIRECTION('',(0.,0.,1.));
#5306 = DIRECTION('',(1.,1.110223024625E-16,-0.));
#5307 = ADVANCED_FACE('',(#5308),#5319,.T.);
#5308 = FACE_BOUND('',#5309,.T.);
#5309 = EDGE_LOOP('',(#5310,#5311,#5312,#5313));
#5310 = ORIENTED_EDGE('',*,*,#4206,.T.);
#5311 = ORIENTED_EDGE('',*,*,#5294,.T.);
#5312 = ORIENTED_EDGE('',*,*,#4315,.F.);
#5313 = ORIENTED_EDGE('',*,*,#5314,.F.);
#5314 = EDGE_CURVE('',#4199,#4308,#5315,.T.);
#5315 = LINE('',#5316,#5317);
#5316 = CARTESIAN_POINT('',(1.02432885403,-0.7,0.206587955583));
#5317 = VECTOR('',#5318,1.);
#5318 = DIRECTION('',(1.110223024625E-16,-1.,0.));
#5319 = CYLINDRICAL_SURFACE('',#5320,0.25);
#5320 = AXIS2_PLACEMENT_3D('',#5321,#5322,#5323);
#5321 = CARTESIAN_POINT('',(1.270530792283,-0.7,0.25));
#5322 = DIRECTION('',(-1.110223024625E-16,1.,0.));
#5323 = DIRECTION('',(-0.984807753012,-1.093356242223E-16,
    -0.173648177667));
#5324 = ADVANCED_FACE('',(#5325),#5331,.F.);
#5325 = FACE_BOUND('',#5326,.F.);
#5326 = EDGE_LOOP('',(#5327,#5328,#5329,#5330));
#5327 = ORIENTED_EDGE('',*,*,#4289,.T.);
#5328 = ORIENTED_EDGE('',*,*,#4307,.T.);
#5329 = ORIENTED_EDGE('',*,*,#5314,.F.);
#5330 = ORIENTED_EDGE('',*,*,#4198,.F.);
#5331 = PLANE('',#5332);
#5332 = AXIS2_PLACEMENT_3D('',#5333,#5334,#5335);
#5333 = CARTESIAN_POINT('',(0.948480775301,-0.7,0.667364817767));
#5334 = DIRECTION('',(0.986721169868,1.095480561672E-16,0.162423314012)
  );
#5335 = DIRECTION('',(0.162423314012,1.803261029519E-17,-0.986721169868)
  );
#5336 = ADVANCED_FACE('',(#5337),#5340,.F.);
#5337 = FACE_BOUND('',#5338,.T.);
#5338 = EDGE_LOOP('',(#5339));
#5339 = ORIENTED_EDGE('',*,*,#4472,.F.);
#5340 = PLANE('',#5341);
#5341 = AXIS2_PLACEMENT_3D('',#5342,#5343,#5344);
#5342 = CARTESIAN_POINT('',(-0.333648457443,0.983648457443,1.55));
#5343 = DIRECTION('',(0.,0.,-1.));
#5344 = DIRECTION('',(1.110223024625E-16,-1.,0.));
#5345 = ( GEOMETRIC_REPRESENTATION_CONTEXT(3) 
GLOBAL_UNCERTAINTY_ASSIGNED_CONTEXT((#5349)) 
GLOBAL_UNIT_ASSIGNED_CONTEXT((#5346,#5347,#5348)) REPRESENTATION_CONTEXT
('Context #1','3D Context with UNIT and UNCERTAINTY') );
#5346 = ( LENGTH_UNIT() NAMED_UNIT(*) SI_UNIT(.MILLI.,.METRE.) );
#5347 = ( NAMED_UNIT(*) PLANE_ANGLE_UNIT() SI_UNIT($,.RADIAN.) );
#5348 = ( NAMED_UNIT(*) SI_UNIT($,.STERADIAN.) SOLID_ANGLE_UNIT() );
#5349 = UNCERTAINTY_MEASURE_WITH_UNIT(LENGTH_MEASURE(1.E-07),#5346,
  'distance_accuracy_value','confusion accuracy');
#5350 = CONTEXT_DEPENDENT_SHAPE_REPRESENTATION(#5351,#5353);
#5351 = ( REPRESENTATION_RELATIONSHIP('','',#1808,#10) 
REPRESENTATION_RELATIONSHIP_WITH_TRANSFORMATION(#5352) 
SHAPE_REPRESENTATION_RELATIONSHIP() );
#5352 = ITEM_DEFINED_TRANSFORMATION('','',#11,#31);
#5353 = PRODUCT_DEFINITION_SHAPE('Placement','Placement of an item',
  #5354);
#5354 = NEXT_ASSEMBLY_USAGE_OCCURRENCE('5','U1','',#5,#1803,$);
#5355 = PRODUCT_RELATED_PRODUCT_CATEGORY('part',$,(#1805));
#5356 = CONTEXT_DEPENDENT_SHAPE_REPRESENTATION(#5357,#5359);
#5357 = ( REPRESENTATION_RELATIONSHIP('','',#925,#10) 
REPRESENTATION_RELATIONSHIP_WITH_TRANSFORMATION(#5358) 
SHAPE_REPRESENTATION_RELATIONSHIP() );
#5358 = ITEM_DEFINED_TRANSFORMATION('','',#11,#35);
#5359 = PRODUCT_DEFINITION_SHAPE('Placement','Placement of an item',
  #5360);
#5360 = NEXT_ASSEMBLY_USAGE_OCCURRENCE('6','C4','',#5,#920,$);
#5361 = CONTEXT_DEPENDENT_SHAPE_REPRESENTATION(#5362,#5364);
#5362 = ( REPRESENTATION_RELATIONSHIP('','',#116,#10) 
REPRESENTATION_RELATIONSHIP_WITH_TRANSFORMATION(#5363) 
SHAPE_REPRESENTATION_RELATIONSHIP() );
#5363 = ITEM_DEFINED_TRANSFORMATION('','',#11,#39);
#5364 = PRODUCT_DEFINITION_SHAPE('Placement','Placement of an item',
  #5365);
#5365 = NEXT_ASSEMBLY_USAGE_OCCURRENCE('7','R2','',#5,#111,$);
#5366 = SHAPE_DEFINITION_REPRESENTATION(#5367,#5373);
#5367 = PRODUCT_DEFINITION_SHAPE('','',#5368);
#5368 = PRODUCT_DEFINITION('design','',#5369,#5372);
#5369 = PRODUCT_DEFINITION_FORMATION('','',#5370);
#5370 = PRODUCT('D_SOD-323','D_SOD-323','',(#5371));
#5371 = PRODUCT_CONTEXT('',#2,'mechanical');
#5372 = PRODUCT_DEFINITION_CONTEXT('part definition',#2,'design');
#5373 = ADVANCED_BREP_SHAPE_REPRESENTATION('',(#11,#5374),#7062);
#5374 = MANIFOLD_SOLID_BREP('',#5375);
#5375 = CLOSED_SHELL('',(#5376,#5430,#5493,#5516,#5546,#5579,#5609,#5632
    ,#5655,#5678,#5701,#5724,#5757,#5780,#5803,#5891,#5966,#5990,#6058,
    #6146,#6162,#6178,#6194,#6210,#6227,#6260,#6277,#6299,#6330,#6353,
    #6376,#6399,#6429,#6446,#6463,#6480,#6497,#6514,#6531,#6548,#6560,
    #6583,#6606,#6623,#6698,#6722,#6790,#6807,#6857,#6874,#6891,#6908,
    #6925,#6942,#6954,#6985,#7009,#7033,#7050));
#5376 = ADVANCED_FACE('',(#5377),#5425,.F.);
#5377 = FACE_BOUND('',#5378,.F.);
#5378 = EDGE_LOOP('',(#5379,#5389,#5396,#5404,#5412,#5420));
#5379 = ORIENTED_EDGE('',*,*,#5380,.T.);
#5380 = EDGE_CURVE('',#5381,#5383,#5385,.T.);
#5381 = VERTEX_POINT('',#5382);
#5382 = CARTESIAN_POINT('',(-0.790270145251,-0.500135072626,0.1));
#5383 = VERTEX_POINT('',#5384);
#5384 = CARTESIAN_POINT('',(-0.790270145251,0.500135072626,0.1));
#5385 = LINE('',#5386,#5387);
#5386 = CARTESIAN_POINT('',(-0.790270145251,-0.500135072626,0.1));
#5387 = VECTOR('',#5388,1.);
#5388 = DIRECTION('',(0.,1.,0.));
#5389 = ORIENTED_EDGE('',*,*,#5390,.T.);
#5390 = EDGE_CURVE('',#5383,#5391,#5393,.T.);
#5391 = VERTEX_POINT('',#5392);
#5392 = CARTESIAN_POINT('',(-0.85,0.53,0.525));
#5393 = B_SPLINE_CURVE_WITH_KNOTS('',1,(#5394,#5395),.UNSPECIFIED.,.F.,
  .F.,(2,2),(0.,1.),.PIECEWISE_BEZIER_KNOTS.);
#5394 = CARTESIAN_POINT('',(-0.790270145251,0.500135072626,0.1));
#5395 = CARTESIAN_POINT('',(-0.85,0.53,0.525));
#5396 = ORIENTED_EDGE('',*,*,#5397,.F.);
#5397 = EDGE_CURVE('',#5398,#5391,#5400,.T.);
#5398 = VERTEX_POINT('',#5399);
#5399 = CARTESIAN_POINT('',(-0.85,0.175,0.525));
#5400 = LINE('',#5401,#5402);
#5401 = CARTESIAN_POINT('',(-0.85,-0.53,0.525));
#5402 = VECTOR('',#5403,1.);
#5403 = DIRECTION('',(0.,1.,0.));
#5404 = ORIENTED_EDGE('',*,*,#5405,.F.);
#5405 = EDGE_CURVE('',#5406,#5398,#5408,.T.);
#5406 = VERTEX_POINT('',#5407);
#5407 = CARTESIAN_POINT('',(-0.85,-0.175,0.525));
#5408 = LINE('',#5409,#5410);
#5409 = CARTESIAN_POINT('',(-0.85,-0.175,0.525));
#5410 = VECTOR('',#5411,1.);
#5411 = DIRECTION('',(1.110223024625E-16,1.,0.));
#5412 = ORIENTED_EDGE('',*,*,#5413,.F.);
#5413 = EDGE_CURVE('',#5414,#5406,#5416,.T.);
#5414 = VERTEX_POINT('',#5415);
#5415 = CARTESIAN_POINT('',(-0.85,-0.53,0.525));
#5416 = LINE('',#5417,#5418);
#5417 = CARTESIAN_POINT('',(-0.85,-0.53,0.525));
#5418 = VECTOR('',#5419,1.);
#5419 = DIRECTION('',(0.,1.,0.));
#5420 = ORIENTED_EDGE('',*,*,#5421,.F.);
#5421 = EDGE_CURVE('',#5381,#5414,#5422,.T.);
#5422 = B_SPLINE_CURVE_WITH_KNOTS('',1,(#5423,#5424),.UNSPECIFIED.,.F.,
  .F.,(2,2),(0.,1.),.PIECEWISE_BEZIER_KNOTS.);
#5423 = CARTESIAN_POINT('',(-0.790270145251,-0.500135072626,0.1));
#5424 = CARTESIAN_POINT('',(-0.85,-0.53,0.525));
#5425 = B_SPLINE_SURFACE_WITH_KNOTS('',1,1,(
    (#5426,#5427)
    ,(#5428,#5429
    )),.UNSPECIFIED.,.F.,.F.,.F.,(2,2),(2,2),(0.,1.06),(0.,1.),
  .PIECEWISE_BEZIER_KNOTS.);
#5426 = CARTESIAN_POINT('',(-0.790270145251,-0.500135072626,0.1));
#5427 = CARTESIAN_POINT('',(-0.85,-0.53,0.525));
#5428 = CARTESIAN_POINT('',(-0.790270145251,0.500135072626,0.1));
#5429 = CARTESIAN_POINT('',(-0.85,0.53,0.525));
#5430 = ADVANCED_FACE('',(#5431),#5488,.F.);
#5431 = FACE_BOUND('',#5432,.T.);
#5432 = EDGE_LOOP('',(#5433,#5434,#5442,#5450,#5458,#5466,#5474,#5482));
#5433 = ORIENTED_EDGE('',*,*,#5380,.T.);
#5434 = ORIENTED_EDGE('',*,*,#5435,.T.);
#5435 = EDGE_CURVE('',#5383,#5436,#5438,.T.);
#5436 = VERTEX_POINT('',#5437);
#5437 = CARTESIAN_POINT('',(-0.725135072626,0.565270145251,0.1));
#5438 = LINE('',#5439,#5440);
#5439 = CARTESIAN_POINT('',(-0.790270145251,0.500135072626,0.1));
#5440 = VECTOR('',#5441,1.);
#5441 = DIRECTION('',(0.707106781187,0.707106781187,0.));
#5442 = ORIENTED_EDGE('',*,*,#5443,.T.);
#5443 = EDGE_CURVE('',#5436,#5444,#5446,.T.);
#5444 = VERTEX_POINT('',#5445);
#5445 = CARTESIAN_POINT('',(0.725135072626,0.565270145251,0.1));
#5446 = LINE('',#5447,#5448);
#5447 = CARTESIAN_POINT('',(-0.725135072626,0.565270145251,0.1));
#5448 = VECTOR('',#5449,1.);
#5449 = DIRECTION('',(1.,0.,0.));
#5450 = ORIENTED_EDGE('',*,*,#5451,.T.);
#5451 = EDGE_CURVE('',#5444,#5452,#5454,.T.);
#5452 = VERTEX_POINT('',#5453);
#5453 = CARTESIAN_POINT('',(0.790270145251,0.500135072626,0.1));
#5454 = LINE('',#5455,#5456);
#5455 = CARTESIAN_POINT('',(0.725135072626,0.565270145251,0.1));
#5456 = VECTOR('',#5457,1.);
#5457 = DIRECTION('',(0.707106781187,-0.707106781187,0.));
#5458 = ORIENTED_EDGE('',*,*,#5459,.T.);
#5459 = EDGE_CURVE('',#5452,#5460,#5462,.T.);
#5460 = VERTEX_POINT('',#5461);
#5461 = CARTESIAN_POINT('',(0.790270145251,-0.500135072626,0.1));
#5462 = LINE('',#5463,#5464);
#5463 = CARTESIAN_POINT('',(0.790270145251,0.500135072626,0.1));
#5464 = VECTOR('',#5465,1.);
#5465 = DIRECTION('',(0.,-1.,0.));
#5466 = ORIENTED_EDGE('',*,*,#5467,.T.);
#5467 = EDGE_CURVE('',#5460,#5468,#5470,.T.);
#5468 = VERTEX_POINT('',#5469);
#5469 = CARTESIAN_POINT('',(0.725135072626,-0.565270145251,0.1));
#5470 = LINE('',#5471,#5472);
#5471 = CARTESIAN_POINT('',(0.790270145251,-0.500135072626,0.1));
#5472 = VECTOR('',#5473,1.);
#5473 = DIRECTION('',(-0.707106781187,-0.707106781187,0.));
#5474 = ORIENTED_EDGE('',*,*,#5475,.T.);
#5475 = EDGE_CURVE('',#5468,#5476,#5478,.T.);
#5476 = VERTEX_POINT('',#5477);
#5477 = CARTESIAN_POINT('',(-0.725135072626,-0.565270145251,0.1));
#5478 = LINE('',#5479,#5480);
#5479 = CARTESIAN_POINT('',(0.725135072626,-0.565270145251,0.1));
#5480 = VECTOR('',#5481,1.);
#5481 = DIRECTION('',(-1.,0.,0.));
#5482 = ORIENTED_EDGE('',*,*,#5483,.T.);
#5483 = EDGE_CURVE('',#5476,#5381,#5484,.T.);
#5484 = LINE('',#5485,#5486);
#5485 = CARTESIAN_POINT('',(-0.725135072626,-0.565270145251,0.1));
#5486 = VECTOR('',#5487,1.);
#5487 = DIRECTION('',(-0.707106781187,0.707106781187,0.));
#5488 = PLANE('',#5489);
#5489 = AXIS2_PLACEMENT_3D('',#5490,#5491,#5492);
#5490 = CARTESIAN_POINT('',(-0.790270145251,-0.500135072626,0.1));
#5491 = DIRECTION('',(0.,0.,1.));
#5492 = DIRECTION('',(0.844997546083,0.534770181587,-0.));
#5493 = ADVANCED_FACE('',(#5494),#5511,.F.);
#5494 = FACE_BOUND('',#5495,.F.);
#5495 = EDGE_LOOP('',(#5496,#5497,#5504,#5510));
#5496 = ORIENTED_EDGE('',*,*,#5435,.T.);
#5497 = ORIENTED_EDGE('',*,*,#5498,.T.);
#5498 = EDGE_CURVE('',#5436,#5499,#5501,.T.);
#5499 = VERTEX_POINT('',#5500);
#5500 = CARTESIAN_POINT('',(-0.755,0.625,0.525));
#5501 = B_SPLINE_CURVE_WITH_KNOTS('',1,(#5502,#5503),.UNSPECIFIED.,.F.,
  .F.,(2,2),(0.,1.),.PIECEWISE_BEZIER_KNOTS.);
#5502 = CARTESIAN_POINT('',(-0.725135072626,0.565270145251,0.1));
#5503 = CARTESIAN_POINT('',(-0.755,0.625,0.525));
#5504 = ORIENTED_EDGE('',*,*,#5505,.F.);
#5505 = EDGE_CURVE('',#5391,#5499,#5506,.T.);
#5506 = LINE('',#5507,#5508);
#5507 = CARTESIAN_POINT('',(-0.85,0.53,0.525));
#5508 = VECTOR('',#5509,1.);
#5509 = DIRECTION('',(0.707106781187,0.707106781187,0.));
#5510 = ORIENTED_EDGE('',*,*,#5390,.F.);
#5511 = B_SPLINE_SURFACE_WITH_KNOTS('',1,1,(
    (#5512,#5513)
    ,(#5514,#5515
    )),.UNSPECIFIED.,.F.,.F.,.F.,(2,2),(2,2),(0.,0.134350288425),(0.,1.)
  ,.PIECEWISE_BEZIER_KNOTS.);
#5512 = CARTESIAN_POINT('',(-0.790270145251,0.500135072626,0.1));
#5513 = CARTESIAN_POINT('',(-0.85,0.53,0.525));
#5514 = CARTESIAN_POINT('',(-0.725135072626,0.565270145251,0.1));
#5515 = CARTESIAN_POINT('',(-0.755,0.625,0.525));
#5516 = ADVANCED_FACE('',(#5517),#5541,.F.);
#5517 = FACE_BOUND('',#5518,.F.);
#5518 = EDGE_LOOP('',(#5519,#5526,#5527,#5535));
#5519 = ORIENTED_EDGE('',*,*,#5520,.F.);
#5520 = EDGE_CURVE('',#5414,#5521,#5523,.T.);
#5521 = VERTEX_POINT('',#5522);
#5522 = CARTESIAN_POINT('',(-0.85,-0.53,0.675));
#5523 = B_SPLINE_CURVE_WITH_KNOTS('',1,(#5524,#5525),.UNSPECIFIED.,.F.,
  .F.,(2,2),(0.,1.),.PIECEWISE_BEZIER_KNOTS.);
#5524 = CARTESIAN_POINT('',(-0.85,-0.53,0.525));
#5525 = CARTESIAN_POINT('',(-0.85,-0.53,0.675));
#5526 = ORIENTED_EDGE('',*,*,#5413,.T.);
#5527 = ORIENTED_EDGE('',*,*,#5528,.T.);
#5528 = EDGE_CURVE('',#5406,#5529,#5531,.T.);
#5529 = VERTEX_POINT('',#5530);
#5530 = CARTESIAN_POINT('',(-0.85,-0.175,0.675));
#5531 = LINE('',#5532,#5533);
#5532 = CARTESIAN_POINT('',(-0.85,-0.175,0.503709028349));
#5533 = VECTOR('',#5534,1.);
#5534 = DIRECTION('',(0.,0.,1.));
#5535 = ORIENTED_EDGE('',*,*,#5536,.F.);
#5536 = EDGE_CURVE('',#5521,#5529,#5537,.T.);
#5537 = LINE('',#5538,#5539);
#5538 = CARTESIAN_POINT('',(-0.85,-0.53,0.675));
#5539 = VECTOR('',#5540,1.);
#5540 = DIRECTION('',(0.,1.,0.));
#5541 = PLANE('',#5542);
#5542 = AXIS2_PLACEMENT_3D('',#5543,#5544,#5545);
#5543 = CARTESIAN_POINT('',(-0.85,-0.53,0.675));
#5544 = DIRECTION('',(1.,0.,0.));
#5545 = DIRECTION('',(-0.,1.,0.));
#5546 = ADVANCED_FACE('',(#5547),#5574,.F.);
#5547 = FACE_BOUND('',#5548,.F.);
#5548 = EDGE_LOOP('',(#5549,#5550,#5559,#5567));
#5549 = ORIENTED_EDGE('',*,*,#5405,.T.);
#5550 = ORIENTED_EDGE('',*,*,#5551,.T.);
#5551 = EDGE_CURVE('',#5398,#5552,#5554,.T.);
#5552 = VERTEX_POINT('',#5553);
#5553 = CARTESIAN_POINT('',(-0.918936542711,0.175,0.467155372437));
#5554 = CIRCLE('',#5555,7.E-02);
#5555 = AXIS2_PLACEMENT_3D('',#5556,#5557,#5558);
#5556 = CARTESIAN_POINT('',(-0.85,0.175,0.455));
#5557 = DIRECTION('',(-1.110223024625E-16,-1.,0.));
#5558 = DIRECTION('',(0.,0.,1.));
#5559 = ORIENTED_EDGE('',*,*,#5560,.F.);
#5560 = EDGE_CURVE('',#5561,#5552,#5563,.T.);
#5561 = VERTEX_POINT('',#5562);
#5562 = CARTESIAN_POINT('',(-0.918936542711,-0.175,0.467155372437));
#5563 = LINE('',#5564,#5565);
#5564 = CARTESIAN_POINT('',(-0.918936542711,-0.175,0.467155372437));
#5565 = VECTOR('',#5566,1.);
#5566 = DIRECTION('',(1.110223024625E-16,1.,0.));
#5567 = ORIENTED_EDGE('',*,*,#5568,.F.);
#5568 = EDGE_CURVE('',#5406,#5561,#5569,.T.);
#5569 = CIRCLE('',#5570,7.E-02);
#5570 = AXIS2_PLACEMENT_3D('',#5571,#5572,#5573);
#5571 = CARTESIAN_POINT('',(-0.85,-0.175,0.455));
#5572 = DIRECTION('',(-1.110223024625E-16,-1.,0.));
#5573 = DIRECTION('',(0.,0.,1.));
#5574 = CYLINDRICAL_SURFACE('',#5575,7.E-02);
#5575 = AXIS2_PLACEMENT_3D('',#5576,#5577,#5578);
#5576 = CARTESIAN_POINT('',(-0.85,-0.175,0.455));
#5577 = DIRECTION('',(-1.110223024625E-16,-1.,0.));
#5578 = DIRECTION('',(0.,0.,1.));
#5579 = ADVANCED_FACE('',(#5580),#5604,.F.);
#5580 = FACE_BOUND('',#5581,.F.);
#5581 = EDGE_LOOP('',(#5582,#5590,#5591,#5598));
#5582 = ORIENTED_EDGE('',*,*,#5583,.F.);
#5583 = EDGE_CURVE('',#5398,#5584,#5586,.T.);
#5584 = VERTEX_POINT('',#5585);
#5585 = CARTESIAN_POINT('',(-0.85,0.175,0.675));
#5586 = LINE('',#5587,#5588);
#5587 = CARTESIAN_POINT('',(-0.85,0.175,0.503709028349));
#5588 = VECTOR('',#5589,1.);
#5589 = DIRECTION('',(0.,0.,1.));
#5590 = ORIENTED_EDGE('',*,*,#5397,.T.);
#5591 = ORIENTED_EDGE('',*,*,#5592,.T.);
#5592 = EDGE_CURVE('',#5391,#5593,#5595,.T.);
#5593 = VERTEX_POINT('',#5594);
#5594 = CARTESIAN_POINT('',(-0.85,0.53,0.675));
#5595 = B_SPLINE_CURVE_WITH_KNOTS('',1,(#5596,#5597),.UNSPECIFIED.,.F.,
  .F.,(2,2),(0.,1.),.PIECEWISE_BEZIER_KNOTS.);
#5596 = CARTESIAN_POINT('',(-0.85,0.53,0.525));
#5597 = CARTESIAN_POINT('',(-0.85,0.53,0.675));
#5598 = ORIENTED_EDGE('',*,*,#5599,.F.);
#5599 = EDGE_CURVE('',#5584,#5593,#5600,.T.);
#5600 = LINE('',#5601,#5602);
#5601 = CARTESIAN_POINT('',(-0.85,-0.53,0.675));
#5602 = VECTOR('',#5603,1.);
#5603 = DIRECTION('',(0.,1.,0.));
#5604 = PLANE('',#5605);
#5605 = AXIS2_PLACEMENT_3D('',#5606,#5607,#5608);
#5606 = CARTESIAN_POINT('',(-0.85,-0.53,0.675));
#5607 = DIRECTION('',(1.,0.,0.));
#5608 = DIRECTION('',(-0.,1.,0.));
#5609 = ADVANCED_FACE('',(#5610),#5627,.F.);
#5610 = FACE_BOUND('',#5611,.F.);
#5611 = EDGE_LOOP('',(#5612,#5613,#5614,#5622));
#5612 = ORIENTED_EDGE('',*,*,#5483,.T.);
#5613 = ORIENTED_EDGE('',*,*,#5421,.T.);
#5614 = ORIENTED_EDGE('',*,*,#5615,.F.);
#5615 = EDGE_CURVE('',#5616,#5414,#5618,.T.);
#5616 = VERTEX_POINT('',#5617);
#5617 = CARTESIAN_POINT('',(-0.755,-0.625,0.525));
#5618 = LINE('',#5619,#5620);
#5619 = CARTESIAN_POINT('',(-0.755,-0.625,0.525));
#5620 = VECTOR('',#5621,1.);
#5621 = DIRECTION('',(-0.707106781187,0.707106781187,0.));
#5622 = ORIENTED_EDGE('',*,*,#5623,.F.);
#5623 = EDGE_CURVE('',#5476,#5616,#5624,.T.);
#5624 = B_SPLINE_CURVE_WITH_KNOTS('',1,(#5625,#5626),.UNSPECIFIED.,.F.,
  .F.,(2,2),(0.,1.),.PIECEWISE_BEZIER_KNOTS.);
#5625 = CARTESIAN_POINT('',(-0.725135072626,-0.565270145251,0.1));
#5626 = CARTESIAN_POINT('',(-0.755,-0.625,0.525));
#5627 = B_SPLINE_SURFACE_WITH_KNOTS('',1,1,(
    (#5628,#5629)
    ,(#5630,#5631
    )),.UNSPECIFIED.,.F.,.F.,.F.,(2,2),(2,2),(0.,0.134350288425),(0.,1.)
  ,.PIECEWISE_BEZIER_KNOTS.);
#5628 = CARTESIAN_POINT('',(-0.725135072626,-0.565270145251,0.1));
#5629 = CARTESIAN_POINT('',(-0.755,-0.625,0.525));
#5630 = CARTESIAN_POINT('',(-0.790270145251,-0.500135072626,0.1));
#5631 = CARTESIAN_POINT('',(-0.85,-0.53,0.525));
#5632 = ADVANCED_FACE('',(#5633),#5650,.F.);
#5633 = FACE_BOUND('',#5634,.F.);
#5634 = EDGE_LOOP('',(#5635,#5636,#5637,#5645));
#5635 = ORIENTED_EDGE('',*,*,#5475,.T.);
#5636 = ORIENTED_EDGE('',*,*,#5623,.T.);
#5637 = ORIENTED_EDGE('',*,*,#5638,.F.);
#5638 = EDGE_CURVE('',#5639,#5616,#5641,.T.);
#5639 = VERTEX_POINT('',#5640);
#5640 = CARTESIAN_POINT('',(0.755,-0.625,0.525));
#5641 = LINE('',#5642,#5643);
#5642 = CARTESIAN_POINT('',(0.755,-0.625,0.525));
#5643 = VECTOR('',#5644,1.);
#5644 = DIRECTION('',(-1.,0.,0.));
#5645 = ORIENTED_EDGE('',*,*,#5646,.F.);
#5646 = EDGE_CURVE('',#5468,#5639,#5647,.T.);
#5647 = B_SPLINE_CURVE_WITH_KNOTS('',1,(#5648,#5649),.UNSPECIFIED.,.F.,
  .F.,(2,2),(0.,1.),.PIECEWISE_BEZIER_KNOTS.);
#5648 = CARTESIAN_POINT('',(0.725135072626,-0.565270145251,0.1));
#5649 = CARTESIAN_POINT('',(0.755,-0.625,0.525));
#5650 = B_SPLINE_SURFACE_WITH_KNOTS('',1,1,(
    (#5651,#5652)
    ,(#5653,#5654
    )),.UNSPECIFIED.,.F.,.F.,.F.,(2,2),(2,2),(0.,1.51),(0.,1.),
  .PIECEWISE_BEZIER_KNOTS.);
#5651 = CARTESIAN_POINT('',(0.725135072626,-0.565270145251,0.1));
#5652 = CARTESIAN_POINT('',(0.755,-0.625,0.525));
#5653 = CARTESIAN_POINT('',(-0.725135072626,-0.565270145251,0.1));
#5654 = CARTESIAN_POINT('',(-0.755,-0.625,0.525));
#5655 = ADVANCED_FACE('',(#5656),#5673,.F.);
#5656 = FACE_BOUND('',#5657,.F.);
#5657 = EDGE_LOOP('',(#5658,#5659,#5666,#5672));
#5658 = ORIENTED_EDGE('',*,*,#5443,.T.);
#5659 = ORIENTED_EDGE('',*,*,#5660,.T.);
#5660 = EDGE_CURVE('',#5444,#5661,#5663,.T.);
#5661 = VERTEX_POINT('',#5662);
#5662 = CARTESIAN_POINT('',(0.755,0.625,0.525));
#5663 = B_SPLINE_CURVE_WITH_KNOTS('',1,(#5664,#5665),.UNSPECIFIED.,.F.,
  .F.,(2,2),(0.,1.),.PIECEWISE_BEZIER_KNOTS.);
#5664 = CARTESIAN_POINT('',(0.725135072626,0.565270145251,0.1));
#5665 = CARTESIAN_POINT('',(0.755,0.625,0.525));
#5666 = ORIENTED_EDGE('',*,*,#5667,.F.);
#5667 = EDGE_CURVE('',#5499,#5661,#5668,.T.);
#5668 = LINE('',#5669,#5670);
#5669 = CARTESIAN_POINT('',(-0.755,0.625,0.525));
#5670 = VECTOR('',#5671,1.);
#5671 = DIRECTION('',(1.,0.,0.));
#5672 = ORIENTED_EDGE('',*,*,#5498,.F.);
#5673 = B_SPLINE_SURFACE_WITH_KNOTS('',1,1,(
    (#5674,#5675)
    ,(#5676,#5677
    )),.UNSPECIFIED.,.F.,.F.,.F.,(2,2),(2,2),(0.,1.51),(0.,1.),
  .PIECEWISE_BEZIER_KNOTS.);
#5674 = CARTESIAN_POINT('',(-0.725135072626,0.565270145251,0.1));
#5675 = CARTESIAN_POINT('',(-0.755,0.625,0.525));
#5676 = CARTESIAN_POINT('',(0.725135072626,0.565270145251,0.1));
#5677 = CARTESIAN_POINT('',(0.755,0.625,0.525));
#5678 = ADVANCED_FACE('',(#5679),#5696,.F.);
#5679 = FACE_BOUND('',#5680,.F.);
#5680 = EDGE_LOOP('',(#5681,#5682,#5683,#5691));
#5681 = ORIENTED_EDGE('',*,*,#5467,.T.);
#5682 = ORIENTED_EDGE('',*,*,#5646,.T.);
#5683 = ORIENTED_EDGE('',*,*,#5684,.F.);
#5684 = EDGE_CURVE('',#5685,#5639,#5687,.T.);
#5685 = VERTEX_POINT('',#5686);
#5686 = CARTESIAN_POINT('',(0.85,-0.53,0.525));
#5687 = LINE('',#5688,#5689);
#5688 = CARTESIAN_POINT('',(0.85,-0.53,0.525));
#5689 = VECTOR('',#5690,1.);
#5690 = DIRECTION('',(-0.707106781187,-0.707106781187,0.));
#5691 = ORIENTED_EDGE('',*,*,#5692,.F.);
#5692 = EDGE_CURVE('',#5460,#5685,#5693,.T.);
#5693 = B_SPLINE_CURVE_WITH_KNOTS('',1,(#5694,#5695),.UNSPECIFIED.,.F.,
  .F.,(2,2),(0.,1.),.PIECEWISE_BEZIER_KNOTS.);
#5694 = CARTESIAN_POINT('',(0.790270145251,-0.500135072626,0.1));
#5695 = CARTESIAN_POINT('',(0.85,-0.53,0.525));
#5696 = B_SPLINE_SURFACE_WITH_KNOTS('',1,1,(
    (#5697,#5698)
    ,(#5699,#5700
    )),.UNSPECIFIED.,.F.,.F.,.F.,(2,2),(2,2),(0.,0.134350288425),(0.,1.)
  ,.PIECEWISE_BEZIER_KNOTS.);
#5697 = CARTESIAN_POINT('',(0.790270145251,-0.500135072626,0.1));
#5698 = CARTESIAN_POINT('',(0.85,-0.53,0.525));
#5699 = CARTESIAN_POINT('',(0.725135072626,-0.565270145251,0.1));
#5700 = CARTESIAN_POINT('',(0.755,-0.625,0.525));
#5701 = ADVANCED_FACE('',(#5702),#5719,.F.);
#5702 = FACE_BOUND('',#5703,.F.);
#5703 = EDGE_LOOP('',(#5704,#5705,#5712,#5718));
#5704 = ORIENTED_EDGE('',*,*,#5451,.T.);
#5705 = ORIENTED_EDGE('',*,*,#5706,.T.);
#5706 = EDGE_CURVE('',#5452,#5707,#5709,.T.);
#5707 = VERTEX_POINT('',#5708);
#5708 = CARTESIAN_POINT('',(0.85,0.53,0.525));
#5709 = B_SPLINE_CURVE_WITH_KNOTS('',1,(#5710,#5711),.UNSPECIFIED.,.F.,
  .F.,(2,2),(0.,1.),.PIECEWISE_BEZIER_KNOTS.);
#5710 = CARTESIAN_POINT('',(0.790270145251,0.500135072626,0.1));
#5711 = CARTESIAN_POINT('',(0.85,0.53,0.525));
#5712 = ORIENTED_EDGE('',*,*,#5713,.F.);
#5713 = EDGE_CURVE('',#5661,#5707,#5714,.T.);
#5714 = LINE('',#5715,#5716);
#5715 = CARTESIAN_POINT('',(0.755,0.625,0.525));
#5716 = VECTOR('',#5717,1.);
#5717 = DIRECTION('',(0.707106781187,-0.707106781187,0.));
#5718 = ORIENTED_EDGE('',*,*,#5660,.F.);
#5719 = B_SPLINE_SURFACE_WITH_KNOTS('',1,1,(
    (#5720,#5721)
    ,(#5722,#5723
    )),.UNSPECIFIED.,.F.,.F.,.F.,(2,2),(2,2),(0.,0.134350288425),(0.,1.)
  ,.PIECEWISE_BEZIER_KNOTS.);
#5720 = CARTESIAN_POINT('',(0.725135072626,0.565270145251,0.1));
#5721 = CARTESIAN_POINT('',(0.755,0.625,0.525));
#5722 = CARTESIAN_POINT('',(0.790270145251,0.500135072626,0.1));
#5723 = CARTESIAN_POINT('',(0.85,0.53,0.525));
#5724 = ADVANCED_FACE('',(#5725),#5752,.F.);
#5725 = FACE_BOUND('',#5726,.F.);
#5726 = EDGE_LOOP('',(#5727,#5728,#5729,#5737,#5745,#5751));
#5727 = ORIENTED_EDGE('',*,*,#5459,.T.);
#5728 = ORIENTED_EDGE('',*,*,#5692,.T.);
#5729 = ORIENTED_EDGE('',*,*,#5730,.F.);
#5730 = EDGE_CURVE('',#5731,#5685,#5733,.T.);
#5731 = VERTEX_POINT('',#5732);
#5732 = CARTESIAN_POINT('',(0.85,-0.175,0.525));
#5733 = LINE('',#5734,#5735);
#5734 = CARTESIAN_POINT('',(0.85,0.53,0.525));
#5735 = VECTOR('',#5736,1.);
#5736 = DIRECTION('',(0.,-1.,0.));
#5737 = ORIENTED_EDGE('',*,*,#5738,.F.);
#5738 = EDGE_CURVE('',#5739,#5731,#5741,.T.);
#5739 = VERTEX_POINT('',#5740);
#5740 = CARTESIAN_POINT('',(0.85,0.175,0.525));
#5741 = LINE('',#5742,#5743);
#5742 = CARTESIAN_POINT('',(0.85,0.175,0.525));
#5743 = VECTOR('',#5744,1.);
#5744 = DIRECTION('',(-2.22044604925E-16,-1.,0.));
#5745 = ORIENTED_EDGE('',*,*,#5746,.F.);
#5746 = EDGE_CURVE('',#5707,#5739,#5747,.T.);
#5747 = LINE('',#5748,#5749);
#5748 = CARTESIAN_POINT('',(0.85,0.53,0.525));
#5749 = VECTOR('',#5750,1.);
#5750 = DIRECTION('',(0.,-1.,0.));
#5751 = ORIENTED_EDGE('',*,*,#5706,.F.);
#5752 = B_SPLINE_SURFACE_WITH_KNOTS('',1,1,(
    (#5753,#5754)
    ,(#5755,#5756
    )),.UNSPECIFIED.,.F.,.F.,.F.,(2,2),(2,2),(0.,1.06),(0.,1.),
  .PIECEWISE_BEZIER_KNOTS.);
#5753 = CARTESIAN_POINT('',(0.790270145251,0.500135072626,0.1));
#5754 = CARTESIAN_POINT('',(0.85,0.53,0.525));
#5755 = CARTESIAN_POINT('',(0.790270145251,-0.500135072626,0.1));
#5756 = CARTESIAN_POINT('',(0.85,-0.53,0.525));
#5757 = ADVANCED_FACE('',(#5758),#5775,.F.);
#5758 = FACE_BOUND('',#5759,.F.);
#5759 = EDGE_LOOP('',(#5760,#5761,#5768,#5774));
#5760 = ORIENTED_EDGE('',*,*,#5505,.T.);
#5761 = ORIENTED_EDGE('',*,*,#5762,.T.);
#5762 = EDGE_CURVE('',#5499,#5763,#5765,.T.);
#5763 = VERTEX_POINT('',#5764);
#5764 = CARTESIAN_POINT('',(-0.755,0.625,0.675));
#5765 = B_SPLINE_CURVE_WITH_KNOTS('',1,(#5766,#5767),.UNSPECIFIED.,.F.,
  .F.,(2,2),(0.,1.),.PIECEWISE_BEZIER_KNOTS.);
#5766 = CARTESIAN_POINT('',(-0.755,0.625,0.525));
#5767 = CARTESIAN_POINT('',(-0.755,0.625,0.675));
#5768 = ORIENTED_EDGE('',*,*,#5769,.F.);
#5769 = EDGE_CURVE('',#5593,#5763,#5770,.T.);
#5770 = LINE('',#5771,#5772);
#5771 = CARTESIAN_POINT('',(-0.85,0.53,0.675));
#5772 = VECTOR('',#5773,1.);
#5773 = DIRECTION('',(0.707106781187,0.707106781187,0.));
#5774 = ORIENTED_EDGE('',*,*,#5592,.F.);
#5775 = PLANE('',#5776);
#5776 = AXIS2_PLACEMENT_3D('',#5777,#5778,#5779);
#5777 = CARTESIAN_POINT('',(-0.85,0.53,0.675));
#5778 = DIRECTION('',(0.707106781187,-0.707106781187,0.));
#5779 = DIRECTION('',(0.707106781187,0.707106781187,0.));
#5780 = ADVANCED_FACE('',(#5781),#5798,.F.);
#5781 = FACE_BOUND('',#5782,.F.);
#5782 = EDGE_LOOP('',(#5783,#5784,#5785,#5793));
#5783 = ORIENTED_EDGE('',*,*,#5615,.T.);
#5784 = ORIENTED_EDGE('',*,*,#5520,.T.);
#5785 = ORIENTED_EDGE('',*,*,#5786,.F.);
#5786 = EDGE_CURVE('',#5787,#5521,#5789,.T.);
#5787 = VERTEX_POINT('',#5788);
#5788 = CARTESIAN_POINT('',(-0.755,-0.625,0.675));
#5789 = LINE('',#5790,#5791);
#5790 = CARTESIAN_POINT('',(-0.755,-0.625,0.675));
#5791 = VECTOR('',#5792,1.);
#5792 = DIRECTION('',(-0.707106781187,0.707106781187,0.));
#5793 = ORIENTED_EDGE('',*,*,#5794,.F.);
#5794 = EDGE_CURVE('',#5616,#5787,#5795,.T.);
#5795 = B_SPLINE_CURVE_WITH_KNOTS('',1,(#5796,#5797),.UNSPECIFIED.,.F.,
  .F.,(2,2),(0.,1.),.PIECEWISE_BEZIER_KNOTS.);
#5796 = CARTESIAN_POINT('',(-0.755,-0.625,0.525));
#5797 = CARTESIAN_POINT('',(-0.755,-0.625,0.675));
#5798 = PLANE('',#5799);
#5799 = AXIS2_PLACEMENT_3D('',#5800,#5801,#5802);
#5800 = CARTESIAN_POINT('',(-0.755,-0.625,0.675));
#5801 = DIRECTION('',(0.707106781187,0.707106781187,0.));
#5802 = DIRECTION('',(-0.707106781187,0.707106781187,0.));
#5803 = ADVANCED_FACE('',(#5804),#5886,.F.);
#5804 = FACE_BOUND('',#5805,.F.);
#5805 = EDGE_LOOP('',(#5806,#5807,#5808,#5816,#5824,#5832,#5840,#5848,
    #5856,#5864,#5872,#5880));
#5806 = ORIENTED_EDGE('',*,*,#5786,.T.);
#5807 = ORIENTED_EDGE('',*,*,#5536,.T.);
#5808 = ORIENTED_EDGE('',*,*,#5809,.T.);
#5809 = EDGE_CURVE('',#5529,#5810,#5812,.T.);
#5810 = VERTEX_POINT('',#5811);
#5811 = CARTESIAN_POINT('',(-0.825,-0.175,0.675));
#5812 = LINE('',#5813,#5814);
#5813 = CARTESIAN_POINT('',(-0.85,-0.175,0.675));
#5814 = VECTOR('',#5815,1.);
#5815 = DIRECTION('',(1.,-1.110223024625E-16,0.));
#5816 = ORIENTED_EDGE('',*,*,#5817,.F.);
#5817 = EDGE_CURVE('',#5818,#5810,#5820,.T.);
#5818 = VERTEX_POINT('',#5819);
#5819 = CARTESIAN_POINT('',(-0.825,-0.5175,0.675));
#5820 = LINE('',#5821,#5822);
#5821 = CARTESIAN_POINT('',(-0.825,-0.5175,0.675));
#5822 = VECTOR('',#5823,1.);
#5823 = DIRECTION('',(0.,1.,0.));
#5824 = ORIENTED_EDGE('',*,*,#5825,.F.);
#5825 = EDGE_CURVE('',#5826,#5818,#5828,.T.);
#5826 = VERTEX_POINT('',#5827);
#5827 = CARTESIAN_POINT('',(-0.7425,-0.6,0.675));
#5828 = LINE('',#5829,#5830);
#5829 = CARTESIAN_POINT('',(-0.7425,-0.6,0.675));
#5830 = VECTOR('',#5831,1.);
#5831 = DIRECTION('',(-0.707106781187,0.707106781187,0.));
#5832 = ORIENTED_EDGE('',*,*,#5833,.F.);
#5833 = EDGE_CURVE('',#5834,#5826,#5836,.T.);
#5834 = VERTEX_POINT('',#5835);
#5835 = CARTESIAN_POINT('',(0.7425,-0.6,0.675));
#5836 = LINE('',#5837,#5838);
#5837 = CARTESIAN_POINT('',(0.7425,-0.6,0.675));
#5838 = VECTOR('',#5839,1.);
#5839 = DIRECTION('',(-1.,0.,0.));
#5840 = ORIENTED_EDGE('',*,*,#5841,.F.);
#5841 = EDGE_CURVE('',#5842,#5834,#5844,.T.);
#5842 = VERTEX_POINT('',#5843);
#5843 = CARTESIAN_POINT('',(0.825,-0.5175,0.675));
#5844 = LINE('',#5845,#5846);
#5845 = CARTESIAN_POINT('',(0.825,-0.5175,0.675));
#5846 = VECTOR('',#5847,1.);
#5847 = DIRECTION('',(-0.707106781187,-0.707106781187,0.));
#5848 = ORIENTED_EDGE('',*,*,#5849,.F.);
#5849 = EDGE_CURVE('',#5850,#5842,#5852,.T.);
#5850 = VERTEX_POINT('',#5851);
#5851 = CARTESIAN_POINT('',(0.825,-0.175,0.675));
#5852 = LINE('',#5853,#5854);
#5853 = CARTESIAN_POINT('',(0.825,0.5175,0.675));
#5854 = VECTOR('',#5855,1.);
#5855 = DIRECTION('',(0.,-1.,0.));
#5856 = ORIENTED_EDGE('',*,*,#5857,.F.);
#5857 = EDGE_CURVE('',#5858,#5850,#5860,.T.);
#5858 = VERTEX_POINT('',#5859);
#5859 = CARTESIAN_POINT('',(0.85,-0.175,0.675));
#5860 = LINE('',#5861,#5862);
#5861 = CARTESIAN_POINT('',(0.85,-0.175,0.675));
#5862 = VECTOR('',#5863,1.);
#5863 = DIRECTION('',(-1.,2.22044604925E-16,0.));
#5864 = ORIENTED_EDGE('',*,*,#5865,.T.);
#5865 = EDGE_CURVE('',#5858,#5866,#5868,.T.);
#5866 = VERTEX_POINT('',#5867);
#5867 = CARTESIAN_POINT('',(0.85,-0.53,0.675));
#5868 = LINE('',#5869,#5870);
#5869 = CARTESIAN_POINT('',(0.85,0.53,0.675));
#5870 = VECTOR('',#5871,1.);
#5871 = DIRECTION('',(0.,-1.,0.));
#5872 = ORIENTED_EDGE('',*,*,#5873,.T.);
#5873 = EDGE_CURVE('',#5866,#5874,#5876,.T.);
#5874 = VERTEX_POINT('',#5875);
#5875 = CARTESIAN_POINT('',(0.755,-0.625,0.675));
#5876 = LINE('',#5877,#5878);
#5877 = CARTESIAN_POINT('',(0.85,-0.53,0.675));
#5878 = VECTOR('',#5879,1.);
#5879 = DIRECTION('',(-0.707106781187,-0.707106781187,0.));
#5880 = ORIENTED_EDGE('',*,*,#5881,.T.);
#5881 = EDGE_CURVE('',#5874,#5787,#5882,.T.);
#5882 = LINE('',#5883,#5884);
#5883 = CARTESIAN_POINT('',(0.755,-0.625,0.675));
#5884 = VECTOR('',#5885,1.);
#5885 = DIRECTION('',(-1.,0.,0.));
#5886 = PLANE('',#5887);
#5887 = AXIS2_PLACEMENT_3D('',#5888,#5889,#5890);
#5888 = CARTESIAN_POINT('',(-0.8375,1.101047627727E-17,0.675));
#5889 = DIRECTION('',(-4.586476420025E-27,1.633860438167E-31,-1.));
#5890 = DIRECTION('',(1.568703130043E-18,1.,1.633860438167E-31));
#5891 = ADVANCED_FACE('',(#5892),#5961,.F.);
#5892 = FACE_BOUND('',#5893,.F.);
#5893 = EDGE_LOOP('',(#5894,#5895,#5896,#5904,#5913,#5921,#5929,#5937,
    #5946,#5954));
#5894 = ORIENTED_EDGE('',*,*,#5528,.F.);
#5895 = ORIENTED_EDGE('',*,*,#5568,.T.);
#5896 = ORIENTED_EDGE('',*,*,#5897,.T.);
#5897 = EDGE_CURVE('',#5561,#5898,#5900,.T.);
#5898 = VERTEX_POINT('',#5899);
#5899 = CARTESIAN_POINT('',(-0.964779134804,-0.175,0.181797400913));
#5900 = LINE('',#5901,#5902);
#5901 = CARTESIAN_POINT('',(-0.918936542711,-0.175,0.467155372437));
#5902 = VECTOR('',#5903,1.);
#5903 = DIRECTION('',(-0.158615661317,1.760987592604E-17,-0.987340403298
    ));
#5904 = ORIENTED_EDGE('',*,*,#5905,.T.);
#5905 = EDGE_CURVE('',#5898,#5906,#5908,.T.);
#5906 = VERTEX_POINT('',#5907);
#5907 = CARTESIAN_POINT('',(-1.181436840466,-0.175,-5.551115123126E-17)
  );
#5908 = CIRCLE('',#5909,0.22);
#5909 = AXIS2_PLACEMENT_3D('',#5910,#5911,#5912);
#5910 = CARTESIAN_POINT('',(-1.181436840466,-0.175,0.22));
#5911 = DIRECTION('',(1.110223024625E-16,1.,0.));
#5912 = DIRECTION('',(0.984807753012,-1.093356242223E-16,-0.173648177667
    ));
#5913 = ORIENTED_EDGE('',*,*,#5914,.T.);
#5914 = EDGE_CURVE('',#5906,#5915,#5917,.T.);
#5915 = VERTEX_POINT('',#5916);
#5916 = CARTESIAN_POINT('',(-1.25,-0.175,-5.551115123126E-17));
#5917 = LINE('',#5918,#5919);
#5918 = CARTESIAN_POINT('',(-1.181436840466,-0.175,-5.551115123126E-17)
  );
#5919 = VECTOR('',#5920,1.);
#5920 = DIRECTION('',(-1.,1.110223024625E-16,0.));
#5921 = ORIENTED_EDGE('',*,*,#5922,.T.);
#5922 = EDGE_CURVE('',#5915,#5923,#5925,.T.);
#5923 = VERTEX_POINT('',#5924);
#5924 = CARTESIAN_POINT('',(-1.25,-0.175,0.15));
#5925 = LINE('',#5926,#5927);
#5926 = CARTESIAN_POINT('',(-1.25,-0.175,-5.551115123126E-17));
#5927 = VECTOR('',#5928,1.);
#5928 = DIRECTION('',(0.,0.,1.));
#5929 = ORIENTED_EDGE('',*,*,#5930,.T.);
#5930 = EDGE_CURVE('',#5923,#5931,#5933,.T.);
#5931 = VERTEX_POINT('',#5932);
#5932 = CARTESIAN_POINT('',(-1.181436840466,-0.175,0.15));
#5933 = LINE('',#5934,#5935);
#5934 = CARTESIAN_POINT('',(-1.25,-0.175,0.15));
#5935 = VECTOR('',#5936,1.);
#5936 = DIRECTION('',(1.,-1.110223024625E-16,0.));
#5937 = ORIENTED_EDGE('',*,*,#5938,.T.);
#5938 = EDGE_CURVE('',#5931,#5939,#5941,.T.);
#5939 = VERTEX_POINT('',#5940);
#5940 = CARTESIAN_POINT('',(-1.112500297756,-0.175,0.207844627563));
#5941 = CIRCLE('',#5942,7.E-02);
#5942 = AXIS2_PLACEMENT_3D('',#5943,#5944,#5945);
#5943 = CARTESIAN_POINT('',(-1.181436840466,-0.175,0.22));
#5944 = DIRECTION('',(-1.110223024625E-16,-1.,-0.));
#5945 = DIRECTION('',(0.,0.,-1.));
#5946 = ORIENTED_EDGE('',*,*,#5947,.T.);
#5947 = EDGE_CURVE('',#5939,#5948,#5950,.T.);
#5948 = VERTEX_POINT('',#5949);
#5949 = CARTESIAN_POINT('',(-1.066657705663,-0.175,0.493202599087));
#5950 = LINE('',#5951,#5952);
#5951 = CARTESIAN_POINT('',(-1.112500297756,-0.175,0.207844627563));
#5952 = VECTOR('',#5953,1.);
#5953 = DIRECTION('',(0.158615661317,-1.760987592604E-17,0.987340403298)
  );
#5954 = ORIENTED_EDGE('',*,*,#5955,.T.);
#5955 = EDGE_CURVE('',#5948,#5529,#5956,.T.);
#5956 = CIRCLE('',#5957,0.22);
#5957 = AXIS2_PLACEMENT_3D('',#5958,#5959,#5960);
#5958 = CARTESIAN_POINT('',(-0.85,-0.175,0.455));
#5959 = DIRECTION('',(1.110223024625E-16,1.,0.));
#5960 = DIRECTION('',(-0.984807753012,1.093356242223E-16,0.173648177667)
  );
#5961 = PLANE('',#5962);
#5962 = AXIS2_PLACEMENT_3D('',#5963,#5964,#5965);
#5963 = CARTESIAN_POINT('',(-1.021526355437,-0.175,0.332418056697));
#5964 = DIRECTION('',(1.110223024625E-16,1.,0.));
#5965 = DIRECTION('',(0.,-0.,1.));
#5966 = ADVANCED_FACE('',(#5967),#5985,.F.);
#5967 = FACE_BOUND('',#5968,.F.);
#5968 = EDGE_LOOP('',(#5969,#5970,#5978,#5984));
#5969 = ORIENTED_EDGE('',*,*,#5560,.T.);
#5970 = ORIENTED_EDGE('',*,*,#5971,.T.);
#5971 = EDGE_CURVE('',#5552,#5972,#5974,.T.);
#5972 = VERTEX_POINT('',#5973);
#5973 = CARTESIAN_POINT('',(-0.964779134804,0.175,0.181797400913));
#5974 = LINE('',#5975,#5976);
#5975 = CARTESIAN_POINT('',(-0.918936542711,0.175,0.467155372437));
#5976 = VECTOR('',#5977,1.);
#5977 = DIRECTION('',(-0.158615661317,1.760987592604E-17,-0.987340403298
    ));
#5978 = ORIENTED_EDGE('',*,*,#5979,.F.);
#5979 = EDGE_CURVE('',#5898,#5972,#5980,.T.);
#5980 = LINE('',#5981,#5982);
#5981 = CARTESIAN_POINT('',(-0.964779134804,-0.175,0.181797400913));
#5982 = VECTOR('',#5983,1.);
#5983 = DIRECTION('',(1.110223024625E-16,1.,0.));
#5984 = ORIENTED_EDGE('',*,*,#5897,.F.);
#5985 = PLANE('',#5986);
#5986 = AXIS2_PLACEMENT_3D('',#5987,#5988,#5989);
#5987 = CARTESIAN_POINT('',(-0.918936542711,-0.175,0.467155372437));
#5988 = DIRECTION('',(-0.987340403298,1.096168048884E-16,0.158615661317)
  );
#5989 = DIRECTION('',(-0.158615661317,1.760987592604E-17,-0.987340403298
    ));
#5990 = ADVANCED_FACE('',(#5991),#6053,.T.);
#5991 = FACE_BOUND('',#5992,.T.);
#5992 = EDGE_LOOP('',(#5993,#5994,#5995,#5996,#6005,#6013,#6021,#6029,
    #6038,#6046));
#5993 = ORIENTED_EDGE('',*,*,#5583,.F.);
#5994 = ORIENTED_EDGE('',*,*,#5551,.T.);
#5995 = ORIENTED_EDGE('',*,*,#5971,.T.);
#5996 = ORIENTED_EDGE('',*,*,#5997,.T.);
#5997 = EDGE_CURVE('',#5972,#5998,#6000,.T.);
#5998 = VERTEX_POINT('',#5999);
#5999 = CARTESIAN_POINT('',(-1.181436840466,0.175,-5.551115123126E-17));
#6000 = CIRCLE('',#6001,0.22);
#6001 = AXIS2_PLACEMENT_3D('',#6002,#6003,#6004);
#6002 = CARTESIAN_POINT('',(-1.181436840466,0.175,0.22));
#6003 = DIRECTION('',(1.110223024625E-16,1.,0.));
#6004 = DIRECTION('',(0.984807753012,-1.093356242223E-16,-0.173648177667
    ));
#6005 = ORIENTED_EDGE('',*,*,#6006,.T.);
#6006 = EDGE_CURVE('',#5998,#6007,#6009,.T.);
#6007 = VERTEX_POINT('',#6008);
#6008 = CARTESIAN_POINT('',(-1.25,0.175,-5.551115123126E-17));
#6009 = LINE('',#6010,#6011);
#6010 = CARTESIAN_POINT('',(-1.181436840466,0.175,-5.551115123126E-17));
#6011 = VECTOR('',#6012,1.);
#6012 = DIRECTION('',(-1.,1.110223024625E-16,0.));
#6013 = ORIENTED_EDGE('',*,*,#6014,.T.);
#6014 = EDGE_CURVE('',#6007,#6015,#6017,.T.);
#6015 = VERTEX_POINT('',#6016);
#6016 = CARTESIAN_POINT('',(-1.25,0.175,0.15));
#6017 = LINE('',#6018,#6019);
#6018 = CARTESIAN_POINT('',(-1.25,0.175,-5.551115123126E-17));
#6019 = VECTOR('',#6020,1.);
#6020 = DIRECTION('',(0.,0.,1.));
#6021 = ORIENTED_EDGE('',*,*,#6022,.T.);
#6022 = EDGE_CURVE('',#6015,#6023,#6025,.T.);
#6023 = VERTEX_POINT('',#6024);
#6024 = CARTESIAN_POINT('',(-1.181436840466,0.175,0.15));
#6025 = LINE('',#6026,#6027);
#6026 = CARTESIAN_POINT('',(-1.25,0.175,0.15));
#6027 = VECTOR('',#6028,1.);
#6028 = DIRECTION('',(1.,-1.110223024625E-16,0.));
#6029 = ORIENTED_EDGE('',*,*,#6030,.T.);
#6030 = EDGE_CURVE('',#6023,#6031,#6033,.T.);
#6031 = VERTEX_POINT('',#6032);
#6032 = CARTESIAN_POINT('',(-1.112500297756,0.175,0.207844627563));
#6033 = CIRCLE('',#6034,7.E-02);
#6034 = AXIS2_PLACEMENT_3D('',#6035,#6036,#6037);
#6035 = CARTESIAN_POINT('',(-1.181436840466,0.175,0.22));
#6036 = DIRECTION('',(-1.110223024625E-16,-1.,-0.));
#6037 = DIRECTION('',(0.,0.,-1.));
#6038 = ORIENTED_EDGE('',*,*,#6039,.T.);
#6039 = EDGE_CURVE('',#6031,#6040,#6042,.T.);
#6040 = VERTEX_POINT('',#6041);
#6041 = CARTESIAN_POINT('',(-1.066657705663,0.175,0.493202599087));
#6042 = LINE('',#6043,#6044);
#6043 = CARTESIAN_POINT('',(-1.112500297756,0.175,0.207844627563));
#6044 = VECTOR('',#6045,1.);
#6045 = DIRECTION('',(0.158615661317,-1.760987592604E-17,0.987340403298)
  );
#6046 = ORIENTED_EDGE('',*,*,#6047,.T.);
#6047 = EDGE_CURVE('',#6040,#5584,#6048,.T.);
#6048 = CIRCLE('',#6049,0.22);
#6049 = AXIS2_PLACEMENT_3D('',#6050,#6051,#6052);
#6050 = CARTESIAN_POINT('',(-0.85,0.175,0.455));
#6051 = DIRECTION('',(1.110223024625E-16,1.,0.));
#6052 = DIRECTION('',(-0.984807753012,1.093356242223E-16,0.173648177667)
  );
#6053 = PLANE('',#6054);
#6054 = AXIS2_PLACEMENT_3D('',#6055,#6056,#6057);
#6055 = CARTESIAN_POINT('',(-1.021526355437,0.175,0.332418056697));
#6056 = DIRECTION('',(1.110223024625E-16,1.,0.));
#6057 = DIRECTION('',(0.,-0.,1.));
#6058 = ADVANCED_FACE('',(#6059),#6141,.F.);
#6059 = FACE_BOUND('',#6060,.F.);
#6060 = EDGE_LOOP('',(#6061,#6069,#6070,#6071,#6079,#6087,#6095,#6103,
    #6111,#6119,#6127,#6135));
#6061 = ORIENTED_EDGE('',*,*,#6062,.F.);
#6062 = EDGE_CURVE('',#5584,#6063,#6065,.T.);
#6063 = VERTEX_POINT('',#6064);
#6064 = CARTESIAN_POINT('',(-0.825,0.175,0.675));
#6065 = LINE('',#6066,#6067);
#6066 = CARTESIAN_POINT('',(-0.85,0.175,0.675));
#6067 = VECTOR('',#6068,1.);
#6068 = DIRECTION('',(1.,-1.110223024625E-16,0.));
#6069 = ORIENTED_EDGE('',*,*,#5599,.T.);
#6070 = ORIENTED_EDGE('',*,*,#5769,.T.);
#6071 = ORIENTED_EDGE('',*,*,#6072,.T.);
#6072 = EDGE_CURVE('',#5763,#6073,#6075,.T.);
#6073 = VERTEX_POINT('',#6074);
#6074 = CARTESIAN_POINT('',(0.755,0.625,0.675));
#6075 = LINE('',#6076,#6077);
#6076 = CARTESIAN_POINT('',(-0.755,0.625,0.675));
#6077 = VECTOR('',#6078,1.);
#6078 = DIRECTION('',(1.,0.,0.));
#6079 = ORIENTED_EDGE('',*,*,#6080,.T.);
#6080 = EDGE_CURVE('',#6073,#6081,#6083,.T.);
#6081 = VERTEX_POINT('',#6082);
#6082 = CARTESIAN_POINT('',(0.85,0.53,0.675));
#6083 = LINE('',#6084,#6085);
#6084 = CARTESIAN_POINT('',(0.755,0.625,0.675));
#6085 = VECTOR('',#6086,1.);
#6086 = DIRECTION('',(0.707106781187,-0.707106781187,0.));
#6087 = ORIENTED_EDGE('',*,*,#6088,.T.);
#6088 = EDGE_CURVE('',#6081,#6089,#6091,.T.);
#6089 = VERTEX_POINT('',#6090);
#6090 = CARTESIAN_POINT('',(0.85,0.175,0.675));
#6091 = LINE('',#6092,#6093);
#6092 = CARTESIAN_POINT('',(0.85,0.53,0.675));
#6093 = VECTOR('',#6094,1.);
#6094 = DIRECTION('',(0.,-1.,0.));
#6095 = ORIENTED_EDGE('',*,*,#6096,.T.);
#6096 = EDGE_CURVE('',#6089,#6097,#6099,.T.);
#6097 = VERTEX_POINT('',#6098);
#6098 = CARTESIAN_POINT('',(0.825,0.175,0.675));
#6099 = LINE('',#6100,#6101);
#6100 = CARTESIAN_POINT('',(0.85,0.175,0.675));
#6101 = VECTOR('',#6102,1.);
#6102 = DIRECTION('',(-1.,2.22044604925E-16,0.));
#6103 = ORIENTED_EDGE('',*,*,#6104,.F.);
#6104 = EDGE_CURVE('',#6105,#6097,#6107,.T.);
#6105 = VERTEX_POINT('',#6106);
#6106 = CARTESIAN_POINT('',(0.825,0.5175,0.675));
#6107 = LINE('',#6108,#6109);
#6108 = CARTESIAN_POINT('',(0.825,0.5175,0.675));
#6109 = VECTOR('',#6110,1.);
#6110 = DIRECTION('',(0.,-1.,0.));
#6111 = ORIENTED_EDGE('',*,*,#6112,.F.);
#6112 = EDGE_CURVE('',#6113,#6105,#6115,.T.);
#6113 = VERTEX_POINT('',#6114);
#6114 = CARTESIAN_POINT('',(0.7425,0.6,0.675));
#6115 = LINE('',#6116,#6117);
#6116 = CARTESIAN_POINT('',(0.7425,0.6,0.675));
#6117 = VECTOR('',#6118,1.);
#6118 = DIRECTION('',(0.707106781187,-0.707106781187,0.));
#6119 = ORIENTED_EDGE('',*,*,#6120,.F.);
#6120 = EDGE_CURVE('',#6121,#6113,#6123,.T.);
#6121 = VERTEX_POINT('',#6122);
#6122 = CARTESIAN_POINT('',(-0.7425,0.6,0.675));
#6123 = LINE('',#6124,#6125);
#6124 = CARTESIAN_POINT('',(-0.7425,0.6,0.675));
#6125 = VECTOR('',#6126,1.);
#6126 = DIRECTION('',(1.,0.,0.));
#6127 = ORIENTED_EDGE('',*,*,#6128,.F.);
#6128 = EDGE_CURVE('',#6129,#6121,#6131,.T.);
#6129 = VERTEX_POINT('',#6130);
#6130 = CARTESIAN_POINT('',(-0.825,0.5175,0.675));
#6131 = LINE('',#6132,#6133);
#6132 = CARTESIAN_POINT('',(-0.825,0.5175,0.675));
#6133 = VECTOR('',#6134,1.);
#6134 = DIRECTION('',(0.707106781187,0.707106781187,0.));
#6135 = ORIENTED_EDGE('',*,*,#6136,.F.);
#6136 = EDGE_CURVE('',#6063,#6129,#6137,.T.);
#6137 = LINE('',#6138,#6139);
#6138 = CARTESIAN_POINT('',(-0.825,-0.5175,0.675));
#6139 = VECTOR('',#6140,1.);
#6140 = DIRECTION('',(0.,1.,0.));
#6141 = PLANE('',#6142);
#6142 = AXIS2_PLACEMENT_3D('',#6143,#6144,#6145);
#6143 = CARTESIAN_POINT('',(-0.8375,1.101047627727E-17,0.675));
#6144 = DIRECTION('',(-4.586476420025E-27,1.633860438167E-31,-1.));
#6145 = DIRECTION('',(1.568703130043E-18,1.,1.633860438167E-31));
#6146 = ADVANCED_FACE('',(#6147),#6157,.F.);
#6147 = FACE_BOUND('',#6148,.F.);
#6148 = EDGE_LOOP('',(#6149,#6150,#6151,#6152));
#6149 = ORIENTED_EDGE('',*,*,#5638,.T.);
#6150 = ORIENTED_EDGE('',*,*,#5794,.T.);
#6151 = ORIENTED_EDGE('',*,*,#5881,.F.);
#6152 = ORIENTED_EDGE('',*,*,#6153,.F.);
#6153 = EDGE_CURVE('',#5639,#5874,#6154,.T.);
#6154 = B_SPLINE_CURVE_WITH_KNOTS('',1,(#6155,#6156),.UNSPECIFIED.,.F.,
  .F.,(2,2),(0.,1.),.PIECEWISE_BEZIER_KNOTS.);
#6155 = CARTESIAN_POINT('',(0.755,-0.625,0.525));
#6156 = CARTESIAN_POINT('',(0.755,-0.625,0.675));
#6157 = PLANE('',#6158);
#6158 = AXIS2_PLACEMENT_3D('',#6159,#6160,#6161);
#6159 = CARTESIAN_POINT('',(0.755,-0.625,0.675));
#6160 = DIRECTION('',(0.,1.,0.));
#6161 = DIRECTION('',(-1.,0.,0.));
#6162 = ADVANCED_FACE('',(#6163),#6173,.F.);
#6163 = FACE_BOUND('',#6164,.F.);
#6164 = EDGE_LOOP('',(#6165,#6166,#6171,#6172));
#6165 = ORIENTED_EDGE('',*,*,#5667,.T.);
#6166 = ORIENTED_EDGE('',*,*,#6167,.T.);
#6167 = EDGE_CURVE('',#5661,#6073,#6168,.T.);
#6168 = B_SPLINE_CURVE_WITH_KNOTS('',1,(#6169,#6170),.UNSPECIFIED.,.F.,
  .F.,(2,2),(0.,1.),.PIECEWISE_BEZIER_KNOTS.);
#6169 = CARTESIAN_POINT('',(0.755,0.625,0.525));
#6170 = CARTESIAN_POINT('',(0.755,0.625,0.675));
#6171 = ORIENTED_EDGE('',*,*,#6072,.F.);
#6172 = ORIENTED_EDGE('',*,*,#5762,.F.);
#6173 = PLANE('',#6174);
#6174 = AXIS2_PLACEMENT_3D('',#6175,#6176,#6177);
#6175 = CARTESIAN_POINT('',(-0.755,0.625,0.675));
#6176 = DIRECTION('',(0.,-1.,0.));
#6177 = DIRECTION('',(1.,0.,0.));
#6178 = ADVANCED_FACE('',(#6179),#6189,.F.);
#6179 = FACE_BOUND('',#6180,.F.);
#6180 = EDGE_LOOP('',(#6181,#6182,#6183,#6184));
#6181 = ORIENTED_EDGE('',*,*,#5684,.T.);
#6182 = ORIENTED_EDGE('',*,*,#6153,.T.);
#6183 = ORIENTED_EDGE('',*,*,#5873,.F.);
#6184 = ORIENTED_EDGE('',*,*,#6185,.F.);
#6185 = EDGE_CURVE('',#5685,#5866,#6186,.T.);
#6186 = B_SPLINE_CURVE_WITH_KNOTS('',1,(#6187,#6188),.UNSPECIFIED.,.F.,
  .F.,(2,2),(0.,1.),.PIECEWISE_BEZIER_KNOTS.);
#6187 = CARTESIAN_POINT('',(0.85,-0.53,0.525));
#6188 = CARTESIAN_POINT('',(0.85,-0.53,0.675));
#6189 = PLANE('',#6190);
#6190 = AXIS2_PLACEMENT_3D('',#6191,#6192,#6193);
#6191 = CARTESIAN_POINT('',(0.85,-0.53,0.675));
#6192 = DIRECTION('',(-0.707106781187,0.707106781187,0.));
#6193 = DIRECTION('',(-0.707106781187,-0.707106781187,0.));
#6194 = ADVANCED_FACE('',(#6195),#6205,.F.);
#6195 = FACE_BOUND('',#6196,.F.);
#6196 = EDGE_LOOP('',(#6197,#6198,#6203,#6204));
#6197 = ORIENTED_EDGE('',*,*,#5713,.T.);
#6198 = ORIENTED_EDGE('',*,*,#6199,.T.);
#6199 = EDGE_CURVE('',#5707,#6081,#6200,.T.);
#6200 = B_SPLINE_CURVE_WITH_KNOTS('',1,(#6201,#6202),.UNSPECIFIED.,.F.,
  .F.,(2,2),(0.,1.),.PIECEWISE_BEZIER_KNOTS.);
#6201 = CARTESIAN_POINT('',(0.85,0.53,0.525));
#6202 = CARTESIAN_POINT('',(0.85,0.53,0.675));
#6203 = ORIENTED_EDGE('',*,*,#6080,.F.);
#6204 = ORIENTED_EDGE('',*,*,#6167,.F.);
#6205 = PLANE('',#6206);
#6206 = AXIS2_PLACEMENT_3D('',#6207,#6208,#6209);
#6207 = CARTESIAN_POINT('',(0.755,0.625,0.675));
#6208 = DIRECTION('',(-0.707106781187,-0.707106781187,0.));
#6209 = DIRECTION('',(0.707106781187,-0.707106781187,0.));
#6210 = ADVANCED_FACE('',(#6211),#6222,.F.);
#6211 = FACE_BOUND('',#6212,.F.);
#6212 = EDGE_LOOP('',(#6213,#6214,#6215,#6221));
#6213 = ORIENTED_EDGE('',*,*,#6199,.F.);
#6214 = ORIENTED_EDGE('',*,*,#5746,.T.);
#6215 = ORIENTED_EDGE('',*,*,#6216,.T.);
#6216 = EDGE_CURVE('',#5739,#6089,#6217,.T.);
#6217 = LINE('',#6218,#6219);
#6218 = CARTESIAN_POINT('',(0.85,0.175,0.503709028349));
#6219 = VECTOR('',#6220,1.);
#6220 = DIRECTION('',(0.,0.,1.));
#6221 = ORIENTED_EDGE('',*,*,#6088,.F.);
#6222 = PLANE('',#6223);
#6223 = AXIS2_PLACEMENT_3D('',#6224,#6225,#6226);
#6224 = CARTESIAN_POINT('',(0.85,0.53,0.675));
#6225 = DIRECTION('',(-1.,0.,0.));
#6226 = DIRECTION('',(0.,-1.,0.));
#6227 = ADVANCED_FACE('',(#6228),#6255,.F.);
#6228 = FACE_BOUND('',#6229,.F.);
#6229 = EDGE_LOOP('',(#6230,#6231,#6240,#6248));
#6230 = ORIENTED_EDGE('',*,*,#5738,.T.);
#6231 = ORIENTED_EDGE('',*,*,#6232,.T.);
#6232 = EDGE_CURVE('',#5731,#6233,#6235,.T.);
#6233 = VERTEX_POINT('',#6234);
#6234 = CARTESIAN_POINT('',(0.918936542711,-0.175,0.467155372437));
#6235 = CIRCLE('',#6236,7.E-02);
#6236 = AXIS2_PLACEMENT_3D('',#6237,#6238,#6239);
#6237 = CARTESIAN_POINT('',(0.85,-0.175,0.455));
#6238 = DIRECTION('',(2.22044604925E-16,1.,-0.));
#6239 = DIRECTION('',(0.,0.,1.));
#6240 = ORIENTED_EDGE('',*,*,#6241,.F.);
#6241 = EDGE_CURVE('',#6242,#6233,#6244,.T.);
#6242 = VERTEX_POINT('',#6243);
#6243 = CARTESIAN_POINT('',(0.918936542711,0.175,0.467155372437));
#6244 = LINE('',#6245,#6246);
#6245 = CARTESIAN_POINT('',(0.918936542711,0.175,0.467155372437));
#6246 = VECTOR('',#6247,1.);
#6247 = DIRECTION('',(-2.22044604925E-16,-1.,0.));
#6248 = ORIENTED_EDGE('',*,*,#6249,.F.);
#6249 = EDGE_CURVE('',#5739,#6242,#6250,.T.);
#6250 = CIRCLE('',#6251,7.E-02);
#6251 = AXIS2_PLACEMENT_3D('',#6252,#6253,#6254);
#6252 = CARTESIAN_POINT('',(0.85,0.175,0.455));
#6253 = DIRECTION('',(2.22044604925E-16,1.,-0.));
#6254 = DIRECTION('',(0.,0.,1.));
#6255 = CYLINDRICAL_SURFACE('',#6256,7.E-02);
#6256 = AXIS2_PLACEMENT_3D('',#6257,#6258,#6259);
#6257 = CARTESIAN_POINT('',(0.85,0.175,0.455));
#6258 = DIRECTION('',(2.22044604925E-16,1.,0.));
#6259 = DIRECTION('',(0.,-0.,1.));
#6260 = ADVANCED_FACE('',(#6261),#6272,.F.);
#6261 = FACE_BOUND('',#6262,.F.);
#6262 = EDGE_LOOP('',(#6263,#6269,#6270,#6271));
#6263 = ORIENTED_EDGE('',*,*,#6264,.F.);
#6264 = EDGE_CURVE('',#5731,#5858,#6265,.T.);
#6265 = LINE('',#6266,#6267);
#6266 = CARTESIAN_POINT('',(0.85,-0.175,0.503709028349));
#6267 = VECTOR('',#6268,1.);
#6268 = DIRECTION('',(0.,0.,1.));
#6269 = ORIENTED_EDGE('',*,*,#5730,.T.);
#6270 = ORIENTED_EDGE('',*,*,#6185,.T.);
#6271 = ORIENTED_EDGE('',*,*,#5865,.F.);
#6272 = PLANE('',#6273);
#6273 = AXIS2_PLACEMENT_3D('',#6274,#6275,#6276);
#6274 = CARTESIAN_POINT('',(0.85,0.53,0.675));
#6275 = DIRECTION('',(-1.,0.,0.));
#6276 = DIRECTION('',(0.,-1.,0.));
#6277 = ADVANCED_FACE('',(#6278),#6294,.F.);
#6278 = FACE_BOUND('',#6279,.F.);
#6279 = EDGE_LOOP('',(#6280,#6281,#6287,#6288));
#6280 = ORIENTED_EDGE('',*,*,#6096,.F.);
#6281 = ORIENTED_EDGE('',*,*,#6282,.T.);
#6282 = EDGE_CURVE('',#6089,#5858,#6283,.T.);
#6283 = LINE('',#6284,#6285);
#6284 = CARTESIAN_POINT('',(0.85,0.175,0.675));
#6285 = VECTOR('',#6286,1.);
#6286 = DIRECTION('',(-2.22044604925E-16,-1.,0.));
#6287 = ORIENTED_EDGE('',*,*,#5857,.T.);
#6288 = ORIENTED_EDGE('',*,*,#6289,.F.);
#6289 = EDGE_CURVE('',#6097,#5850,#6290,.T.);
#6290 = LINE('',#6291,#6292);
#6291 = CARTESIAN_POINT('',(0.825,0.5175,0.675));
#6292 = VECTOR('',#6293,1.);
#6293 = DIRECTION('',(0.,-1.,0.));
#6294 = PLANE('',#6295);
#6295 = AXIS2_PLACEMENT_3D('',#6296,#6297,#6298);
#6296 = CARTESIAN_POINT('',(0.85,0.175,0.675));
#6297 = DIRECTION('',(0.,0.,-1.));
#6298 = DIRECTION('',(-1.,2.22044604925E-16,0.));
#6299 = ADVANCED_FACE('',(#6300),#6325,.F.);
#6300 = FACE_BOUND('',#6301,.F.);
#6301 = EDGE_LOOP('',(#6302,#6303,#6304,#6305,#6312,#6320));
#6302 = ORIENTED_EDGE('',*,*,#6104,.T.);
#6303 = ORIENTED_EDGE('',*,*,#6289,.T.);
#6304 = ORIENTED_EDGE('',*,*,#5849,.T.);
#6305 = ORIENTED_EDGE('',*,*,#6306,.T.);
#6306 = EDGE_CURVE('',#5842,#6307,#6309,.T.);
#6307 = VERTEX_POINT('',#6308);
#6308 = CARTESIAN_POINT('',(0.765270145251,-0.487635072626,1.1));
#6309 = B_SPLINE_CURVE_WITH_KNOTS('',1,(#6310,#6311),.UNSPECIFIED.,.F.,
  .F.,(2,2),(0.,1.),.PIECEWISE_BEZIER_KNOTS.);
#6310 = CARTESIAN_POINT('',(0.825,-0.5175,0.675));
#6311 = CARTESIAN_POINT('',(0.765270145251,-0.487635072626,1.1));
#6312 = ORIENTED_EDGE('',*,*,#6313,.F.);
#6313 = EDGE_CURVE('',#6314,#6307,#6316,.T.);
#6314 = VERTEX_POINT('',#6315);
#6315 = CARTESIAN_POINT('',(0.765270145251,0.487635072626,1.1));
#6316 = LINE('',#6317,#6318);
#6317 = CARTESIAN_POINT('',(0.765270145251,0.487635072626,1.1));
#6318 = VECTOR('',#6319,1.);
#6319 = DIRECTION('',(0.,-1.,0.));
#6320 = ORIENTED_EDGE('',*,*,#6321,.F.);
#6321 = EDGE_CURVE('',#6105,#6314,#6322,.T.);
#6322 = B_SPLINE_CURVE_WITH_KNOTS('',1,(#6323,#6324),.UNSPECIFIED.,.F.,
  .F.,(2,2),(0.,1.),.PIECEWISE_BEZIER_KNOTS.);
#6323 = CARTESIAN_POINT('',(0.825,0.5175,0.675));
#6324 = CARTESIAN_POINT('',(0.765270145251,0.487635072626,1.1));
#6325 = B_SPLINE_SURFACE_WITH_KNOTS('',1,1,(
    (#6326,#6327)
    ,(#6328,#6329
    )),.UNSPECIFIED.,.F.,.F.,.F.,(2,2),(2,2),(0.,1.035),(0.,1.),
  .PIECEWISE_BEZIER_KNOTS.);
#6326 = CARTESIAN_POINT('',(0.825,0.5175,0.675));
#6327 = CARTESIAN_POINT('',(0.765270145251,0.487635072626,1.1));
#6328 = CARTESIAN_POINT('',(0.825,-0.5175,0.675));
#6329 = CARTESIAN_POINT('',(0.765270145251,-0.487635072626,1.1));
#6330 = ADVANCED_FACE('',(#6331),#6348,.F.);
#6331 = FACE_BOUND('',#6332,.F.);
#6332 = EDGE_LOOP('',(#6333,#6334,#6341,#6347));
#6333 = ORIENTED_EDGE('',*,*,#5841,.T.);
#6334 = ORIENTED_EDGE('',*,*,#6335,.T.);
#6335 = EDGE_CURVE('',#5834,#6336,#6338,.T.);
#6336 = VERTEX_POINT('',#6337);
#6337 = CARTESIAN_POINT('',(0.712635072626,-0.540270145251,1.1));
#6338 = B_SPLINE_CURVE_WITH_KNOTS('',1,(#6339,#6340),.UNSPECIFIED.,.F.,
  .F.,(2,2),(0.,1.),.PIECEWISE_BEZIER_KNOTS.);
#6339 = CARTESIAN_POINT('',(0.7425,-0.6,0.675));
#6340 = CARTESIAN_POINT('',(0.712635072626,-0.540270145251,1.1));
#6341 = ORIENTED_EDGE('',*,*,#6342,.F.);
#6342 = EDGE_CURVE('',#6307,#6336,#6343,.T.);
#6343 = LINE('',#6344,#6345);
#6344 = CARTESIAN_POINT('',(0.765270145251,-0.487635072626,1.1));
#6345 = VECTOR('',#6346,1.);
#6346 = DIRECTION('',(-0.707106781187,-0.707106781187,0.));
#6347 = ORIENTED_EDGE('',*,*,#6306,.F.);
#6348 = B_SPLINE_SURFACE_WITH_KNOTS('',1,1,(
    (#6349,#6350)
    ,(#6351,#6352
    )),.UNSPECIFIED.,.F.,.F.,.F.,(2,2),(2,2),(0.,0.116672618896),(0.,1.)
  ,.PIECEWISE_BEZIER_KNOTS.);
#6349 = CARTESIAN_POINT('',(0.825,-0.5175,0.675));
#6350 = CARTESIAN_POINT('',(0.765270145251,-0.487635072626,1.1));
#6351 = CARTESIAN_POINT('',(0.7425,-0.6,0.675));
#6352 = CARTESIAN_POINT('',(0.712635072626,-0.540270145251,1.1));
#6353 = ADVANCED_FACE('',(#6354),#6371,.F.);
#6354 = FACE_BOUND('',#6355,.F.);
#6355 = EDGE_LOOP('',(#6356,#6357,#6364,#6370));
#6356 = ORIENTED_EDGE('',*,*,#5833,.T.);
#6357 = ORIENTED_EDGE('',*,*,#6358,.T.);
#6358 = EDGE_CURVE('',#5826,#6359,#6361,.T.);
#6359 = VERTEX_POINT('',#6360);
#6360 = CARTESIAN_POINT('',(-0.712635072626,-0.540270145251,1.1));
#6361 = B_SPLINE_CURVE_WITH_KNOTS('',1,(#6362,#6363),.UNSPECIFIED.,.F.,
  .F.,(2,2),(0.,1.),.PIECEWISE_BEZIER_KNOTS.);
#6362 = CARTESIAN_POINT('',(-0.7425,-0.6,0.675));
#6363 = CARTESIAN_POINT('',(-0.712635072626,-0.540270145251,1.1));
#6364 = ORIENTED_EDGE('',*,*,#6365,.F.);
#6365 = EDGE_CURVE('',#6336,#6359,#6366,.T.);
#6366 = LINE('',#6367,#6368);
#6367 = CARTESIAN_POINT('',(0.712635072626,-0.540270145251,1.1));
#6368 = VECTOR('',#6369,1.);
#6369 = DIRECTION('',(-1.,0.,0.));
#6370 = ORIENTED_EDGE('',*,*,#6335,.F.);
#6371 = B_SPLINE_SURFACE_WITH_KNOTS('',1,1,(
    (#6372,#6373)
    ,(#6374,#6375
    )),.UNSPECIFIED.,.F.,.F.,.F.,(2,2),(2,2),(0.,1.485),(0.,1.),
  .PIECEWISE_BEZIER_KNOTS.);
#6372 = CARTESIAN_POINT('',(0.7425,-0.6,0.675));
#6373 = CARTESIAN_POINT('',(0.712635072626,-0.540270145251,1.1));
#6374 = CARTESIAN_POINT('',(-0.7425,-0.6,0.675));
#6375 = CARTESIAN_POINT('',(-0.712635072626,-0.540270145251,1.1));
#6376 = ADVANCED_FACE('',(#6377),#6394,.F.);
#6377 = FACE_BOUND('',#6378,.F.);
#6378 = EDGE_LOOP('',(#6379,#6380,#6387,#6393));
#6379 = ORIENTED_EDGE('',*,*,#5825,.T.);
#6380 = ORIENTED_EDGE('',*,*,#6381,.T.);
#6381 = EDGE_CURVE('',#5818,#6382,#6384,.T.);
#6382 = VERTEX_POINT('',#6383);
#6383 = CARTESIAN_POINT('',(-0.765270145251,-0.487635072626,1.1));
#6384 = B_SPLINE_CURVE_WITH_KNOTS('',1,(#6385,#6386),.UNSPECIFIED.,.F.,
  .F.,(2,2),(0.,1.),.PIECEWISE_BEZIER_KNOTS.);
#6385 = CARTESIAN_POINT('',(-0.825,-0.5175,0.675));
#6386 = CARTESIAN_POINT('',(-0.765270145251,-0.487635072626,1.1));
#6387 = ORIENTED_EDGE('',*,*,#6388,.F.);
#6388 = EDGE_CURVE('',#6359,#6382,#6389,.T.);
#6389 = LINE('',#6390,#6391);
#6390 = CARTESIAN_POINT('',(-0.712635072626,-0.540270145251,1.1));
#6391 = VECTOR('',#6392,1.);
#6392 = DIRECTION('',(-0.707106781187,0.707106781187,0.));
#6393 = ORIENTED_EDGE('',*,*,#6358,.F.);
#6394 = B_SPLINE_SURFACE_WITH_KNOTS('',1,1,(
    (#6395,#6396)
    ,(#6397,#6398
    )),.UNSPECIFIED.,.F.,.F.,.F.,(2,2),(2,2),(0.,0.116672618896),(0.,1.)
  ,.PIECEWISE_BEZIER_KNOTS.);
#6395 = CARTESIAN_POINT('',(-0.7425,-0.6,0.675));
#6396 = CARTESIAN_POINT('',(-0.712635072626,-0.540270145251,1.1));
#6397 = CARTESIAN_POINT('',(-0.825,-0.5175,0.675));
#6398 = CARTESIAN_POINT('',(-0.765270145251,-0.487635072626,1.1));
#6399 = ADVANCED_FACE('',(#6400),#6424,.F.);
#6400 = FACE_BOUND('',#6401,.F.);
#6401 = EDGE_LOOP('',(#6402,#6403,#6409,#6410,#6417,#6423));
#6402 = ORIENTED_EDGE('',*,*,#5817,.T.);
#6403 = ORIENTED_EDGE('',*,*,#6404,.T.);
#6404 = EDGE_CURVE('',#5810,#6063,#6405,.T.);
#6405 = LINE('',#6406,#6407);
#6406 = CARTESIAN_POINT('',(-0.825,-0.5175,0.675));
#6407 = VECTOR('',#6408,1.);
#6408 = DIRECTION('',(0.,1.,0.));
#6409 = ORIENTED_EDGE('',*,*,#6136,.T.);
#6410 = ORIENTED_EDGE('',*,*,#6411,.T.);
#6411 = EDGE_CURVE('',#6129,#6412,#6414,.T.);
#6412 = VERTEX_POINT('',#6413);
#6413 = CARTESIAN_POINT('',(-0.765270145251,0.487635072626,1.1));
#6414 = B_SPLINE_CURVE_WITH_KNOTS('',1,(#6415,#6416),.UNSPECIFIED.,.F.,
  .F.,(2,2),(0.,1.),.PIECEWISE_BEZIER_KNOTS.);
#6415 = CARTESIAN_POINT('',(-0.825,0.5175,0.675));
#6416 = CARTESIAN_POINT('',(-0.765270145251,0.487635072626,1.1));
#6417 = ORIENTED_EDGE('',*,*,#6418,.F.);
#6418 = EDGE_CURVE('',#6382,#6412,#6419,.T.);
#6419 = LINE('',#6420,#6421);
#6420 = CARTESIAN_POINT('',(-0.765270145251,-0.487635072626,1.1));
#6421 = VECTOR('',#6422,1.);
#6422 = DIRECTION('',(0.,1.,0.));
#6423 = ORIENTED_EDGE('',*,*,#6381,.F.);
#6424 = B_SPLINE_SURFACE_WITH_KNOTS('',1,1,(
    (#6425,#6426)
    ,(#6427,#6428
    )),.UNSPECIFIED.,.F.,.F.,.F.,(2,2),(2,2),(0.,1.035),(0.,1.),
  .PIECEWISE_BEZIER_KNOTS.);
#6425 = CARTESIAN_POINT('',(-0.825,-0.5175,0.675));
#6426 = CARTESIAN_POINT('',(-0.765270145251,-0.487635072626,1.1));
#6427 = CARTESIAN_POINT('',(-0.825,0.5175,0.675));
#6428 = CARTESIAN_POINT('',(-0.765270145251,0.487635072626,1.1));
#6429 = ADVANCED_FACE('',(#6430),#6441,.F.);
#6430 = FACE_BOUND('',#6431,.F.);
#6431 = EDGE_LOOP('',(#6432,#6433,#6439,#6440));
#6432 = ORIENTED_EDGE('',*,*,#5809,.F.);
#6433 = ORIENTED_EDGE('',*,*,#6434,.T.);
#6434 = EDGE_CURVE('',#5529,#5584,#6435,.T.);
#6435 = LINE('',#6436,#6437);
#6436 = CARTESIAN_POINT('',(-0.85,-0.175,0.675));
#6437 = VECTOR('',#6438,1.);
#6438 = DIRECTION('',(1.110223024625E-16,1.,0.));
#6439 = ORIENTED_EDGE('',*,*,#6062,.T.);
#6440 = ORIENTED_EDGE('',*,*,#6404,.F.);
#6441 = PLANE('',#6442);
#6442 = AXIS2_PLACEMENT_3D('',#6443,#6444,#6445);
#6443 = CARTESIAN_POINT('',(-0.85,-0.175,0.675));
#6444 = DIRECTION('',(0.,0.,-1.));
#6445 = DIRECTION('',(1.,-1.110223024625E-16,0.));
#6446 = ADVANCED_FACE('',(#6447),#6458,.T.);
#6447 = FACE_BOUND('',#6448,.T.);
#6448 = EDGE_LOOP('',(#6449,#6450,#6451,#6452));
#6449 = ORIENTED_EDGE('',*,*,#5955,.T.);
#6450 = ORIENTED_EDGE('',*,*,#6434,.T.);
#6451 = ORIENTED_EDGE('',*,*,#6047,.F.);
#6452 = ORIENTED_EDGE('',*,*,#6453,.F.);
#6453 = EDGE_CURVE('',#5948,#6040,#6454,.T.);
#6454 = LINE('',#6455,#6456);
#6455 = CARTESIAN_POINT('',(-1.066657705663,-0.175,0.493202599087));
#6456 = VECTOR('',#6457,1.);
#6457 = DIRECTION('',(1.110223024625E-16,1.,0.));
#6458 = CYLINDRICAL_SURFACE('',#6459,0.22);
#6459 = AXIS2_PLACEMENT_3D('',#6460,#6461,#6462);
#6460 = CARTESIAN_POINT('',(-0.85,-0.175,0.455));
#6461 = DIRECTION('',(-1.110223024625E-16,-1.,-0.));
#6462 = DIRECTION('',(-0.984807753012,1.093356242223E-16,0.173648177667)
  );
#6463 = ADVANCED_FACE('',(#6464),#6475,.F.);
#6464 = FACE_BOUND('',#6465,.F.);
#6465 = EDGE_LOOP('',(#6466,#6472,#6473,#6474));
#6466 = ORIENTED_EDGE('',*,*,#6467,.T.);
#6467 = EDGE_CURVE('',#5939,#6031,#6468,.T.);
#6468 = LINE('',#6469,#6470);
#6469 = CARTESIAN_POINT('',(-1.112500297756,-0.175,0.207844627563));
#6470 = VECTOR('',#6471,1.);
#6471 = DIRECTION('',(1.110223024625E-16,1.,0.));
#6472 = ORIENTED_EDGE('',*,*,#6039,.T.);
#6473 = ORIENTED_EDGE('',*,*,#6453,.F.);
#6474 = ORIENTED_EDGE('',*,*,#5947,.F.);
#6475 = PLANE('',#6476);
#6476 = AXIS2_PLACEMENT_3D('',#6477,#6478,#6479);
#6477 = CARTESIAN_POINT('',(-1.112500297756,-0.175,0.207844627563));
#6478 = DIRECTION('',(0.987340403298,-1.096168048884E-16,-0.158615661317
    ));
#6479 = DIRECTION('',(0.158615661317,-1.760987592604E-17,0.987340403298)
  );
#6480 = ADVANCED_FACE('',(#6481),#6492,.F.);
#6481 = FACE_BOUND('',#6482,.F.);
#6482 = EDGE_LOOP('',(#6483,#6489,#6490,#6491));
#6483 = ORIENTED_EDGE('',*,*,#6484,.T.);
#6484 = EDGE_CURVE('',#5931,#6023,#6485,.T.);
#6485 = LINE('',#6486,#6487);
#6486 = CARTESIAN_POINT('',(-1.181436840466,-0.175,0.15));
#6487 = VECTOR('',#6488,1.);
#6488 = DIRECTION('',(1.110223024625E-16,1.,0.));
#6489 = ORIENTED_EDGE('',*,*,#6030,.T.);
#6490 = ORIENTED_EDGE('',*,*,#6467,.F.);
#6491 = ORIENTED_EDGE('',*,*,#5938,.F.);
#6492 = CYLINDRICAL_SURFACE('',#6493,7.E-02);
#6493 = AXIS2_PLACEMENT_3D('',#6494,#6495,#6496);
#6494 = CARTESIAN_POINT('',(-1.181436840466,-0.175,0.22));
#6495 = DIRECTION('',(-1.110223024625E-16,-1.,0.));
#6496 = DIRECTION('',(-0.,0.,-1.));
#6497 = ADVANCED_FACE('',(#6498),#6509,.F.);
#6498 = FACE_BOUND('',#6499,.F.);
#6499 = EDGE_LOOP('',(#6500,#6506,#6507,#6508));
#6500 = ORIENTED_EDGE('',*,*,#6501,.T.);
#6501 = EDGE_CURVE('',#5923,#6015,#6502,.T.);
#6502 = LINE('',#6503,#6504);
#6503 = CARTESIAN_POINT('',(-1.25,-0.175,0.15));
#6504 = VECTOR('',#6505,1.);
#6505 = DIRECTION('',(1.110223024625E-16,1.,0.));
#6506 = ORIENTED_EDGE('',*,*,#6022,.T.);
#6507 = ORIENTED_EDGE('',*,*,#6484,.F.);
#6508 = ORIENTED_EDGE('',*,*,#5930,.F.);
#6509 = PLANE('',#6510);
#6510 = AXIS2_PLACEMENT_3D('',#6511,#6512,#6513);
#6511 = CARTESIAN_POINT('',(-1.25,-0.175,0.15));
#6512 = DIRECTION('',(0.,0.,-1.));
#6513 = DIRECTION('',(1.,-1.110223024625E-16,0.));
#6514 = ADVANCED_FACE('',(#6515),#6526,.F.);
#6515 = FACE_BOUND('',#6516,.F.);
#6516 = EDGE_LOOP('',(#6517,#6523,#6524,#6525));
#6517 = ORIENTED_EDGE('',*,*,#6518,.T.);
#6518 = EDGE_CURVE('',#5915,#6007,#6519,.T.);
#6519 = LINE('',#6520,#6521);
#6520 = CARTESIAN_POINT('',(-1.25,-0.175,-5.551115123126E-17));
#6521 = VECTOR('',#6522,1.);
#6522 = DIRECTION('',(1.110223024625E-16,1.,0.));
#6523 = ORIENTED_EDGE('',*,*,#6014,.T.);
#6524 = ORIENTED_EDGE('',*,*,#6501,.F.);
#6525 = ORIENTED_EDGE('',*,*,#5922,.F.);
#6526 = PLANE('',#6527);
#6527 = AXIS2_PLACEMENT_3D('',#6528,#6529,#6530);
#6528 = CARTESIAN_POINT('',(-1.25,-0.175,-5.551115123126E-17));
#6529 = DIRECTION('',(1.,-1.110223024625E-16,0.));
#6530 = DIRECTION('',(0.,0.,1.));
#6531 = ADVANCED_FACE('',(#6532),#6543,.F.);
#6532 = FACE_BOUND('',#6533,.F.);
#6533 = EDGE_LOOP('',(#6534,#6540,#6541,#6542));
#6534 = ORIENTED_EDGE('',*,*,#6535,.T.);
#6535 = EDGE_CURVE('',#5906,#5998,#6536,.T.);
#6536 = LINE('',#6537,#6538);
#6537 = CARTESIAN_POINT('',(-1.181436840466,-0.175,-5.551115123126E-17)
  );
#6538 = VECTOR('',#6539,1.);
#6539 = DIRECTION('',(1.110223024625E-16,1.,0.));
#6540 = ORIENTED_EDGE('',*,*,#6006,.T.);
#6541 = ORIENTED_EDGE('',*,*,#6518,.F.);
#6542 = ORIENTED_EDGE('',*,*,#5914,.F.);
#6543 = PLANE('',#6544);
#6544 = AXIS2_PLACEMENT_3D('',#6545,#6546,#6547);
#6545 = CARTESIAN_POINT('',(-1.181436840466,-0.175,-5.551115123126E-17)
  );
#6546 = DIRECTION('',(0.,0.,1.));
#6547 = DIRECTION('',(-1.,1.110223024625E-16,0.));
#6548 = ADVANCED_FACE('',(#6549),#6555,.T.);
#6549 = FACE_BOUND('',#6550,.T.);
#6550 = EDGE_LOOP('',(#6551,#6552,#6553,#6554));
#6551 = ORIENTED_EDGE('',*,*,#5905,.T.);
#6552 = ORIENTED_EDGE('',*,*,#6535,.T.);
#6553 = ORIENTED_EDGE('',*,*,#5997,.F.);
#6554 = ORIENTED_EDGE('',*,*,#5979,.F.);
#6555 = CYLINDRICAL_SURFACE('',#6556,0.22);
#6556 = AXIS2_PLACEMENT_3D('',#6557,#6558,#6559);
#6557 = CARTESIAN_POINT('',(-1.181436840466,-0.175,0.22));
#6558 = DIRECTION('',(-1.110223024625E-16,-1.,-0.));
#6559 = DIRECTION('',(0.984807753012,-1.093356242223E-16,-0.173648177667
    ));
#6560 = ADVANCED_FACE('',(#6561),#6578,.F.);
#6561 = FACE_BOUND('',#6562,.F.);
#6562 = EDGE_LOOP('',(#6563,#6564,#6571,#6577));
#6563 = ORIENTED_EDGE('',*,*,#6128,.T.);
#6564 = ORIENTED_EDGE('',*,*,#6565,.T.);
#6565 = EDGE_CURVE('',#6121,#6566,#6568,.T.);
#6566 = VERTEX_POINT('',#6567);
#6567 = CARTESIAN_POINT('',(-0.712635072626,0.540270145251,1.1));
#6568 = B_SPLINE_CURVE_WITH_KNOTS('',1,(#6569,#6570),.UNSPECIFIED.,.F.,
  .F.,(2,2),(0.,1.),.PIECEWISE_BEZIER_KNOTS.);
#6569 = CARTESIAN_POINT('',(-0.7425,0.6,0.675));
#6570 = CARTESIAN_POINT('',(-0.712635072626,0.540270145251,1.1));
#6571 = ORIENTED_EDGE('',*,*,#6572,.F.);
#6572 = EDGE_CURVE('',#6412,#6566,#6573,.T.);
#6573 = LINE('',#6574,#6575);
#6574 = CARTESIAN_POINT('',(-0.765270145251,0.487635072626,1.1));
#6575 = VECTOR('',#6576,1.);
#6576 = DIRECTION('',(0.707106781187,0.707106781187,0.));
#6577 = ORIENTED_EDGE('',*,*,#6411,.F.);
#6578 = B_SPLINE_SURFACE_WITH_KNOTS('',1,1,(
    (#6579,#6580)
    ,(#6581,#6582
    )),.UNSPECIFIED.,.F.,.F.,.F.,(2,2),(2,2),(0.,0.116672618896),(0.,1.)
  ,.PIECEWISE_BEZIER_KNOTS.);
#6579 = CARTESIAN_POINT('',(-0.825,0.5175,0.675));
#6580 = CARTESIAN_POINT('',(-0.765270145251,0.487635072626,1.1));
#6581 = CARTESIAN_POINT('',(-0.7425,0.6,0.675));
#6582 = CARTESIAN_POINT('',(-0.712635072626,0.540270145251,1.1));
#6583 = ADVANCED_FACE('',(#6584),#6601,.F.);
#6584 = FACE_BOUND('',#6585,.F.);
#6585 = EDGE_LOOP('',(#6586,#6587,#6594,#6600));
#6586 = ORIENTED_EDGE('',*,*,#6120,.T.);
#6587 = ORIENTED_EDGE('',*,*,#6588,.T.);
#6588 = EDGE_CURVE('',#6113,#6589,#6591,.T.);
#6589 = VERTEX_POINT('',#6590);
#6590 = CARTESIAN_POINT('',(0.712635072626,0.540270145251,1.1));
#6591 = B_SPLINE_CURVE_WITH_KNOTS('',1,(#6592,#6593),.UNSPECIFIED.,.F.,
  .F.,(2,2),(0.,1.),.PIECEWISE_BEZIER_KNOTS.);
#6592 = CARTESIAN_POINT('',(0.7425,0.6,0.675));
#6593 = CARTESIAN_POINT('',(0.712635072626,0.540270145251,1.1));
#6594 = ORIENTED_EDGE('',*,*,#6595,.F.);
#6595 = EDGE_CURVE('',#6566,#6589,#6596,.T.);
#6596 = LINE('',#6597,#6598);
#6597 = CARTESIAN_POINT('',(-0.712635072626,0.540270145251,1.1));
#6598 = VECTOR('',#6599,1.);
#6599 = DIRECTION('',(1.,0.,0.));
#6600 = ORIENTED_EDGE('',*,*,#6565,.F.);
#6601 = B_SPLINE_SURFACE_WITH_KNOTS('',1,1,(
    (#6602,#6603)
    ,(#6604,#6605
    )),.UNSPECIFIED.,.F.,.F.,.F.,(2,2),(2,2),(0.,1.485),(0.,1.),
  .PIECEWISE_BEZIER_KNOTS.);
#6602 = CARTESIAN_POINT('',(-0.7425,0.6,0.675));
#6603 = CARTESIAN_POINT('',(-0.712635072626,0.540270145251,1.1));
#6604 = CARTESIAN_POINT('',(0.7425,0.6,0.675));
#6605 = CARTESIAN_POINT('',(0.712635072626,0.540270145251,1.1));
#6606 = ADVANCED_FACE('',(#6607),#6618,.F.);
#6607 = FACE_BOUND('',#6608,.F.);
#6608 = EDGE_LOOP('',(#6609,#6610,#6611,#6617));
#6609 = ORIENTED_EDGE('',*,*,#6112,.T.);
#6610 = ORIENTED_EDGE('',*,*,#6321,.T.);
#6611 = ORIENTED_EDGE('',*,*,#6612,.F.);
#6612 = EDGE_CURVE('',#6589,#6314,#6613,.T.);
#6613 = LINE('',#6614,#6615);
#6614 = CARTESIAN_POINT('',(0.712635072626,0.540270145251,1.1));
#6615 = VECTOR('',#6616,1.);
#6616 = DIRECTION('',(0.707106781187,-0.707106781187,0.));
#6617 = ORIENTED_EDGE('',*,*,#6588,.F.);
#6618 = B_SPLINE_SURFACE_WITH_KNOTS('',1,1,(
    (#6619,#6620)
    ,(#6621,#6622
    )),.UNSPECIFIED.,.F.,.F.,.F.,(2,2),(2,2),(0.,0.116672618896),(0.,1.)
  ,.PIECEWISE_BEZIER_KNOTS.);
#6619 = CARTESIAN_POINT('',(0.7425,0.6,0.675));
#6620 = CARTESIAN_POINT('',(0.712635072626,0.540270145251,1.1));
#6621 = CARTESIAN_POINT('',(0.825,0.5175,0.675));
#6622 = CARTESIAN_POINT('',(0.765270145251,0.487635072626,1.1));
#6623 = ADVANCED_FACE('',(#6624),#6693,.F.);
#6624 = FACE_BOUND('',#6625,.F.);
#6625 = EDGE_LOOP('',(#6626,#6627,#6628,#6636,#6645,#6653,#6661,#6669,
    #6678,#6686));
#6626 = ORIENTED_EDGE('',*,*,#6216,.F.);
#6627 = ORIENTED_EDGE('',*,*,#6249,.T.);
#6628 = ORIENTED_EDGE('',*,*,#6629,.T.);
#6629 = EDGE_CURVE('',#6242,#6630,#6632,.T.);
#6630 = VERTEX_POINT('',#6631);
#6631 = CARTESIAN_POINT('',(0.964779134804,0.175,0.181797400913));
#6632 = LINE('',#6633,#6634);
#6633 = CARTESIAN_POINT('',(0.918936542711,0.175,0.467155372437));
#6634 = VECTOR('',#6635,1.);
#6635 = DIRECTION('',(0.158615661317,-3.521975185208E-17,-0.987340403298
    ));
#6636 = ORIENTED_EDGE('',*,*,#6637,.T.);
#6637 = EDGE_CURVE('',#6630,#6638,#6640,.T.);
#6638 = VERTEX_POINT('',#6639);
#6639 = CARTESIAN_POINT('',(1.181436840466,0.175,-5.551115123126E-17));
#6640 = CIRCLE('',#6641,0.22);
#6641 = AXIS2_PLACEMENT_3D('',#6642,#6643,#6644);
#6642 = CARTESIAN_POINT('',(1.181436840466,0.175,0.22));
#6643 = DIRECTION('',(-2.22044604925E-16,-1.,0.));
#6644 = DIRECTION('',(-0.984807753012,2.186712484447E-16,-0.173648177667
    ));
#6645 = ORIENTED_EDGE('',*,*,#6646,.T.);
#6646 = EDGE_CURVE('',#6638,#6647,#6649,.T.);
#6647 = VERTEX_POINT('',#6648);
#6648 = CARTESIAN_POINT('',(1.25,0.175,-5.551115123126E-17));
#6649 = LINE('',#6650,#6651);
#6650 = CARTESIAN_POINT('',(1.181436840466,0.175,-5.551115123126E-17));
#6651 = VECTOR('',#6652,1.);
#6652 = DIRECTION('',(1.,-2.22044604925E-16,0.));
#6653 = ORIENTED_EDGE('',*,*,#6654,.T.);
#6654 = EDGE_CURVE('',#6647,#6655,#6657,.T.);
#6655 = VERTEX_POINT('',#6656);
#6656 = CARTESIAN_POINT('',(1.25,0.175,0.15));
#6657 = LINE('',#6658,#6659);
#6658 = CARTESIAN_POINT('',(1.25,0.175,-5.551115123126E-17));
#6659 = VECTOR('',#6660,1.);
#6660 = DIRECTION('',(0.,0.,1.));
#6661 = ORIENTED_EDGE('',*,*,#6662,.T.);
#6662 = EDGE_CURVE('',#6655,#6663,#6665,.T.);
#6663 = VERTEX_POINT('',#6664);
#6664 = CARTESIAN_POINT('',(1.181436840466,0.175,0.15));
#6665 = LINE('',#6666,#6667);
#6666 = CARTESIAN_POINT('',(1.25,0.175,0.15));
#6667 = VECTOR('',#6668,1.);
#6668 = DIRECTION('',(-1.,2.22044604925E-16,0.));
#6669 = ORIENTED_EDGE('',*,*,#6670,.T.);
#6670 = EDGE_CURVE('',#6663,#6671,#6673,.T.);
#6671 = VERTEX_POINT('',#6672);
#6672 = CARTESIAN_POINT('',(1.112500297756,0.175,0.207844627563));
#6673 = CIRCLE('',#6674,7.E-02);
#6674 = AXIS2_PLACEMENT_3D('',#6675,#6676,#6677);
#6675 = CARTESIAN_POINT('',(1.181436840466,0.175,0.22));
#6676 = DIRECTION('',(2.22044604925E-16,1.,0.));
#6677 = DIRECTION('',(0.,0.,-1.));
#6678 = ORIENTED_EDGE('',*,*,#6679,.T.);
#6679 = EDGE_CURVE('',#6671,#6680,#6682,.T.);
#6680 = VERTEX_POINT('',#6681);
#6681 = CARTESIAN_POINT('',(1.066657705663,0.175,0.493202599087));
#6682 = LINE('',#6683,#6684);
#6683 = CARTESIAN_POINT('',(1.112500297756,0.175,0.207844627563));
#6684 = VECTOR('',#6685,1.);
#6685 = DIRECTION('',(-0.158615661317,3.521975185208E-17,0.987340403298)
  );
#6686 = ORIENTED_EDGE('',*,*,#6687,.T.);
#6687 = EDGE_CURVE('',#6680,#6089,#6688,.T.);
#6688 = CIRCLE('',#6689,0.22);
#6689 = AXIS2_PLACEMENT_3D('',#6690,#6691,#6692);
#6690 = CARTESIAN_POINT('',(0.85,0.175,0.455));
#6691 = DIRECTION('',(-2.22044604925E-16,-1.,0.));
#6692 = DIRECTION('',(0.984807753012,-2.186712484447E-16,0.173648177667)
  );
#6693 = PLANE('',#6694);
#6694 = AXIS2_PLACEMENT_3D('',#6695,#6696,#6697);
#6695 = CARTESIAN_POINT('',(1.021526355437,0.175,0.332418056697));
#6696 = DIRECTION('',(-2.22044604925E-16,-1.,0.));
#6697 = DIRECTION('',(0.,0.,1.));
#6698 = ADVANCED_FACE('',(#6699),#6717,.F.);
#6699 = FACE_BOUND('',#6700,.F.);
#6700 = EDGE_LOOP('',(#6701,#6702,#6710,#6716));
#6701 = ORIENTED_EDGE('',*,*,#6241,.T.);
#6702 = ORIENTED_EDGE('',*,*,#6703,.T.);
#6703 = EDGE_CURVE('',#6233,#6704,#6706,.T.);
#6704 = VERTEX_POINT('',#6705);
#6705 = CARTESIAN_POINT('',(0.964779134804,-0.175,0.181797400913));
#6706 = LINE('',#6707,#6708);
#6707 = CARTESIAN_POINT('',(0.918936542711,-0.175,0.467155372437));
#6708 = VECTOR('',#6709,1.);
#6709 = DIRECTION('',(0.158615661317,-3.521975185208E-17,-0.987340403298
    ));
#6710 = ORIENTED_EDGE('',*,*,#6711,.F.);
#6711 = EDGE_CURVE('',#6630,#6704,#6712,.T.);
#6712 = LINE('',#6713,#6714);
#6713 = CARTESIAN_POINT('',(0.964779134804,0.175,0.181797400913));
#6714 = VECTOR('',#6715,1.);
#6715 = DIRECTION('',(-2.22044604925E-16,-1.,0.));
#6716 = ORIENTED_EDGE('',*,*,#6629,.F.);
#6717 = PLANE('',#6718);
#6718 = AXIS2_PLACEMENT_3D('',#6719,#6720,#6721);
#6719 = CARTESIAN_POINT('',(0.918936542711,0.175,0.467155372437));
#6720 = DIRECTION('',(0.987340403298,-2.192336097769E-16,0.158615661317)
  );
#6721 = DIRECTION('',(0.158615661317,-3.521975185208E-17,-0.987340403298
    ));
#6722 = ADVANCED_FACE('',(#6723),#6785,.T.);
#6723 = FACE_BOUND('',#6724,.T.);
#6724 = EDGE_LOOP('',(#6725,#6726,#6727,#6728,#6737,#6745,#6753,#6761,
    #6770,#6778));
#6725 = ORIENTED_EDGE('',*,*,#6264,.F.);
#6726 = ORIENTED_EDGE('',*,*,#6232,.T.);
#6727 = ORIENTED_EDGE('',*,*,#6703,.T.);
#6728 = ORIENTED_EDGE('',*,*,#6729,.T.);
#6729 = EDGE_CURVE('',#6704,#6730,#6732,.T.);
#6730 = VERTEX_POINT('',#6731);
#6731 = CARTESIAN_POINT('',(1.181436840466,-0.175,-5.551115123126E-17));
#6732 = CIRCLE('',#6733,0.22);
#6733 = AXIS2_PLACEMENT_3D('',#6734,#6735,#6736);
#6734 = CARTESIAN_POINT('',(1.181436840466,-0.175,0.22));
#6735 = DIRECTION('',(-2.22044604925E-16,-1.,0.));
#6736 = DIRECTION('',(-0.984807753012,2.186712484447E-16,-0.173648177667
    ));
#6737 = ORIENTED_EDGE('',*,*,#6738,.T.);
#6738 = EDGE_CURVE('',#6730,#6739,#6741,.T.);
#6739 = VERTEX_POINT('',#6740);
#6740 = CARTESIAN_POINT('',(1.25,-0.175,-5.551115123126E-17));
#6741 = LINE('',#6742,#6743);
#6742 = CARTESIAN_POINT('',(1.181436840466,-0.175,-5.551115123126E-17));
#6743 = VECTOR('',#6744,1.);
#6744 = DIRECTION('',(1.,-2.22044604925E-16,0.));
#6745 = ORIENTED_EDGE('',*,*,#6746,.T.);
#6746 = EDGE_CURVE('',#6739,#6747,#6749,.T.);
#6747 = VERTEX_POINT('',#6748);
#6748 = CARTESIAN_POINT('',(1.25,-0.175,0.15));
#6749 = LINE('',#6750,#6751);
#6750 = CARTESIAN_POINT('',(1.25,-0.175,-5.551115123126E-17));
#6751 = VECTOR('',#6752,1.);
#6752 = DIRECTION('',(0.,0.,1.));
#6753 = ORIENTED_EDGE('',*,*,#6754,.T.);
#6754 = EDGE_CURVE('',#6747,#6755,#6757,.T.);
#6755 = VERTEX_POINT('',#6756);
#6756 = CARTESIAN_POINT('',(1.181436840466,-0.175,0.15));
#6757 = LINE('',#6758,#6759);
#6758 = CARTESIAN_POINT('',(1.25,-0.175,0.15));
#6759 = VECTOR('',#6760,1.);
#6760 = DIRECTION('',(-1.,2.22044604925E-16,0.));
#6761 = ORIENTED_EDGE('',*,*,#6762,.T.);
#6762 = EDGE_CURVE('',#6755,#6763,#6765,.T.);
#6763 = VERTEX_POINT('',#6764);
#6764 = CARTESIAN_POINT('',(1.112500297756,-0.175,0.207844627563));
#6765 = CIRCLE('',#6766,7.E-02);
#6766 = AXIS2_PLACEMENT_3D('',#6767,#6768,#6769);
#6767 = CARTESIAN_POINT('',(1.181436840466,-0.175,0.22));
#6768 = DIRECTION('',(2.22044604925E-16,1.,0.));
#6769 = DIRECTION('',(0.,0.,-1.));
#6770 = ORIENTED_EDGE('',*,*,#6771,.T.);
#6771 = EDGE_CURVE('',#6763,#6772,#6774,.T.);
#6772 = VERTEX_POINT('',#6773);
#6773 = CARTESIAN_POINT('',(1.066657705663,-0.175,0.493202599087));
#6774 = LINE('',#6775,#6776);
#6775 = CARTESIAN_POINT('',(1.112500297756,-0.175,0.207844627563));
#6776 = VECTOR('',#6777,1.);
#6777 = DIRECTION('',(-0.158615661317,3.521975185208E-17,0.987340403298)
  );
#6778 = ORIENTED_EDGE('',*,*,#6779,.T.);
#6779 = EDGE_CURVE('',#6772,#5858,#6780,.T.);
#6780 = CIRCLE('',#6781,0.22);
#6781 = AXIS2_PLACEMENT_3D('',#6782,#6783,#6784);
#6782 = CARTESIAN_POINT('',(0.85,-0.175,0.455));
#6783 = DIRECTION('',(-2.22044604925E-16,-1.,0.));
#6784 = DIRECTION('',(0.984807753012,-2.186712484447E-16,0.173648177667)
  );
#6785 = PLANE('',#6786);
#6786 = AXIS2_PLACEMENT_3D('',#6787,#6788,#6789);
#6787 = CARTESIAN_POINT('',(1.021526355437,-0.175,0.332418056697));
#6788 = DIRECTION('',(-2.22044604925E-16,-1.,0.));
#6789 = DIRECTION('',(0.,0.,1.));
#6790 = ADVANCED_FACE('',(#6791),#6802,.T.);
#6791 = FACE_BOUND('',#6792,.T.);
#6792 = EDGE_LOOP('',(#6793,#6794,#6795,#6796));
#6793 = ORIENTED_EDGE('',*,*,#6687,.T.);
#6794 = ORIENTED_EDGE('',*,*,#6282,.T.);
#6795 = ORIENTED_EDGE('',*,*,#6779,.F.);
#6796 = ORIENTED_EDGE('',*,*,#6797,.F.);
#6797 = EDGE_CURVE('',#6680,#6772,#6798,.T.);
#6798 = LINE('',#6799,#6800);
#6799 = CARTESIAN_POINT('',(1.066657705663,0.175,0.493202599087));
#6800 = VECTOR('',#6801,1.);
#6801 = DIRECTION('',(-2.22044604925E-16,-1.,0.));
#6802 = CYLINDRICAL_SURFACE('',#6803,0.22);
#6803 = AXIS2_PLACEMENT_3D('',#6804,#6805,#6806);
#6804 = CARTESIAN_POINT('',(0.85,0.175,0.455));
#6805 = DIRECTION('',(2.22044604925E-16,1.,0.));
#6806 = DIRECTION('',(0.984807753012,-2.186712484447E-16,0.173648177667)
  );
#6807 = ADVANCED_FACE('',(#6808,#6818),#6852,.T.);
#6808 = FACE_BOUND('',#6809,.T.);
#6809 = EDGE_LOOP('',(#6810,#6811,#6812,#6813,#6814,#6815,#6816,#6817));
#6810 = ORIENTED_EDGE('',*,*,#6418,.F.);
#6811 = ORIENTED_EDGE('',*,*,#6388,.F.);
#6812 = ORIENTED_EDGE('',*,*,#6365,.F.);
#6813 = ORIENTED_EDGE('',*,*,#6342,.F.);
#6814 = ORIENTED_EDGE('',*,*,#6313,.F.);
#6815 = ORIENTED_EDGE('',*,*,#6612,.F.);
#6816 = ORIENTED_EDGE('',*,*,#6595,.F.);
#6817 = ORIENTED_EDGE('',*,*,#6572,.F.);
#6818 = FACE_BOUND('',#6819,.T.);
#6819 = EDGE_LOOP('',(#6820,#6830,#6838,#6846));
#6820 = ORIENTED_EDGE('',*,*,#6821,.T.);
#6821 = EDGE_CURVE('',#6822,#6824,#6826,.T.);
#6822 = VERTEX_POINT('',#6823);
#6823 = CARTESIAN_POINT('',(-0.315270145251,-0.490270145251,1.1));
#6824 = VERTEX_POINT('',#6825);
#6825 = CARTESIAN_POINT('',(-0.715270145251,-0.490270145251,1.1));
#6826 = LINE('',#6827,#6828);
#6827 = CARTESIAN_POINT('',(-0.740270145251,-0.490270145251,1.1));
#6828 = VECTOR('',#6829,1.);
#6829 = DIRECTION('',(-1.,0.,0.));
#6830 = ORIENTED_EDGE('',*,*,#6831,.T.);
#6831 = EDGE_CURVE('',#6824,#6832,#6834,.T.);
#6832 = VERTEX_POINT('',#6833);
#6833 = CARTESIAN_POINT('',(-0.715270145251,0.490270145251,1.1));
#6834 = LINE('',#6835,#6836);
#6835 = CARTESIAN_POINT('',(-0.715270145251,-0.488952608939,1.1));
#6836 = VECTOR('',#6837,1.);
#6837 = DIRECTION('',(0.,1.,0.));
#6838 = ORIENTED_EDGE('',*,*,#6839,.F.);
#6839 = EDGE_CURVE('',#6840,#6832,#6842,.T.);
#6840 = VERTEX_POINT('',#6841);
#6841 = CARTESIAN_POINT('',(-0.315270145251,0.490270145251,1.1));
#6842 = LINE('',#6843,#6844);
#6843 = CARTESIAN_POINT('',(-0.740270145251,0.490270145251,1.1));
#6844 = VECTOR('',#6845,1.);
#6845 = DIRECTION('',(-1.,0.,0.));
#6846 = ORIENTED_EDGE('',*,*,#6847,.F.);
#6847 = EDGE_CURVE('',#6822,#6840,#6848,.T.);
#6848 = LINE('',#6849,#6850);
#6849 = CARTESIAN_POINT('',(-0.315270145251,-0.488952608939,1.1));
#6850 = VECTOR('',#6851,1.);
#6851 = DIRECTION('',(0.,1.,0.));
#6852 = PLANE('',#6853);
#6853 = AXIS2_PLACEMENT_3D('',#6854,#6855,#6856);
#6854 = CARTESIAN_POINT('',(-0.765270145251,-0.487635072626,1.1));
#6855 = DIRECTION('',(0.,0.,1.));
#6856 = DIRECTION('',(0.84333939541,0.537381302382,-0.));
#6857 = ADVANCED_FACE('',(#6858),#6869,.F.);
#6858 = FACE_BOUND('',#6859,.F.);
#6859 = EDGE_LOOP('',(#6860,#6866,#6867,#6868));
#6860 = ORIENTED_EDGE('',*,*,#6861,.T.);
#6861 = EDGE_CURVE('',#6671,#6763,#6862,.T.);
#6862 = LINE('',#6863,#6864);
#6863 = CARTESIAN_POINT('',(1.112500297756,0.175,0.207844627563));
#6864 = VECTOR('',#6865,1.);
#6865 = DIRECTION('',(-2.22044604925E-16,-1.,0.));
#6866 = ORIENTED_EDGE('',*,*,#6771,.T.);
#6867 = ORIENTED_EDGE('',*,*,#6797,.F.);
#6868 = ORIENTED_EDGE('',*,*,#6679,.F.);
#6869 = PLANE('',#6870);
#6870 = AXIS2_PLACEMENT_3D('',#6871,#6872,#6873);
#6871 = CARTESIAN_POINT('',(1.112500297756,0.175,0.207844627563));
#6872 = DIRECTION('',(-0.987340403298,2.192336097769E-16,-0.158615661317
    ));
#6873 = DIRECTION('',(-0.158615661317,3.521975185208E-17,0.987340403298)
  );
#6874 = ADVANCED_FACE('',(#6875),#6886,.F.);
#6875 = FACE_BOUND('',#6876,.F.);
#6876 = EDGE_LOOP('',(#6877,#6883,#6884,#6885));
#6877 = ORIENTED_EDGE('',*,*,#6878,.T.);
#6878 = EDGE_CURVE('',#6663,#6755,#6879,.T.);
#6879 = LINE('',#6880,#6881);
#6880 = CARTESIAN_POINT('',(1.181436840466,0.175,0.15));
#6881 = VECTOR('',#6882,1.);
#6882 = DIRECTION('',(-2.22044604925E-16,-1.,0.));
#6883 = ORIENTED_EDGE('',*,*,#6762,.T.);
#6884 = ORIENTED_EDGE('',*,*,#6861,.F.);
#6885 = ORIENTED_EDGE('',*,*,#6670,.F.);
#6886 = CYLINDRICAL_SURFACE('',#6887,7.E-02);
#6887 = AXIS2_PLACEMENT_3D('',#6888,#6889,#6890);
#6888 = CARTESIAN_POINT('',(1.181436840466,0.175,0.22));
#6889 = DIRECTION('',(2.22044604925E-16,1.,0.));
#6890 = DIRECTION('',(0.,0.,-1.));
#6891 = ADVANCED_FACE('',(#6892),#6903,.F.);
#6892 = FACE_BOUND('',#6893,.F.);
#6893 = EDGE_LOOP('',(#6894,#6900,#6901,#6902));
#6894 = ORIENTED_EDGE('',*,*,#6895,.T.);
#6895 = EDGE_CURVE('',#6655,#6747,#6896,.T.);
#6896 = LINE('',#6897,#6898);
#6897 = CARTESIAN_POINT('',(1.25,0.175,0.15));
#6898 = VECTOR('',#6899,1.);
#6899 = DIRECTION('',(-2.22044604925E-16,-1.,0.));
#6900 = ORIENTED_EDGE('',*,*,#6754,.T.);
#6901 = ORIENTED_EDGE('',*,*,#6878,.F.);
#6902 = ORIENTED_EDGE('',*,*,#6662,.F.);
#6903 = PLANE('',#6904);
#6904 = AXIS2_PLACEMENT_3D('',#6905,#6906,#6907);
#6905 = CARTESIAN_POINT('',(1.25,0.175,0.15));
#6906 = DIRECTION('',(0.,0.,-1.));
#6907 = DIRECTION('',(-1.,2.22044604925E-16,0.));
#6908 = ADVANCED_FACE('',(#6909),#6920,.F.);
#6909 = FACE_BOUND('',#6910,.F.);
#6910 = EDGE_LOOP('',(#6911,#6917,#6918,#6919));
#6911 = ORIENTED_EDGE('',*,*,#6912,.T.);
#6912 = EDGE_CURVE('',#6647,#6739,#6913,.T.);
#6913 = LINE('',#6914,#6915);
#6914 = CARTESIAN_POINT('',(1.25,0.175,-5.551115123126E-17));
#6915 = VECTOR('',#6916,1.);
#6916 = DIRECTION('',(-2.22044604925E-16,-1.,0.));
#6917 = ORIENTED_EDGE('',*,*,#6746,.T.);
#6918 = ORIENTED_EDGE('',*,*,#6895,.F.);
#6919 = ORIENTED_EDGE('',*,*,#6654,.F.);
#6920 = PLANE('',#6921);
#6921 = AXIS2_PLACEMENT_3D('',#6922,#6923,#6924);
#6922 = CARTESIAN_POINT('',(1.25,0.175,-5.551115123126E-17));
#6923 = DIRECTION('',(-1.,2.22044604925E-16,0.));
#6924 = DIRECTION('',(0.,0.,1.));
#6925 = ADVANCED_FACE('',(#6926),#6937,.F.);
#6926 = FACE_BOUND('',#6927,.F.);
#6927 = EDGE_LOOP('',(#6928,#6934,#6935,#6936));
#6928 = ORIENTED_EDGE('',*,*,#6929,.T.);
#6929 = EDGE_CURVE('',#6638,#6730,#6930,.T.);
#6930 = LINE('',#6931,#6932);
#6931 = CARTESIAN_POINT('',(1.181436840466,0.175,-5.551115123126E-17));
#6932 = VECTOR('',#6933,1.);
#6933 = DIRECTION('',(-2.22044604925E-16,-1.,0.));
#6934 = ORIENTED_EDGE('',*,*,#6738,.T.);
#6935 = ORIENTED_EDGE('',*,*,#6912,.F.);
#6936 = ORIENTED_EDGE('',*,*,#6646,.F.);
#6937 = PLANE('',#6938);
#6938 = AXIS2_PLACEMENT_3D('',#6939,#6940,#6941);
#6939 = CARTESIAN_POINT('',(1.181436840466,0.175,-5.551115123126E-17));
#6940 = DIRECTION('',(0.,0.,1.));
#6941 = DIRECTION('',(1.,-2.22044604925E-16,0.));
#6942 = ADVANCED_FACE('',(#6943),#6949,.T.);
#6943 = FACE_BOUND('',#6944,.T.);
#6944 = EDGE_LOOP('',(#6945,#6946,#6947,#6948));
#6945 = ORIENTED_EDGE('',*,*,#6637,.T.);
#6946 = ORIENTED_EDGE('',*,*,#6929,.T.);
#6947 = ORIENTED_EDGE('',*,*,#6729,.F.);
#6948 = ORIENTED_EDGE('',*,*,#6711,.F.);
#6949 = CYLINDRICAL_SURFACE('',#6950,0.22);
#6950 = AXIS2_PLACEMENT_3D('',#6951,#6952,#6953);
#6951 = CARTESIAN_POINT('',(1.181436840466,0.175,0.22));
#6952 = DIRECTION('',(2.22044604925E-16,1.,0.));
#6953 = DIRECTION('',(-0.984807753012,2.186712484447E-16,-0.173648177667
    ));
#6954 = ADVANCED_FACE('',(#6955),#6980,.F.);
#6955 = FACE_BOUND('',#6956,.F.);
#6956 = EDGE_LOOP('',(#6957,#6958,#6966,#6974));
#6957 = ORIENTED_EDGE('',*,*,#6821,.T.);
#6958 = ORIENTED_EDGE('',*,*,#6959,.T.);
#6959 = EDGE_CURVE('',#6824,#6960,#6962,.T.);
#6960 = VERTEX_POINT('',#6961);
#6961 = CARTESIAN_POINT('',(-0.715270145251,-0.490270145251,1.11));
#6962 = LINE('',#6963,#6964);
#6963 = CARTESIAN_POINT('',(-0.715270145251,-0.490270145251,1.09));
#6964 = VECTOR('',#6965,1.);
#6965 = DIRECTION('',(0.,0.,1.));
#6966 = ORIENTED_EDGE('',*,*,#6967,.T.);
#6967 = EDGE_CURVE('',#6960,#6968,#6970,.T.);
#6968 = VERTEX_POINT('',#6969);
#6969 = CARTESIAN_POINT('',(-0.315270145251,-0.490270145251,1.11));
#6970 = LINE('',#6971,#6972);
#6971 = CARTESIAN_POINT('',(-0.715270145251,-0.490270145251,1.11));
#6972 = VECTOR('',#6973,1.);
#6973 = DIRECTION('',(1.,0.,0.));
#6974 = ORIENTED_EDGE('',*,*,#6975,.F.);
#6975 = EDGE_CURVE('',#6822,#6968,#6976,.T.);
#6976 = LINE('',#6977,#6978);
#6977 = CARTESIAN_POINT('',(-0.315270145251,-0.490270145251,1.09));
#6978 = VECTOR('',#6979,1.);
#6979 = DIRECTION('',(0.,0.,1.));
#6980 = PLANE('',#6981);
#6981 = AXIS2_PLACEMENT_3D('',#6982,#6983,#6984);
#6982 = CARTESIAN_POINT('',(-0.715270145251,-0.490270145251,1.09));
#6983 = DIRECTION('',(0.,1.,0.));
#6984 = DIRECTION('',(0.,-0.,1.));
#6985 = ADVANCED_FACE('',(#6986),#7004,.T.);
#6986 = FACE_BOUND('',#6987,.T.);
#6987 = EDGE_LOOP('',(#6988,#6989,#6990,#6998));
#6988 = ORIENTED_EDGE('',*,*,#6975,.F.);
#6989 = ORIENTED_EDGE('',*,*,#6847,.T.);
#6990 = ORIENTED_EDGE('',*,*,#6991,.T.);
#6991 = EDGE_CURVE('',#6840,#6992,#6994,.T.);
#6992 = VERTEX_POINT('',#6993);
#6993 = CARTESIAN_POINT('',(-0.315270145251,0.490270145251,1.11));
#6994 = LINE('',#6995,#6996);
#6995 = CARTESIAN_POINT('',(-0.315270145251,0.490270145251,1.09));
#6996 = VECTOR('',#6997,1.);
#6997 = DIRECTION('',(0.,0.,1.));
#6998 = ORIENTED_EDGE('',*,*,#6999,.F.);
#6999 = EDGE_CURVE('',#6968,#6992,#7000,.T.);
#7000 = LINE('',#7001,#7002);
#7001 = CARTESIAN_POINT('',(-0.315270145251,-0.490270145251,1.11));
#7002 = VECTOR('',#7003,1.);
#7003 = DIRECTION('',(0.,1.,0.));
#7004 = PLANE('',#7005);
#7005 = AXIS2_PLACEMENT_3D('',#7006,#7007,#7008);
#7006 = CARTESIAN_POINT('',(-0.315270145251,-0.490270145251,1.09));
#7007 = DIRECTION('',(1.,0.,0.));
#7008 = DIRECTION('',(0.,0.,1.));
#7009 = ADVANCED_FACE('',(#7010),#7028,.T.);
#7010 = FACE_BOUND('',#7011,.T.);
#7011 = EDGE_LOOP('',(#7012,#7013,#7021,#7027));
#7012 = ORIENTED_EDGE('',*,*,#6839,.T.);
#7013 = ORIENTED_EDGE('',*,*,#7014,.T.);
#7014 = EDGE_CURVE('',#6832,#7015,#7017,.T.);
#7015 = VERTEX_POINT('',#7016);
#7016 = CARTESIAN_POINT('',(-0.715270145251,0.490270145251,1.11));
#7017 = LINE('',#7018,#7019);
#7018 = CARTESIAN_POINT('',(-0.715270145251,0.490270145251,1.09));
#7019 = VECTOR('',#7020,1.);
#7020 = DIRECTION('',(0.,0.,1.));
#7021 = ORIENTED_EDGE('',*,*,#7022,.T.);
#7022 = EDGE_CURVE('',#7015,#6992,#7023,.T.);
#7023 = LINE('',#7024,#7025);
#7024 = CARTESIAN_POINT('',(-0.715270145251,0.490270145251,1.11));
#7025 = VECTOR('',#7026,1.);
#7026 = DIRECTION('',(1.,0.,0.));
#7027 = ORIENTED_EDGE('',*,*,#6991,.F.);
#7028 = PLANE('',#7029);
#7029 = AXIS2_PLACEMENT_3D('',#7030,#7031,#7032);
#7030 = CARTESIAN_POINT('',(-0.715270145251,0.490270145251,1.09));
#7031 = DIRECTION('',(0.,1.,0.));
#7032 = DIRECTION('',(0.,-0.,1.));
#7033 = ADVANCED_FACE('',(#7034),#7045,.F.);
#7034 = FACE_BOUND('',#7035,.F.);
#7035 = EDGE_LOOP('',(#7036,#7037,#7038,#7039));
#7036 = ORIENTED_EDGE('',*,*,#6959,.F.);
#7037 = ORIENTED_EDGE('',*,*,#6831,.T.);
#7038 = ORIENTED_EDGE('',*,*,#7014,.T.);
#7039 = ORIENTED_EDGE('',*,*,#7040,.F.);
#7040 = EDGE_CURVE('',#6960,#7015,#7041,.T.);
#7041 = LINE('',#7042,#7043);
#7042 = CARTESIAN_POINT('',(-0.715270145251,-0.490270145251,1.11));
#7043 = VECTOR('',#7044,1.);
#7044 = DIRECTION('',(0.,1.,0.));
#7045 = PLANE('',#7046);
#7046 = AXIS2_PLACEMENT_3D('',#7047,#7048,#7049);
#7047 = CARTESIAN_POINT('',(-0.715270145251,-0.490270145251,1.09));
#7048 = DIRECTION('',(1.,0.,0.));
#7049 = DIRECTION('',(0.,0.,1.));
#7050 = ADVANCED_FACE('',(#7051),#7057,.T.);
#7051 = FACE_BOUND('',#7052,.T.);
#7052 = EDGE_LOOP('',(#7053,#7054,#7055,#7056));
#7053 = ORIENTED_EDGE('',*,*,#7040,.F.);
#7054 = ORIENTED_EDGE('',*,*,#6967,.T.);
#7055 = ORIENTED_EDGE('',*,*,#6999,.T.);
#7056 = ORIENTED_EDGE('',*,*,#7022,.F.);
#7057 = PLANE('',#7058);
#7058 = AXIS2_PLACEMENT_3D('',#7059,#7060,#7061);
#7059 = CARTESIAN_POINT('',(-0.715270145251,-0.490270145251,1.11));
#7060 = DIRECTION('',(0.,0.,1.));
#7061 = DIRECTION('',(1.,0.,-0.));
#7062 = ( GEOMETRIC_REPRESENTATION_CONTEXT(3) 
GLOBAL_UNCERTAINTY_ASSIGNED_CONTEXT((#7066)) 
GLOBAL_UNIT_ASSIGNED_CONTEXT((#7063,#7064,#7065)) REPRESENTATION_CONTEXT
('Context #1','3D Context with UNIT and UNCERTAINTY') );
#7063 = ( LENGTH_UNIT() NAMED_UNIT(*) SI_UNIT(.MILLI.,.METRE.) );
#7064 = ( NAMED_UNIT(*) PLANE_ANGLE_UNIT() SI_UNIT($,.RADIAN.) );
#7065 = ( NAMED_UNIT(*) SI_UNIT($,.STERADIAN.) SOLID_ANGLE_UNIT() );
#7066 = UNCERTAINTY_MEASURE_WITH_UNIT(LENGTH_MEASURE(1.E-07),#7063,
  'distance_accuracy_value','confusion accuracy');
#7067 = CONTEXT_DEPENDENT_SHAPE_REPRESENTATION(#7068,#7070);
#7068 = ( REPRESENTATION_RELATIONSHIP('','',#5373,#10) 
REPRESENTATION_RELATIONSHIP_WITH_TRANSFORMATION(#7069) 
SHAPE_REPRESENTATION_RELATIONSHIP() );
#7069 = ITEM_DEFINED_TRANSFORMATION('','',#11,#43);
#7070 = PRODUCT_DEFINITION_SHAPE('Placement','Placement of an item',
  #7071);
#7071 = NEXT_ASSEMBLY_USAGE_OCCURRENCE('8','D2','',#5,#5368,$);
#7072 = PRODUCT_RELATED_PRODUCT_CATEGORY('part',$,(#5370));
#7073 = CONTEXT_DEPENDENT_SHAPE_REPRESENTATION(#7074,#7076);
#7074 = ( REPRESENTATION_RELATIONSHIP('','',#925,#10) 
REPRESENTATION_RELATIONSHIP_WITH_TRANSFORMATION(#7075) 
SHAPE_REPRESENTATION_RELATIONSHIP() );
#7075 = ITEM_DEFINED_TRANSFORMATION('','',#11,#47);
#7076 = PRODUCT_DEFINITION_SHAPE('Placement','Placement of an item',
  #7077);
#7077 = NEXT_ASSEMBLY_USAGE_OCCURRENCE('9','C6','',#5,#920,$);
#7078 = CONTEXT_DEPENDENT_SHAPE_REPRESENTATION(#7079,#7081);
#7079 = ( REPRESENTATION_RELATIONSHIP('','',#116,#10) 
REPRESENTATION_RELATIONSHIP_WITH_TRANSFORMATION(#7080) 
SHAPE_REPRESENTATION_RELATIONSHIP() );
#7080 = ITEM_DEFINED_TRANSFORMATION('','',#11,#51);
#7081 = PRODUCT_DEFINITION_SHAPE('Placement','Placement of an item',
  #7082);
#7082 = NEXT_ASSEMBLY_USAGE_OCCURRENCE('10','R8','',#5,#111,$);
#7083 = SHAPE_DEFINITION_REPRESENTATION(#7084,#7090);
#7084 = PRODUCT_DEFINITION_SHAPE('','',#7085);
#7085 = PRODUCT_DEFINITION('design','',#7086,#7089);
#7086 = PRODUCT_DEFINITION_FORMATION('','',#7087);
#7087 = PRODUCT('D_SMF','D_SMF','',(#7088));
#7088 = PRODUCT_CONTEXT('',#2,'mechanical');
#7089 = PRODUCT_DEFINITION_CONTEXT('part definition',#2,'design');
#7090 = ADVANCED_BREP_SHAPE_REPRESENTATION('',(#11,#7091),#7905);
#7091 = MANIFOLD_SOLID_BREP('',#7092);
#7092 = CLOSED_SHELL('',(#7093,#7133,#7182,#7270,#7312,#7329,#7346,#7363
    ,#7386,#7409,#7432,#7455,#7481,#7521,#7545,#7587,#7604,#7635,#7658,
    #7681,#7705,#7727,#7739,#7751,#7797,#7828,#7852,#7876,#7893));
#7093 = ADVANCED_FACE('',(#7094),#7128,.F.);
#7094 = FACE_BOUND('',#7095,.F.);
#7095 = EDGE_LOOP('',(#7096,#7106,#7114,#7122));
#7096 = ORIENTED_EDGE('',*,*,#7097,.F.);
#7097 = EDGE_CURVE('',#7098,#7100,#7102,.T.);
#7098 = VERTEX_POINT('',#7099);
#7099 = CARTESIAN_POINT('',(1.3,-0.5,0.));
#7100 = VERTEX_POINT('',#7101);
#7101 = CARTESIAN_POINT('',(1.3,-0.5,2.E-02));
#7102 = LINE('',#7103,#7104);
#7103 = CARTESIAN_POINT('',(1.3,-0.5,0.));
#7104 = VECTOR('',#7105,1.);
#7105 = DIRECTION('',(0.,0.,1.));
#7106 = ORIENTED_EDGE('',*,*,#7107,.T.);
#7107 = EDGE_CURVE('',#7098,#7108,#7110,.T.);
#7108 = VERTEX_POINT('',#7109);
#7109 = CARTESIAN_POINT('',(1.3,0.5,0.));
#7110 = LINE('',#7111,#7112);
#7111 = CARTESIAN_POINT('',(1.3,-0.5,0.));
#7112 = VECTOR('',#7113,1.);
#7113 = DIRECTION('',(3.330669073875E-16,1.,0.));
#7114 = ORIENTED_EDGE('',*,*,#7115,.T.);
#7115 = EDGE_CURVE('',#7108,#7116,#7118,.T.);
#7116 = VERTEX_POINT('',#7117);
#7117 = CARTESIAN_POINT('',(1.3,0.5,2.E-02));
#7118 = LINE('',#7119,#7120);
#7119 = CARTESIAN_POINT('',(1.3,0.5,0.));
#7120 = VECTOR('',#7121,1.);
#7121 = DIRECTION('',(0.,0.,1.));
#7122 = ORIENTED_EDGE('',*,*,#7123,.T.);
#7123 = EDGE_CURVE('',#7116,#7100,#7124,.T.);
#7124 = LINE('',#7125,#7126);
#7125 = CARTESIAN_POINT('',(1.3,-0.689938803695,2.E-02));
#7126 = VECTOR('',#7127,1.);
#7127 = DIRECTION('',(-3.330669073875E-16,-1.,-0.));
#7128 = PLANE('',#7129);
#7129 = AXIS2_PLACEMENT_3D('',#7130,#7131,#7132);
#7130 = CARTESIAN_POINT('',(1.3,-0.5,0.));
#7131 = DIRECTION('',(1.,-3.330669073875E-16,0.));
#7132 = DIRECTION('',(0.,0.,1.));
#7133 = ADVANCED_FACE('',(#7134),#7177,.F.);
#7134 = FACE_BOUND('',#7135,.F.);
#7135 = EDGE_LOOP('',(#7136,#7146,#7152,#7153,#7161,#7171));
#7136 = ORIENTED_EDGE('',*,*,#7137,.F.);
#7137 = EDGE_CURVE('',#7138,#7140,#7142,.T.);
#7138 = VERTEX_POINT('',#7139);
#7139 = CARTESIAN_POINT('',(1.9,-0.5,0.));
#7140 = VERTEX_POINT('',#7141);
#7141 = CARTESIAN_POINT('',(1.9,-0.5,0.25));
#7142 = LINE('',#7143,#7144);
#7143 = CARTESIAN_POINT('',(1.9,-0.5,0.));
#7144 = VECTOR('',#7145,1.);
#7145 = DIRECTION('',(0.,0.,1.));
#7146 = ORIENTED_EDGE('',*,*,#7147,.F.);
#7147 = EDGE_CURVE('',#7098,#7138,#7148,.T.);
#7148 = LINE('',#7149,#7150);
#7149 = CARTESIAN_POINT('',(1.3,-0.5,0.));
#7150 = VECTOR('',#7151,1.);
#7151 = DIRECTION('',(1.,-3.330669073875E-16,0.));
#7152 = ORIENTED_EDGE('',*,*,#7097,.T.);
#7153 = ORIENTED_EDGE('',*,*,#7154,.T.);
#7154 = EDGE_CURVE('',#7100,#7155,#7157,.T.);
#7155 = VERTEX_POINT('',#7156);
#7156 = CARTESIAN_POINT('',(1.379877607389,-0.5,2.E-02));
#7157 = LINE('',#7158,#7159);
#7158 = CARTESIAN_POINT('',(-3.993880369452E-02,-0.5,2.E-02));
#7159 = VECTOR('',#7160,1.);
#7160 = DIRECTION('',(1.,-3.330669073875E-16,0.));
#7161 = ORIENTED_EDGE('',*,*,#7162,.T.);
#7162 = EDGE_CURVE('',#7155,#7163,#7165,.T.);
#7163 = VERTEX_POINT('',#7164);
#7164 = CARTESIAN_POINT('',(1.4,-0.5,0.25));
#7165 = B_SPLINE_CURVE_WITH_KNOTS('',4,(#7166,#7167,#7168,#7169,#7170),
  .UNSPECIFIED.,.F.,.F.,(5,5),(0.,1.),.PIECEWISE_BEZIER_KNOTS.);
#7166 = CARTESIAN_POINT('',(1.379877607389,-0.5,2.E-02));
#7167 = CARTESIAN_POINT('',(1.384908191152,-0.5,7.749983552286E-02));
#7168 = CARTESIAN_POINT('',(1.389938784875,-0.5,0.134999784891));
#7169 = CARTESIAN_POINT('',(1.394969387989,-0.5,0.192499841603));
#7170 = CARTESIAN_POINT('',(1.4,-0.5,0.25));
#7171 = ORIENTED_EDGE('',*,*,#7172,.T.);
#7172 = EDGE_CURVE('',#7163,#7140,#7173,.T.);
#7173 = LINE('',#7174,#7175);
#7174 = CARTESIAN_POINT('',(1.3,-0.5,0.25));
#7175 = VECTOR('',#7176,1.);
#7176 = DIRECTION('',(1.,-3.330669073875E-16,0.));
#7177 = PLANE('',#7178);
#7178 = AXIS2_PLACEMENT_3D('',#7179,#7180,#7181);
#7179 = CARTESIAN_POINT('',(1.3,-0.5,0.));
#7180 = DIRECTION('',(3.330669073875E-16,1.,0.));
#7181 = DIRECTION('',(0.,-0.,1.));
#7182 = ADVANCED_FACE('',(#7183),#7265,.T.);
#7183 = FACE_BOUND('',#7184,.T.);
#7184 = EDGE_LOOP('',(#7185,#7195,#7203,#7211,#7219,#7227,#7235,#7243,
    #7251,#7257,#7258,#7259));
#7185 = ORIENTED_EDGE('',*,*,#7186,.F.);
#7186 = EDGE_CURVE('',#7187,#7189,#7191,.T.);
#7187 = VERTEX_POINT('',#7188);
#7188 = CARTESIAN_POINT('',(-1.379877607389,-0.879877607389,2.E-02));
#7189 = VERTEX_POINT('',#7190);
#7190 = CARTESIAN_POINT('',(1.379877607389,-0.879877607389,2.E-02));
#7191 = LINE('',#7192,#7193);
#7192 = CARTESIAN_POINT('',(-1.379877607389,-0.879877607389,2.E-02));
#7193 = VECTOR('',#7194,1.);
#7194 = DIRECTION('',(1.,0.,0.));
#7195 = ORIENTED_EDGE('',*,*,#7196,.F.);
#7196 = EDGE_CURVE('',#7197,#7187,#7199,.T.);
#7197 = VERTEX_POINT('',#7198);
#7198 = CARTESIAN_POINT('',(-1.379877607389,-0.5,2.E-02));
#7199 = LINE('',#7200,#7201);
#7200 = CARTESIAN_POINT('',(-1.379877607389,0.879877607389,2.E-02));
#7201 = VECTOR('',#7202,1.);
#7202 = DIRECTION('',(0.,-1.,0.));
#7203 = ORIENTED_EDGE('',*,*,#7204,.F.);
#7204 = EDGE_CURVE('',#7205,#7197,#7207,.T.);
#7205 = VERTEX_POINT('',#7206);
#7206 = CARTESIAN_POINT('',(-1.3,-0.5,2.E-02));
#7207 = LINE('',#7208,#7209);
#7208 = CARTESIAN_POINT('',(-1.339938803695,-0.5,2.E-02));
#7209 = VECTOR('',#7210,1.);
#7210 = DIRECTION('',(-1.,2.22044604925E-16,0.));
#7211 = ORIENTED_EDGE('',*,*,#7212,.T.);
#7212 = EDGE_CURVE('',#7205,#7213,#7215,.T.);
#7213 = VERTEX_POINT('',#7214);
#7214 = CARTESIAN_POINT('',(-1.3,0.5,2.E-02));
#7215 = LINE('',#7216,#7217);
#7216 = CARTESIAN_POINT('',(-1.3,-0.189938803695,2.E-02));
#7217 = VECTOR('',#7218,1.);
#7218 = DIRECTION('',(2.22044604925E-16,1.,0.));
#7219 = ORIENTED_EDGE('',*,*,#7220,.T.);
#7220 = EDGE_CURVE('',#7213,#7221,#7223,.T.);
#7221 = VERTEX_POINT('',#7222);
#7222 = CARTESIAN_POINT('',(-1.379877607389,0.5,2.E-02));
#7223 = LINE('',#7224,#7225);
#7224 = CARTESIAN_POINT('',(-1.339938803695,0.5,2.E-02));
#7225 = VECTOR('',#7226,1.);
#7226 = DIRECTION('',(-1.,2.22044604925E-16,0.));
#7227 = ORIENTED_EDGE('',*,*,#7228,.F.);
#7228 = EDGE_CURVE('',#7229,#7221,#7231,.T.);
#7229 = VERTEX_POINT('',#7230);
#7230 = CARTESIAN_POINT('',(-1.379877607389,0.879877607389,2.E-02));
#7231 = LINE('',#7232,#7233);
#7232 = CARTESIAN_POINT('',(-1.379877607389,0.879877607389,2.E-02));
#7233 = VECTOR('',#7234,1.);
#7234 = DIRECTION('',(0.,-1.,0.));
#7235 = ORIENTED_EDGE('',*,*,#7236,.F.);
#7236 = EDGE_CURVE('',#7237,#7229,#7239,.T.);
#7237 = VERTEX_POINT('',#7238);
#7238 = CARTESIAN_POINT('',(1.379877607389,0.879877607389,2.E-02));
#7239 = LINE('',#7240,#7241);
#7240 = CARTESIAN_POINT('',(1.379877607389,0.879877607389,2.E-02));
#7241 = VECTOR('',#7242,1.);
#7242 = DIRECTION('',(-1.,0.,0.));
#7243 = ORIENTED_EDGE('',*,*,#7244,.F.);
#7244 = EDGE_CURVE('',#7245,#7237,#7247,.T.);
#7245 = VERTEX_POINT('',#7246);
#7246 = CARTESIAN_POINT('',(1.379877607389,0.5,2.E-02));
#7247 = LINE('',#7248,#7249);
#7248 = CARTESIAN_POINT('',(1.379877607389,-0.879877607389,2.E-02));
#7249 = VECTOR('',#7250,1.);
#7250 = DIRECTION('',(0.,1.,0.));
#7251 = ORIENTED_EDGE('',*,*,#7252,.F.);
#7252 = EDGE_CURVE('',#7116,#7245,#7253,.T.);
#7253 = LINE('',#7254,#7255);
#7254 = CARTESIAN_POINT('',(-3.993880369452E-02,0.5,2.E-02));
#7255 = VECTOR('',#7256,1.);
#7256 = DIRECTION('',(1.,-3.330669073875E-16,0.));
#7257 = ORIENTED_EDGE('',*,*,#7123,.T.);
#7258 = ORIENTED_EDGE('',*,*,#7154,.T.);
#7259 = ORIENTED_EDGE('',*,*,#7260,.F.);
#7260 = EDGE_CURVE('',#7189,#7155,#7261,.T.);
#7261 = LINE('',#7262,#7263);
#7262 = CARTESIAN_POINT('',(1.379877607389,-0.879877607389,2.E-02));
#7263 = VECTOR('',#7264,1.);
#7264 = DIRECTION('',(0.,1.,0.));
#7265 = PLANE('',#7266);
#7266 = AXIS2_PLACEMENT_3D('',#7267,#7268,#7269);
#7267 = CARTESIAN_POINT('',(-1.379877607389,-0.879877607389,2.E-02));
#7268 = DIRECTION('',(0.,0.,-1.));
#7269 = DIRECTION('',(0.84317023775,0.537646677822,0.));
#7270 = ADVANCED_FACE('',(#7271),#7307,.T.);
#7271 = FACE_BOUND('',#7272,.T.);
#7272 = EDGE_LOOP('',(#7273,#7283,#7289,#7290,#7291,#7301));
#7273 = ORIENTED_EDGE('',*,*,#7274,.F.);
#7274 = EDGE_CURVE('',#7275,#7277,#7279,.T.);
#7275 = VERTEX_POINT('',#7276);
#7276 = CARTESIAN_POINT('',(1.9,0.5,0.));
#7277 = VERTEX_POINT('',#7278);
#7278 = CARTESIAN_POINT('',(1.9,0.5,0.25));
#7279 = LINE('',#7280,#7281);
#7280 = CARTESIAN_POINT('',(1.9,0.5,0.));
#7281 = VECTOR('',#7282,1.);
#7282 = DIRECTION('',(0.,0.,1.));
#7283 = ORIENTED_EDGE('',*,*,#7284,.F.);
#7284 = EDGE_CURVE('',#7108,#7275,#7285,.T.);
#7285 = LINE('',#7286,#7287);
#7286 = CARTESIAN_POINT('',(1.3,0.5,0.));
#7287 = VECTOR('',#7288,1.);
#7288 = DIRECTION('',(1.,-3.330669073875E-16,0.));
#7289 = ORIENTED_EDGE('',*,*,#7115,.T.);
#7290 = ORIENTED_EDGE('',*,*,#7252,.T.);
#7291 = ORIENTED_EDGE('',*,*,#7292,.T.);
#7292 = EDGE_CURVE('',#7245,#7293,#7295,.T.);
#7293 = VERTEX_POINT('',#7294);
#7294 = CARTESIAN_POINT('',(1.4,0.5,0.25));
#7295 = B_SPLINE_CURVE_WITH_KNOTS('',4,(#7296,#7297,#7298,#7299,#7300),
  .UNSPECIFIED.,.F.,.F.,(5,5),(0.,1.),.PIECEWISE_BEZIER_KNOTS.);
#7296 = CARTESIAN_POINT('',(1.379877607389,0.5,2.E-02));
#7297 = CARTESIAN_POINT('',(1.384908191152,0.5,7.749983552286E-02));
#7298 = CARTESIAN_POINT('',(1.389938784875,0.5,0.134999784891));
#7299 = CARTESIAN_POINT('',(1.394969387989,0.5,0.192499841603));
#7300 = CARTESIAN_POINT('',(1.4,0.5,0.25));
#7301 = ORIENTED_EDGE('',*,*,#7302,.T.);
#7302 = EDGE_CURVE('',#7293,#7277,#7303,.T.);
#7303 = LINE('',#7304,#7305);
#7304 = CARTESIAN_POINT('',(1.3,0.5,0.25));
#7305 = VECTOR('',#7306,1.);
#7306 = DIRECTION('',(1.,-3.330669073875E-16,0.));
#7307 = PLANE('',#7308);
#7308 = AXIS2_PLACEMENT_3D('',#7309,#7310,#7311);
#7309 = CARTESIAN_POINT('',(1.3,0.5,0.));
#7310 = DIRECTION('',(3.330669073875E-16,1.,0.));
#7311 = DIRECTION('',(0.,-0.,1.));
#7312 = ADVANCED_FACE('',(#7313),#7324,.F.);
#7313 = FACE_BOUND('',#7314,.F.);
#7314 = EDGE_LOOP('',(#7315,#7316,#7317,#7323));
#7315 = ORIENTED_EDGE('',*,*,#7107,.F.);
#7316 = ORIENTED_EDGE('',*,*,#7147,.T.);
#7317 = ORIENTED_EDGE('',*,*,#7318,.T.);
#7318 = EDGE_CURVE('',#7138,#7275,#7319,.T.);
#7319 = LINE('',#7320,#7321);
#7320 = CARTESIAN_POINT('',(1.9,-0.5,0.));
#7321 = VECTOR('',#7322,1.);
#7322 = DIRECTION('',(3.330669073875E-16,1.,0.));
#7323 = ORIENTED_EDGE('',*,*,#7284,.F.);
#7324 = PLANE('',#7325);
#7325 = AXIS2_PLACEMENT_3D('',#7326,#7327,#7328);
#7326 = CARTESIAN_POINT('',(1.3,-0.5,0.));
#7327 = DIRECTION('',(0.,0.,1.));
#7328 = DIRECTION('',(1.,-3.330669073875E-16,0.));
#7329 = ADVANCED_FACE('',(#7330),#7341,.T.);
#7330 = FACE_BOUND('',#7331,.T.);
#7331 = EDGE_LOOP('',(#7332,#7333,#7334,#7335));
#7332 = ORIENTED_EDGE('',*,*,#7137,.F.);
#7333 = ORIENTED_EDGE('',*,*,#7318,.T.);
#7334 = ORIENTED_EDGE('',*,*,#7274,.T.);
#7335 = ORIENTED_EDGE('',*,*,#7336,.F.);
#7336 = EDGE_CURVE('',#7140,#7277,#7337,.T.);
#7337 = LINE('',#7338,#7339);
#7338 = CARTESIAN_POINT('',(1.9,-0.5,0.25));
#7339 = VECTOR('',#7340,1.);
#7340 = DIRECTION('',(3.330669073875E-16,1.,0.));
#7341 = PLANE('',#7342);
#7342 = AXIS2_PLACEMENT_3D('',#7343,#7344,#7345);
#7343 = CARTESIAN_POINT('',(1.9,-0.5,0.));
#7344 = DIRECTION('',(1.,-3.330669073875E-16,0.));
#7345 = DIRECTION('',(0.,0.,1.));
#7346 = ADVANCED_FACE('',(#7347),#7358,.T.);
#7347 = FACE_BOUND('',#7348,.T.);
#7348 = EDGE_LOOP('',(#7349,#7355,#7356,#7357));
#7349 = ORIENTED_EDGE('',*,*,#7350,.F.);
#7350 = EDGE_CURVE('',#7163,#7293,#7351,.T.);
#7351 = LINE('',#7352,#7353);
#7352 = CARTESIAN_POINT('',(1.4,-0.9,0.25));
#7353 = VECTOR('',#7354,1.);
#7354 = DIRECTION('',(0.,1.,0.));
#7355 = ORIENTED_EDGE('',*,*,#7172,.T.);
#7356 = ORIENTED_EDGE('',*,*,#7336,.T.);
#7357 = ORIENTED_EDGE('',*,*,#7302,.F.);
#7358 = PLANE('',#7359);
#7359 = AXIS2_PLACEMENT_3D('',#7360,#7361,#7362);
#7360 = CARTESIAN_POINT('',(1.3,-0.5,0.25));
#7361 = DIRECTION('',(0.,0.,1.));
#7362 = DIRECTION('',(1.,-3.330669073875E-16,0.));
#7363 = ADVANCED_FACE('',(#7364),#7381,.T.);
#7364 = FACE_BOUND('',#7365,.T.);
#7365 = EDGE_LOOP('',(#7366,#7373,#7374,#7375));
#7366 = ORIENTED_EDGE('',*,*,#7367,.F.);
#7367 = EDGE_CURVE('',#7189,#7368,#7370,.T.);
#7368 = VERTEX_POINT('',#7369);
#7369 = CARTESIAN_POINT('',(1.4,-0.9,0.25));
#7370 = B_SPLINE_CURVE_WITH_KNOTS('',1,(#7371,#7372),.UNSPECIFIED.,.F.,
  .F.,(2,2),(0.,1.),.PIECEWISE_BEZIER_KNOTS.);
#7371 = CARTESIAN_POINT('',(1.379877607389,-0.879877607389,2.E-02));
#7372 = CARTESIAN_POINT('',(1.4,-0.9,0.25));
#7373 = ORIENTED_EDGE('',*,*,#7260,.T.);
#7374 = ORIENTED_EDGE('',*,*,#7162,.T.);
#7375 = ORIENTED_EDGE('',*,*,#7376,.F.);
#7376 = EDGE_CURVE('',#7368,#7163,#7377,.T.);
#7377 = LINE('',#7378,#7379);
#7378 = CARTESIAN_POINT('',(1.4,-0.9,0.25));
#7379 = VECTOR('',#7380,1.);
#7380 = DIRECTION('',(0.,1.,0.));
#7381 = B_SPLINE_SURFACE_WITH_KNOTS('',1,1,(
    (#7382,#7383)
    ,(#7384,#7385
    )),.UNSPECIFIED.,.F.,.F.,.F.,(2,2),(2,2),(0.,1.8),(0.,1.),
  .PIECEWISE_BEZIER_KNOTS.);
#7382 = CARTESIAN_POINT('',(1.379877607389,-0.879877607389,2.E-02));
#7383 = CARTESIAN_POINT('',(1.4,-0.9,0.25));
#7384 = CARTESIAN_POINT('',(1.379877607389,0.879877607389,2.E-02));
#7385 = CARTESIAN_POINT('',(1.4,0.9,0.25));
#7386 = ADVANCED_FACE('',(#7387),#7404,.T.);
#7387 = FACE_BOUND('',#7388,.T.);
#7388 = EDGE_LOOP('',(#7389,#7390,#7391,#7399));
#7389 = ORIENTED_EDGE('',*,*,#7186,.T.);
#7390 = ORIENTED_EDGE('',*,*,#7367,.T.);
#7391 = ORIENTED_EDGE('',*,*,#7392,.F.);
#7392 = EDGE_CURVE('',#7393,#7368,#7395,.T.);
#7393 = VERTEX_POINT('',#7394);
#7394 = CARTESIAN_POINT('',(-1.4,-0.9,0.25));
#7395 = LINE('',#7396,#7397);
#7396 = CARTESIAN_POINT('',(-1.4,-0.9,0.25));
#7397 = VECTOR('',#7398,1.);
#7398 = DIRECTION('',(1.,0.,0.));
#7399 = ORIENTED_EDGE('',*,*,#7400,.F.);
#7400 = EDGE_CURVE('',#7187,#7393,#7401,.T.);
#7401 = B_SPLINE_CURVE_WITH_KNOTS('',1,(#7402,#7403),.UNSPECIFIED.,.F.,
  .F.,(2,2),(0.,1.),.PIECEWISE_BEZIER_KNOTS.);
#7402 = CARTESIAN_POINT('',(-1.379877607389,-0.879877607389,2.E-02));
#7403 = CARTESIAN_POINT('',(-1.4,-0.9,0.25));
#7404 = B_SPLINE_SURFACE_WITH_KNOTS('',1,1,(
    (#7405,#7406)
    ,(#7407,#7408
    )),.UNSPECIFIED.,.F.,.F.,.F.,(2,2),(2,2),(0.,2.8),(0.,1.),
  .PIECEWISE_BEZIER_KNOTS.);
#7405 = CARTESIAN_POINT('',(-1.379877607389,-0.879877607389,2.E-02));
#7406 = CARTESIAN_POINT('',(-1.4,-0.9,0.25));
#7407 = CARTESIAN_POINT('',(1.379877607389,-0.879877607389,2.E-02));
#7408 = CARTESIAN_POINT('',(1.4,-0.9,0.25));
#7409 = ADVANCED_FACE('',(#7410),#7427,.T.);
#7410 = FACE_BOUND('',#7411,.T.);
#7411 = EDGE_LOOP('',(#7412,#7413,#7414,#7421));
#7412 = ORIENTED_EDGE('',*,*,#7292,.F.);
#7413 = ORIENTED_EDGE('',*,*,#7244,.T.);
#7414 = ORIENTED_EDGE('',*,*,#7415,.T.);
#7415 = EDGE_CURVE('',#7237,#7416,#7418,.T.);
#7416 = VERTEX_POINT('',#7417);
#7417 = CARTESIAN_POINT('',(1.4,0.9,0.25));
#7418 = B_SPLINE_CURVE_WITH_KNOTS('',1,(#7419,#7420),.UNSPECIFIED.,.F.,
  .F.,(2,2),(0.,1.),.PIECEWISE_BEZIER_KNOTS.);
#7419 = CARTESIAN_POINT('',(1.379877607389,0.879877607389,2.E-02));
#7420 = CARTESIAN_POINT('',(1.4,0.9,0.25));
#7421 = ORIENTED_EDGE('',*,*,#7422,.F.);
#7422 = EDGE_CURVE('',#7293,#7416,#7423,.T.);
#7423 = LINE('',#7424,#7425);
#7424 = CARTESIAN_POINT('',(1.4,-0.9,0.25));
#7425 = VECTOR('',#7426,1.);
#7426 = DIRECTION('',(0.,1.,0.));
#7427 = B_SPLINE_SURFACE_WITH_KNOTS('',1,1,(
    (#7428,#7429)
    ,(#7430,#7431
    )),.UNSPECIFIED.,.F.,.F.,.F.,(2,2),(2,2),(0.,1.8),(0.,1.),
  .PIECEWISE_BEZIER_KNOTS.);
#7428 = CARTESIAN_POINT('',(1.379877607389,-0.879877607389,2.E-02));
#7429 = CARTESIAN_POINT('',(1.4,-0.9,0.25));
#7430 = CARTESIAN_POINT('',(1.379877607389,0.879877607389,2.E-02));
#7431 = CARTESIAN_POINT('',(1.4,0.9,0.25));
#7432 = ADVANCED_FACE('',(#7433),#7450,.T.);
#7433 = FACE_BOUND('',#7434,.T.);
#7434 = EDGE_LOOP('',(#7435,#7436,#7443,#7449));
#7435 = ORIENTED_EDGE('',*,*,#7236,.T.);
#7436 = ORIENTED_EDGE('',*,*,#7437,.T.);
#7437 = EDGE_CURVE('',#7229,#7438,#7440,.T.);
#7438 = VERTEX_POINT('',#7439);
#7439 = CARTESIAN_POINT('',(-1.4,0.9,0.25));
#7440 = B_SPLINE_CURVE_WITH_KNOTS('',1,(#7441,#7442),.UNSPECIFIED.,.F.,
  .F.,(2,2),(0.,1.),.PIECEWISE_BEZIER_KNOTS.);
#7441 = CARTESIAN_POINT('',(-1.379877607389,0.879877607389,2.E-02));
#7442 = CARTESIAN_POINT('',(-1.4,0.9,0.25));
#7443 = ORIENTED_EDGE('',*,*,#7444,.F.);
#7444 = EDGE_CURVE('',#7416,#7438,#7445,.T.);
#7445 = LINE('',#7446,#7447);
#7446 = CARTESIAN_POINT('',(1.4,0.9,0.25));
#7447 = VECTOR('',#7448,1.);
#7448 = DIRECTION('',(-1.,0.,0.));
#7449 = ORIENTED_EDGE('',*,*,#7415,.F.);
#7450 = B_SPLINE_SURFACE_WITH_KNOTS('',1,1,(
    (#7451,#7452)
    ,(#7453,#7454
    )),.UNSPECIFIED.,.F.,.F.,.F.,(2,2),(2,2),(0.,2.8),(0.,1.),
  .PIECEWISE_BEZIER_KNOTS.);
#7451 = CARTESIAN_POINT('',(1.379877607389,0.879877607389,2.E-02));
#7452 = CARTESIAN_POINT('',(1.4,0.9,0.25));
#7453 = CARTESIAN_POINT('',(-1.379877607389,0.879877607389,2.E-02));
#7454 = CARTESIAN_POINT('',(-1.4,0.9,0.25));
#7455 = ADVANCED_FACE('',(#7456),#7476,.T.);
#7456 = FACE_BOUND('',#7457,.T.);
#7457 = EDGE_LOOP('',(#7458,#7459,#7460,#7470));
#7458 = ORIENTED_EDGE('',*,*,#7437,.F.);
#7459 = ORIENTED_EDGE('',*,*,#7228,.T.);
#7460 = ORIENTED_EDGE('',*,*,#7461,.T.);
#7461 = EDGE_CURVE('',#7221,#7462,#7464,.T.);
#7462 = VERTEX_POINT('',#7463);
#7463 = CARTESIAN_POINT('',(-1.4,0.5,0.25));
#7464 = B_SPLINE_CURVE_WITH_KNOTS('',4,(#7465,#7466,#7467,#7468,#7469),
  .UNSPECIFIED.,.F.,.F.,(5,5),(0.,1.),.PIECEWISE_BEZIER_KNOTS.);
#7465 = CARTESIAN_POINT('',(-1.379877607389,0.5,2.E-02));
#7466 = CARTESIAN_POINT('',(-1.384908191152,0.5,7.749983552286E-02));
#7467 = CARTESIAN_POINT('',(-1.389938784875,0.5,0.134999784891));
#7468 = CARTESIAN_POINT('',(-1.394969387989,0.5,0.192499841603));
#7469 = CARTESIAN_POINT('',(-1.4,0.5,0.25));
#7470 = ORIENTED_EDGE('',*,*,#7471,.F.);
#7471 = EDGE_CURVE('',#7438,#7462,#7472,.T.);
#7472 = LINE('',#7473,#7474);
#7473 = CARTESIAN_POINT('',(-1.4,0.9,0.25));
#7474 = VECTOR('',#7475,1.);
#7475 = DIRECTION('',(0.,-1.,0.));
#7476 = B_SPLINE_SURFACE_WITH_KNOTS('',1,1,(
    (#7477,#7478)
    ,(#7479,#7480
    )),.UNSPECIFIED.,.F.,.F.,.F.,(2,2),(2,2),(0.,1.8),(0.,1.),
  .PIECEWISE_BEZIER_KNOTS.);
#7477 = CARTESIAN_POINT('',(-1.379877607389,0.879877607389,2.E-02));
#7478 = CARTESIAN_POINT('',(-1.4,0.9,0.25));
#7479 = CARTESIAN_POINT('',(-1.379877607389,-0.879877607389,2.E-02));
#7480 = CARTESIAN_POINT('',(-1.4,-0.9,0.25));
#7481 = ADVANCED_FACE('',(#7482),#7516,.F.);
#7482 = FACE_BOUND('',#7483,.F.);
#7483 = EDGE_LOOP('',(#7484,#7494,#7502,#7508,#7509,#7510));
#7484 = ORIENTED_EDGE('',*,*,#7485,.F.);
#7485 = EDGE_CURVE('',#7486,#7488,#7490,.T.);
#7486 = VERTEX_POINT('',#7487);
#7487 = CARTESIAN_POINT('',(-1.9,0.5,0.));
#7488 = VERTEX_POINT('',#7489);
#7489 = CARTESIAN_POINT('',(-1.9,0.5,0.25));
#7490 = LINE('',#7491,#7492);
#7491 = CARTESIAN_POINT('',(-1.9,0.5,0.));
#7492 = VECTOR('',#7493,1.);
#7493 = DIRECTION('',(0.,0.,1.));
#7494 = ORIENTED_EDGE('',*,*,#7495,.F.);
#7495 = EDGE_CURVE('',#7496,#7486,#7498,.T.);
#7496 = VERTEX_POINT('',#7497);
#7497 = CARTESIAN_POINT('',(-1.3,0.5,0.));
#7498 = LINE('',#7499,#7500);
#7499 = CARTESIAN_POINT('',(-1.3,0.5,0.));
#7500 = VECTOR('',#7501,1.);
#7501 = DIRECTION('',(-1.,2.22044604925E-16,0.));
#7502 = ORIENTED_EDGE('',*,*,#7503,.T.);
#7503 = EDGE_CURVE('',#7496,#7213,#7504,.T.);
#7504 = LINE('',#7505,#7506);
#7505 = CARTESIAN_POINT('',(-1.3,0.5,0.));
#7506 = VECTOR('',#7507,1.);
#7507 = DIRECTION('',(0.,0.,1.));
#7508 = ORIENTED_EDGE('',*,*,#7220,.T.);
#7509 = ORIENTED_EDGE('',*,*,#7461,.T.);
#7510 = ORIENTED_EDGE('',*,*,#7511,.T.);
#7511 = EDGE_CURVE('',#7462,#7488,#7512,.T.);
#7512 = LINE('',#7513,#7514);
#7513 = CARTESIAN_POINT('',(-1.3,0.5,0.25));
#7514 = VECTOR('',#7515,1.);
#7515 = DIRECTION('',(-1.,2.22044604925E-16,0.));
#7516 = PLANE('',#7517);
#7517 = AXIS2_PLACEMENT_3D('',#7518,#7519,#7520);
#7518 = CARTESIAN_POINT('',(-1.3,0.5,0.));
#7519 = DIRECTION('',(-2.22044604925E-16,-1.,0.));
#7520 = DIRECTION('',(0.,0.,1.));
#7521 = ADVANCED_FACE('',(#7522),#7540,.F.);
#7522 = FACE_BOUND('',#7523,.F.);
#7523 = EDGE_LOOP('',(#7524,#7525,#7533,#7539));
#7524 = ORIENTED_EDGE('',*,*,#7503,.F.);
#7525 = ORIENTED_EDGE('',*,*,#7526,.T.);
#7526 = EDGE_CURVE('',#7496,#7527,#7529,.T.);
#7527 = VERTEX_POINT('',#7528);
#7528 = CARTESIAN_POINT('',(-1.3,-0.5,0.));
#7529 = LINE('',#7530,#7531);
#7530 = CARTESIAN_POINT('',(-1.3,0.5,0.));
#7531 = VECTOR('',#7532,1.);
#7532 = DIRECTION('',(-2.22044604925E-16,-1.,0.));
#7533 = ORIENTED_EDGE('',*,*,#7534,.T.);
#7534 = EDGE_CURVE('',#7527,#7205,#7535,.T.);
#7535 = LINE('',#7536,#7537);
#7536 = CARTESIAN_POINT('',(-1.3,-0.5,0.));
#7537 = VECTOR('',#7538,1.);
#7538 = DIRECTION('',(0.,0.,1.));
#7539 = ORIENTED_EDGE('',*,*,#7212,.T.);
#7540 = PLANE('',#7541);
#7541 = AXIS2_PLACEMENT_3D('',#7542,#7543,#7544);
#7542 = CARTESIAN_POINT('',(-1.3,0.5,0.));
#7543 = DIRECTION('',(-1.,2.22044604925E-16,0.));
#7544 = DIRECTION('',(0.,0.,1.));
#7545 = ADVANCED_FACE('',(#7546),#7582,.T.);
#7546 = FACE_BOUND('',#7547,.T.);
#7547 = EDGE_LOOP('',(#7548,#7558,#7564,#7565,#7566,#7576));
#7548 = ORIENTED_EDGE('',*,*,#7549,.F.);
#7549 = EDGE_CURVE('',#7550,#7552,#7554,.T.);
#7550 = VERTEX_POINT('',#7551);
#7551 = CARTESIAN_POINT('',(-1.9,-0.5,0.));
#7552 = VERTEX_POINT('',#7553);
#7553 = CARTESIAN_POINT('',(-1.9,-0.5,0.25));
#7554 = LINE('',#7555,#7556);
#7555 = CARTESIAN_POINT('',(-1.9,-0.5,0.));
#7556 = VECTOR('',#7557,1.);
#7557 = DIRECTION('',(0.,0.,1.));
#7558 = ORIENTED_EDGE('',*,*,#7559,.F.);
#7559 = EDGE_CURVE('',#7527,#7550,#7560,.T.);
#7560 = LINE('',#7561,#7562);
#7561 = CARTESIAN_POINT('',(-1.3,-0.5,0.));
#7562 = VECTOR('',#7563,1.);
#7563 = DIRECTION('',(-1.,2.22044604925E-16,0.));
#7564 = ORIENTED_EDGE('',*,*,#7534,.T.);
#7565 = ORIENTED_EDGE('',*,*,#7204,.T.);
#7566 = ORIENTED_EDGE('',*,*,#7567,.T.);
#7567 = EDGE_CURVE('',#7197,#7568,#7570,.T.);
#7568 = VERTEX_POINT('',#7569);
#7569 = CARTESIAN_POINT('',(-1.4,-0.5,0.25));
#7570 = B_SPLINE_CURVE_WITH_KNOTS('',4,(#7571,#7572,#7573,#7574,#7575),
  .UNSPECIFIED.,.F.,.F.,(5,5),(0.,1.),.PIECEWISE_BEZIER_KNOTS.);
#7571 = CARTESIAN_POINT('',(-1.379877607389,-0.5,2.E-02));
#7572 = CARTESIAN_POINT('',(-1.384908191152,-0.5,7.749983552286E-02));
#7573 = CARTESIAN_POINT('',(-1.389938784875,-0.5,0.134999784891));
#7574 = CARTESIAN_POINT('',(-1.394969387989,-0.5,0.192499841603));
#7575 = CARTESIAN_POINT('',(-1.4,-0.5,0.25));
#7576 = ORIENTED_EDGE('',*,*,#7577,.T.);
#7577 = EDGE_CURVE('',#7568,#7552,#7578,.T.);
#7578 = LINE('',#7579,#7580);
#7579 = CARTESIAN_POINT('',(-1.3,-0.5,0.25));
#7580 = VECTOR('',#7581,1.);
#7581 = DIRECTION('',(-1.,2.22044604925E-16,0.));
#7582 = PLANE('',#7583);
#7583 = AXIS2_PLACEMENT_3D('',#7584,#7585,#7586);
#7584 = CARTESIAN_POINT('',(-1.3,-0.5,0.));
#7585 = DIRECTION('',(-2.22044604925E-16,-1.,0.));
#7586 = DIRECTION('',(0.,0.,1.));
#7587 = ADVANCED_FACE('',(#7588),#7599,.T.);
#7588 = FACE_BOUND('',#7589,.T.);
#7589 = EDGE_LOOP('',(#7590,#7591,#7592,#7593));
#7590 = ORIENTED_EDGE('',*,*,#7567,.F.);
#7591 = ORIENTED_EDGE('',*,*,#7196,.T.);
#7592 = ORIENTED_EDGE('',*,*,#7400,.T.);
#7593 = ORIENTED_EDGE('',*,*,#7594,.F.);
#7594 = EDGE_CURVE('',#7568,#7393,#7595,.T.);
#7595 = LINE('',#7596,#7597);
#7596 = CARTESIAN_POINT('',(-1.4,0.9,0.25));
#7597 = VECTOR('',#7598,1.);
#7598 = DIRECTION('',(0.,-1.,0.));
#7599 = B_SPLINE_SURFACE_WITH_KNOTS('',1,1,(
    (#7600,#7601)
    ,(#7602,#7603
    )),.UNSPECIFIED.,.F.,.F.,.F.,(2,2),(2,2),(0.,1.8),(0.,1.),
  .PIECEWISE_BEZIER_KNOTS.);
#7600 = CARTESIAN_POINT('',(-1.379877607389,0.879877607389,2.E-02));
#7601 = CARTESIAN_POINT('',(-1.4,0.9,0.25));
#7602 = CARTESIAN_POINT('',(-1.379877607389,-0.879877607389,2.E-02));
#7603 = CARTESIAN_POINT('',(-1.4,-0.9,0.25));
#7604 = ADVANCED_FACE('',(#7605),#7630,.T.);
#7605 = FACE_BOUND('',#7606,.T.);
#7606 = EDGE_LOOP('',(#7607,#7608,#7609,#7610,#7617,#7625));
#7607 = ORIENTED_EDGE('',*,*,#7376,.T.);
#7608 = ORIENTED_EDGE('',*,*,#7350,.T.);
#7609 = ORIENTED_EDGE('',*,*,#7422,.T.);
#7610 = ORIENTED_EDGE('',*,*,#7611,.T.);
#7611 = EDGE_CURVE('',#7416,#7612,#7614,.T.);
#7612 = VERTEX_POINT('',#7613);
#7613 = CARTESIAN_POINT('',(1.334383502356,0.834383502356,1.));
#7614 = B_SPLINE_CURVE_WITH_KNOTS('',1,(#7615,#7616),.UNSPECIFIED.,.F.,
  .F.,(2,2),(0.,1.),.PIECEWISE_BEZIER_KNOTS.);
#7615 = CARTESIAN_POINT('',(1.4,0.9,0.25));
#7616 = CARTESIAN_POINT('',(1.334383502356,0.834383502356,1.));
#7617 = ORIENTED_EDGE('',*,*,#7618,.F.);
#7618 = EDGE_CURVE('',#7619,#7612,#7621,.T.);
#7619 = VERTEX_POINT('',#7620);
#7620 = CARTESIAN_POINT('',(1.334383502356,-0.834383502356,1.));
#7621 = LINE('',#7622,#7623);
#7622 = CARTESIAN_POINT('',(1.334383502356,-0.834383502356,1.));
#7623 = VECTOR('',#7624,1.);
#7624 = DIRECTION('',(0.,1.,0.));
#7625 = ORIENTED_EDGE('',*,*,#7626,.F.);
#7626 = EDGE_CURVE('',#7368,#7619,#7627,.T.);
#7627 = B_SPLINE_CURVE_WITH_KNOTS('',1,(#7628,#7629),.UNSPECIFIED.,.F.,
  .F.,(2,2),(0.,1.),.PIECEWISE_BEZIER_KNOTS.);
#7628 = CARTESIAN_POINT('',(1.4,-0.9,0.25));
#7629 = CARTESIAN_POINT('',(1.334383502356,-0.834383502356,1.));
#7630 = B_SPLINE_SURFACE_WITH_KNOTS('',1,1,(
    (#7631,#7632)
    ,(#7633,#7634
    )),.UNSPECIFIED.,.F.,.F.,.F.,(2,2),(2,2),(0.,1.8),(0.,1.),
  .PIECEWISE_BEZIER_KNOTS.);
#7631 = CARTESIAN_POINT('',(1.4,-0.9,0.25));
#7632 = CARTESIAN_POINT('',(1.334383502356,-0.834383502356,1.));
#7633 = CARTESIAN_POINT('',(1.4,0.9,0.25));
#7634 = CARTESIAN_POINT('',(1.334383502356,0.834383502356,1.));
#7635 = ADVANCED_FACE('',(#7636),#7653,.T.);
#7636 = FACE_BOUND('',#7637,.T.);
#7637 = EDGE_LOOP('',(#7638,#7639,#7640,#7648));
#7638 = ORIENTED_EDGE('',*,*,#7392,.T.);
#7639 = ORIENTED_EDGE('',*,*,#7626,.T.);
#7640 = ORIENTED_EDGE('',*,*,#7641,.F.);
#7641 = EDGE_CURVE('',#7642,#7619,#7644,.T.);
#7642 = VERTEX_POINT('',#7643);
#7643 = CARTESIAN_POINT('',(-1.334383502356,-0.834383502356,1.));
#7644 = LINE('',#7645,#7646);
#7645 = CARTESIAN_POINT('',(-1.334383502356,-0.834383502356,1.));
#7646 = VECTOR('',#7647,1.);
#7647 = DIRECTION('',(1.,0.,0.));
#7648 = ORIENTED_EDGE('',*,*,#7649,.F.);
#7649 = EDGE_CURVE('',#7393,#7642,#7650,.T.);
#7650 = B_SPLINE_CURVE_WITH_KNOTS('',1,(#7651,#7652),.UNSPECIFIED.,.F.,
  .F.,(2,2),(0.,1.),.PIECEWISE_BEZIER_KNOTS.);
#7651 = CARTESIAN_POINT('',(-1.4,-0.9,0.25));
#7652 = CARTESIAN_POINT('',(-1.334383502356,-0.834383502356,1.));
#7653 = B_SPLINE_SURFACE_WITH_KNOTS('',1,1,(
    (#7654,#7655)
    ,(#7656,#7657
    )),.UNSPECIFIED.,.F.,.F.,.F.,(2,2),(2,2),(0.,2.8),(0.,1.),
  .PIECEWISE_BEZIER_KNOTS.);
#7654 = CARTESIAN_POINT('',(-1.4,-0.9,0.25));
#7655 = CARTESIAN_POINT('',(-1.334383502356,-0.834383502356,1.));
#7656 = CARTESIAN_POINT('',(1.4,-0.9,0.25));
#7657 = CARTESIAN_POINT('',(1.334383502356,-0.834383502356,1.));
#7658 = ADVANCED_FACE('',(#7659),#7676,.T.);
#7659 = FACE_BOUND('',#7660,.T.);
#7660 = EDGE_LOOP('',(#7661,#7662,#7669,#7675));
#7661 = ORIENTED_EDGE('',*,*,#7444,.T.);
#7662 = ORIENTED_EDGE('',*,*,#7663,.T.);
#7663 = EDGE_CURVE('',#7438,#7664,#7666,.T.);
#7664 = VERTEX_POINT('',#7665);
#7665 = CARTESIAN_POINT('',(-1.334383502356,0.834383502356,1.));
#7666 = B_SPLINE_CURVE_WITH_KNOTS('',1,(#7667,#7668),.UNSPECIFIED.,.F.,
  .F.,(2,2),(0.,1.),.PIECEWISE_BEZIER_KNOTS.);
#7667 = CARTESIAN_POINT('',(-1.4,0.9,0.25));
#7668 = CARTESIAN_POINT('',(-1.334383502356,0.834383502356,1.));
#7669 = ORIENTED_EDGE('',*,*,#7670,.F.);
#7670 = EDGE_CURVE('',#7612,#7664,#7671,.T.);
#7671 = LINE('',#7672,#7673);
#7672 = CARTESIAN_POINT('',(1.334383502356,0.834383502356,1.));
#7673 = VECTOR('',#7674,1.);
#7674 = DIRECTION('',(-1.,0.,0.));
#7675 = ORIENTED_EDGE('',*,*,#7611,.F.);
#7676 = B_SPLINE_SURFACE_WITH_KNOTS('',1,1,(
    (#7677,#7678)
    ,(#7679,#7680
    )),.UNSPECIFIED.,.F.,.F.,.F.,(2,2),(2,2),(0.,2.8),(0.,1.),
  .PIECEWISE_BEZIER_KNOTS.);
#7677 = CARTESIAN_POINT('',(1.4,0.9,0.25));
#7678 = CARTESIAN_POINT('',(1.334383502356,0.834383502356,1.));
#7679 = CARTESIAN_POINT('',(-1.4,0.9,0.25));
#7680 = CARTESIAN_POINT('',(-1.334383502356,0.834383502356,1.));
#7681 = ADVANCED_FACE('',(#7682),#7700,.T.);
#7682 = FACE_BOUND('',#7683,.T.);
#7683 = EDGE_LOOP('',(#7684,#7685,#7691,#7692,#7693,#7699));
#7684 = ORIENTED_EDGE('',*,*,#7471,.T.);
#7685 = ORIENTED_EDGE('',*,*,#7686,.T.);
#7686 = EDGE_CURVE('',#7462,#7568,#7687,.T.);
#7687 = LINE('',#7688,#7689);
#7688 = CARTESIAN_POINT('',(-1.4,0.9,0.25));
#7689 = VECTOR('',#7690,1.);
#7690 = DIRECTION('',(0.,-1.,0.));
#7691 = ORIENTED_EDGE('',*,*,#7594,.T.);
#7692 = ORIENTED_EDGE('',*,*,#7649,.T.);
#7693 = ORIENTED_EDGE('',*,*,#7694,.F.);
#7694 = EDGE_CURVE('',#7664,#7642,#7695,.T.);
#7695 = LINE('',#7696,#7697);
#7696 = CARTESIAN_POINT('',(-1.334383502356,0.834383502356,1.));
#7697 = VECTOR('',#7698,1.);
#7698 = DIRECTION('',(0.,-1.,0.));
#7699 = ORIENTED_EDGE('',*,*,#7663,.F.);
#7700 = B_SPLINE_SURFACE_WITH_KNOTS('',1,1,(
    (#7701,#7702)
    ,(#7703,#7704
    )),.UNSPECIFIED.,.F.,.F.,.F.,(2,2),(2,2),(0.,1.8),(0.,1.),
  .PIECEWISE_BEZIER_KNOTS.);
#7701 = CARTESIAN_POINT('',(-1.4,0.9,0.25));
#7702 = CARTESIAN_POINT('',(-1.334383502356,0.834383502356,1.));
#7703 = CARTESIAN_POINT('',(-1.4,-0.9,0.25));
#7704 = CARTESIAN_POINT('',(-1.334383502356,-0.834383502356,1.));
#7705 = ADVANCED_FACE('',(#7706),#7722,.T.);
#7706 = FACE_BOUND('',#7707,.T.);
#7707 = EDGE_LOOP('',(#7708,#7709,#7715,#7716));
#7708 = ORIENTED_EDGE('',*,*,#7485,.F.);
#7709 = ORIENTED_EDGE('',*,*,#7710,.T.);
#7710 = EDGE_CURVE('',#7486,#7550,#7711,.T.);
#7711 = LINE('',#7712,#7713);
#7712 = CARTESIAN_POINT('',(-1.9,0.5,0.));
#7713 = VECTOR('',#7714,1.);
#7714 = DIRECTION('',(-2.22044604925E-16,-1.,0.));
#7715 = ORIENTED_EDGE('',*,*,#7549,.T.);
#7716 = ORIENTED_EDGE('',*,*,#7717,.F.);
#7717 = EDGE_CURVE('',#7488,#7552,#7718,.T.);
#7718 = LINE('',#7719,#7720);
#7719 = CARTESIAN_POINT('',(-1.9,0.5,0.25));
#7720 = VECTOR('',#7721,1.);
#7721 = DIRECTION('',(-2.22044604925E-16,-1.,0.));
#7722 = PLANE('',#7723);
#7723 = AXIS2_PLACEMENT_3D('',#7724,#7725,#7726);
#7724 = CARTESIAN_POINT('',(-1.9,0.5,0.));
#7725 = DIRECTION('',(-1.,2.22044604925E-16,0.));
#7726 = DIRECTION('',(0.,0.,1.));
#7727 = ADVANCED_FACE('',(#7728),#7734,.T.);
#7728 = FACE_BOUND('',#7729,.T.);
#7729 = EDGE_LOOP('',(#7730,#7731,#7732,#7733));
#7730 = ORIENTED_EDGE('',*,*,#7686,.F.);
#7731 = ORIENTED_EDGE('',*,*,#7511,.T.);
#7732 = ORIENTED_EDGE('',*,*,#7717,.T.);
#7733 = ORIENTED_EDGE('',*,*,#7577,.F.);
#7734 = PLANE('',#7735);
#7735 = AXIS2_PLACEMENT_3D('',#7736,#7737,#7738);
#7736 = CARTESIAN_POINT('',(-1.3,0.5,0.25));
#7737 = DIRECTION('',(0.,0.,1.));
#7738 = DIRECTION('',(-1.,2.22044604925E-16,0.));
#7739 = ADVANCED_FACE('',(#7740),#7746,.F.);
#7740 = FACE_BOUND('',#7741,.F.);
#7741 = EDGE_LOOP('',(#7742,#7743,#7744,#7745));
#7742 = ORIENTED_EDGE('',*,*,#7526,.F.);
#7743 = ORIENTED_EDGE('',*,*,#7495,.T.);
#7744 = ORIENTED_EDGE('',*,*,#7710,.T.);
#7745 = ORIENTED_EDGE('',*,*,#7559,.F.);
#7746 = PLANE('',#7747);
#7747 = AXIS2_PLACEMENT_3D('',#7748,#7749,#7750);
#7748 = CARTESIAN_POINT('',(-1.3,0.5,0.));
#7749 = DIRECTION('',(0.,0.,1.));
#7750 = DIRECTION('',(-1.,2.22044604925E-16,0.));
#7751 = ADVANCED_FACE('',(#7752,#7758),#7792,.F.);
#7752 = FACE_BOUND('',#7753,.F.);
#7753 = EDGE_LOOP('',(#7754,#7755,#7756,#7757));
#7754 = ORIENTED_EDGE('',*,*,#7641,.F.);
#7755 = ORIENTED_EDGE('',*,*,#7694,.F.);
#7756 = ORIENTED_EDGE('',*,*,#7670,.F.);
#7757 = ORIENTED_EDGE('',*,*,#7618,.F.);
#7758 = FACE_BOUND('',#7759,.F.);
#7759 = EDGE_LOOP('',(#7760,#7770,#7778,#7786));
#7760 = ORIENTED_EDGE('',*,*,#7761,.F.);
#7761 = EDGE_CURVE('',#7762,#7764,#7766,.T.);
#7762 = VERTEX_POINT('',#7763);
#7763 = CARTESIAN_POINT('',(-1.284383502356,0.784383502356,1.));
#7764 = VERTEX_POINT('',#7765);
#7765 = CARTESIAN_POINT('',(-0.884383502356,0.784383502356,1.));
#7766 = LINE('',#7767,#7768);
#7767 = CARTESIAN_POINT('',(-1.309383502356,0.784383502356,1.));
#7768 = VECTOR('',#7769,1.);
#7769 = DIRECTION('',(1.,0.,0.));
#7770 = ORIENTED_EDGE('',*,*,#7771,.T.);
#7771 = EDGE_CURVE('',#7762,#7772,#7774,.T.);
#7772 = VERTEX_POINT('',#7773);
#7773 = CARTESIAN_POINT('',(-1.284383502356,-0.784383502356,1.));
#7774 = LINE('',#7775,#7776);
#7775 = CARTESIAN_POINT('',(-1.284383502356,-0.809383502356,1.));
#7776 = VECTOR('',#7777,1.);
#7777 = DIRECTION('',(0.,-1.,0.));
#7778 = ORIENTED_EDGE('',*,*,#7779,.T.);
#7779 = EDGE_CURVE('',#7772,#7780,#7782,.T.);
#7780 = VERTEX_POINT('',#7781);
#7781 = CARTESIAN_POINT('',(-0.884383502356,-0.784383502356,1.));
#7782 = LINE('',#7783,#7784);
#7783 = CARTESIAN_POINT('',(-1.309383502356,-0.784383502356,1.));
#7784 = VECTOR('',#7785,1.);
#7785 = DIRECTION('',(1.,0.,0.));
#7786 = ORIENTED_EDGE('',*,*,#7787,.F.);
#7787 = EDGE_CURVE('',#7764,#7780,#7788,.T.);
#7788 = LINE('',#7789,#7790);
#7789 = CARTESIAN_POINT('',(-0.884383502356,-0.809383502356,1.));
#7790 = VECTOR('',#7791,1.);
#7791 = DIRECTION('',(0.,-1.,0.));
#7792 = PLANE('',#7793);
#7793 = AXIS2_PLACEMENT_3D('',#7794,#7795,#7796);
#7794 = CARTESIAN_POINT('',(-1.334383502356,-0.834383502356,1.));
#7795 = DIRECTION('',(0.,0.,-1.));
#7796 = DIRECTION('',(0.847885819971,0.530178871978,0.));
#7797 = ADVANCED_FACE('',(#7798),#7823,.F.);
#7798 = FACE_BOUND('',#7799,.F.);
#7799 = EDGE_LOOP('',(#7800,#7808,#7816,#7822));
#7800 = ORIENTED_EDGE('',*,*,#7801,.F.);
#7801 = EDGE_CURVE('',#7802,#7764,#7804,.T.);
#7802 = VERTEX_POINT('',#7803);
#7803 = CARTESIAN_POINT('',(-0.884383502356,0.784383502356,0.99));
#7804 = LINE('',#7805,#7806);
#7805 = CARTESIAN_POINT('',(-0.884383502356,0.784383502356,0.99));
#7806 = VECTOR('',#7807,1.);
#7807 = DIRECTION('',(0.,0.,1.));
#7808 = ORIENTED_EDGE('',*,*,#7809,.F.);
#7809 = EDGE_CURVE('',#7810,#7802,#7812,.T.);
#7810 = VERTEX_POINT('',#7811);
#7811 = CARTESIAN_POINT('',(-1.284383502356,0.784383502356,0.99));
#7812 = LINE('',#7813,#7814);
#7813 = CARTESIAN_POINT('',(-1.284383502356,0.784383502356,0.99));
#7814 = VECTOR('',#7815,1.);
#7815 = DIRECTION('',(1.,0.,0.));
#7816 = ORIENTED_EDGE('',*,*,#7817,.T.);
#7817 = EDGE_CURVE('',#7810,#7762,#7818,.T.);
#7818 = LINE('',#7819,#7820);
#7819 = CARTESIAN_POINT('',(-1.284383502356,0.784383502356,0.99));
#7820 = VECTOR('',#7821,1.);
#7821 = DIRECTION('',(0.,0.,1.));
#7822 = ORIENTED_EDGE('',*,*,#7761,.T.);
#7823 = PLANE('',#7824);
#7824 = AXIS2_PLACEMENT_3D('',#7825,#7826,#7827);
#7825 = CARTESIAN_POINT('',(-1.284383502356,0.784383502356,0.99));
#7826 = DIRECTION('',(0.,1.,0.));
#7827 = DIRECTION('',(0.,-0.,1.));
#7828 = ADVANCED_FACE('',(#7829),#7847,.F.);
#7829 = FACE_BOUND('',#7830,.F.);
#7830 = EDGE_LOOP('',(#7831,#7839,#7845,#7846));
#7831 = ORIENTED_EDGE('',*,*,#7832,.F.);
#7832 = EDGE_CURVE('',#7833,#7780,#7835,.T.);
#7833 = VERTEX_POINT('',#7834);
#7834 = CARTESIAN_POINT('',(-0.884383502356,-0.784383502356,0.99));
#7835 = LINE('',#7836,#7837);
#7836 = CARTESIAN_POINT('',(-0.884383502356,-0.784383502356,0.99));
#7837 = VECTOR('',#7838,1.);
#7838 = DIRECTION('',(0.,0.,1.));
#7839 = ORIENTED_EDGE('',*,*,#7840,.T.);
#7840 = EDGE_CURVE('',#7833,#7802,#7841,.T.);
#7841 = LINE('',#7842,#7843);
#7842 = CARTESIAN_POINT('',(-0.884383502356,-0.784383502356,0.99));
#7843 = VECTOR('',#7844,1.);
#7844 = DIRECTION('',(0.,1.,0.));
#7845 = ORIENTED_EDGE('',*,*,#7801,.T.);
#7846 = ORIENTED_EDGE('',*,*,#7787,.T.);
#7847 = PLANE('',#7848);
#7848 = AXIS2_PLACEMENT_3D('',#7849,#7850,#7851);
#7849 = CARTESIAN_POINT('',(-0.884383502356,-0.784383502356,0.99));
#7850 = DIRECTION('',(1.,0.,0.));
#7851 = DIRECTION('',(0.,0.,1.));
#7852 = ADVANCED_FACE('',(#7853),#7871,.T.);
#7853 = FACE_BOUND('',#7854,.T.);
#7854 = EDGE_LOOP('',(#7855,#7856,#7864,#7870));
#7855 = ORIENTED_EDGE('',*,*,#7832,.F.);
#7856 = ORIENTED_EDGE('',*,*,#7857,.F.);
#7857 = EDGE_CURVE('',#7858,#7833,#7860,.T.);
#7858 = VERTEX_POINT('',#7859);
#7859 = CARTESIAN_POINT('',(-1.284383502356,-0.784383502356,0.99));
#7860 = LINE('',#7861,#7862);
#7861 = CARTESIAN_POINT('',(-1.284383502356,-0.784383502356,0.99));
#7862 = VECTOR('',#7863,1.);
#7863 = DIRECTION('',(1.,0.,0.));
#7864 = ORIENTED_EDGE('',*,*,#7865,.T.);
#7865 = EDGE_CURVE('',#7858,#7772,#7866,.T.);
#7866 = LINE('',#7867,#7868);
#7867 = CARTESIAN_POINT('',(-1.284383502356,-0.784383502356,0.99));
#7868 = VECTOR('',#7869,1.);
#7869 = DIRECTION('',(0.,0.,1.));
#7870 = ORIENTED_EDGE('',*,*,#7779,.T.);
#7871 = PLANE('',#7872);
#7872 = AXIS2_PLACEMENT_3D('',#7873,#7874,#7875);
#7873 = CARTESIAN_POINT('',(-1.284383502356,-0.784383502356,0.99));
#7874 = DIRECTION('',(0.,1.,0.));
#7875 = DIRECTION('',(0.,-0.,1.));
#7876 = ADVANCED_FACE('',(#7877),#7888,.T.);
#7877 = FACE_BOUND('',#7878,.T.);
#7878 = EDGE_LOOP('',(#7879,#7880,#7886,#7887));
#7879 = ORIENTED_EDGE('',*,*,#7865,.F.);
#7880 = ORIENTED_EDGE('',*,*,#7881,.T.);
#7881 = EDGE_CURVE('',#7858,#7810,#7882,.T.);
#7882 = LINE('',#7883,#7884);
#7883 = CARTESIAN_POINT('',(-1.284383502356,-0.784383502356,0.99));
#7884 = VECTOR('',#7885,1.);
#7885 = DIRECTION('',(0.,1.,0.));
#7886 = ORIENTED_EDGE('',*,*,#7817,.T.);
#7887 = ORIENTED_EDGE('',*,*,#7771,.T.);
#7888 = PLANE('',#7889);
#7889 = AXIS2_PLACEMENT_3D('',#7890,#7891,#7892);
#7890 = CARTESIAN_POINT('',(-1.284383502356,-0.784383502356,0.99));
#7891 = DIRECTION('',(1.,0.,0.));
#7892 = DIRECTION('',(0.,0.,1.));
#7893 = ADVANCED_FACE('',(#7894),#7900,.T.);
#7894 = FACE_BOUND('',#7895,.T.);
#7895 = EDGE_LOOP('',(#7896,#7897,#7898,#7899));
#7896 = ORIENTED_EDGE('',*,*,#7881,.F.);
#7897 = ORIENTED_EDGE('',*,*,#7857,.T.);
#7898 = ORIENTED_EDGE('',*,*,#7840,.T.);
#7899 = ORIENTED_EDGE('',*,*,#7809,.F.);
#7900 = PLANE('',#7901);
#7901 = AXIS2_PLACEMENT_3D('',#7902,#7903,#7904);
#7902 = CARTESIAN_POINT('',(-1.284383502356,-0.784383502356,0.99));
#7903 = DIRECTION('',(0.,0.,1.));
#7904 = DIRECTION('',(1.,0.,-0.));
#7905 = ( GEOMETRIC_REPRESENTATION_CONTEXT(3) 
GLOBAL_UNCERTAINTY_ASSIGNED_CONTEXT((#7909)) 
GLOBAL_UNIT_ASSIGNED_CONTEXT((#7906,#7907,#7908)) REPRESENTATION_CONTEXT
('Context #1','3D Context with UNIT and UNCERTAINTY') );
#7906 = ( LENGTH_UNIT() NAMED_UNIT(*) SI_UNIT(.MILLI.,.METRE.) );
#7907 = ( NAMED_UNIT(*) PLANE_ANGLE_UNIT() SI_UNIT($,.RADIAN.) );
#7908 = ( NAMED_UNIT(*) SI_UNIT($,.STERADIAN.) SOLID_ANGLE_UNIT() );
#7909 = UNCERTAINTY_MEASURE_WITH_UNIT(LENGTH_MEASURE(1.E-05),#7906,
  'distance_accuracy_value','confusion accuracy');
#7910 = CONTEXT_DEPENDENT_SHAPE_REPRESENTATION(#7911,#7913);
#7911 = ( REPRESENTATION_RELATIONSHIP('','',#7090,#10) 
REPRESENTATION_RELATIONSHIP_WITH_TRANSFORMATION(#7912) 
SHAPE_REPRESENTATION_RELATIONSHIP() );
#7912 = ITEM_DEFINED_TRANSFORMATION('','',#11,#55);
#7913 = PRODUCT_DEFINITION_SHAPE('Placement','Placement of an item',
  #7914);
#7914 = NEXT_ASSEMBLY_USAGE_OCCURRENCE('11','D4','',#5,#7085,$);
#7915 = PRODUCT_RELATED_PRODUCT_CATEGORY('part',$,(#7087));
#7916 = CONTEXT_DEPENDENT_SHAPE_REPRESENTATION(#7917,#7919);
#7917 = ( REPRESENTATION_RELATIONSHIP('','',#116,#10) 
REPRESENTATION_RELATIONSHIP_WITH_TRANSFORMATION(#7918) 
SHAPE_REPRESENTATION_RELATIONSHIP() );
#7918 = ITEM_DEFINED_TRANSFORMATION('','',#11,#59);
#7919 = PRODUCT_DEFINITION_SHAPE('Placement','Placement of an item',
  #7920);
#7920 = NEXT_ASSEMBLY_USAGE_OCCURRENCE('12','R4','',#5,#111,$);
#7921 = SHAPE_DEFINITION_REPRESENTATION(#7922,#7928);
#7922 = PRODUCT_DEFINITION_SHAPE('','',#7923);
#7923 = PRODUCT_DEFINITION('design','',#7924,#7927);
#7924 = PRODUCT_DEFINITION_FORMATION('','',#7925);
#7925 = PRODUCT('SSOP-10-1EP_3.9x4.9mm_P1mm_EP2.1x3.3mm',
  'SSOP-10-1EP_3.9x4.9mm_P1mm_EP2.1x3.3mm','',(#7926));
#7926 = PRODUCT_CONTEXT('',#2,'mechanical');
#7927 = PRODUCT_DEFINITION_CONTEXT('part definition',#2,'design');
#7928 = ADVANCED_BREP_SHAPE_REPRESENTATION('',(#11,#7929),#13473);
#7929 = MANIFOLD_SOLID_BREP('',#7930);
#7930 = CLOSED_SHELL('',(#7931,#7969,#8066,#8089,#8118,#8141,#8244,#8347
    ,#8370,#8393,#8410,#8441,#8465,#8489,#8506,#8529,#8617,#8633,#8663,
    #8694,#8725,#8756,#8787,#8818,#8849,#8880,#8911,#8942,#8959,#8976,
    #9007,#9038,#9069,#9100,#9131,#9162,#9193,#9224,#9255,#9285,#9308,
    #9331,#9348,#9360,#9405,#9507,#9530,#9553,#9576,#9679,#9717,#9766,
    #9858,#9883,#9967,#9989,#10081,#10106,#10190,#10212,#10304,#10329,
    #10413,#10435,#10527,#10552,#10636,#10653,#10738,#10763,#10840,
    #10925,#10950,#11027,#11044,#11136,#11161,#11245,#11267,#11359,
    #11384,#11468,#11490,#11582,#11607,#11691,#11713,#11805,#11830,
    #11914,#11931,#11950,#11969,#11988,#12007,#12053,#12069,#12088,
    #12107,#12126,#12145,#12161,#12178,#12190,#12207,#12224,#12241,
    #12258,#12275,#12292,#12309,#12321,#12338,#12355,#12372,#12389,
    #12406,#12423,#12440,#12452,#12469,#12486,#12503,#12520,#12537,
    #12554,#12571,#12583,#12600,#12617,#12634,#12651,#12668,#12685,
    #12702,#12714,#12731,#12748,#12765,#12782,#12799,#12816,#12828,
    #12845,#12862,#12879,#12896,#12913,#12930,#12942,#12959,#12976,
    #12993,#13010,#13027,#13044,#13061,#13073,#13090,#13107,#13124,
    #13141,#13158,#13175,#13192,#13204,#13221,#13238,#13255,#13272,
    #13289,#13306,#13323,#13335,#13352,#13369,#13386,#13403,#13420,
    #13437,#13454,#13466));
#7931 = ADVANCED_FACE('',(#7932),#7964,.F.);
#7932 = FACE_BOUND('',#7933,.F.);
#7933 = EDGE_LOOP('',(#7934,#7944,#7951,#7959));
#7934 = ORIENTED_EDGE('',*,*,#7935,.T.);
#7935 = EDGE_CURVE('',#7936,#7938,#7940,.T.);
#7936 = VERTEX_POINT('',#7937);
#7937 = CARTESIAN_POINT('',(-1.719565445886,2.339130891773,0.1));
#7938 = VERTEX_POINT('',#7939);
#7939 = CARTESIAN_POINT('',(1.719565445886,2.339130891773,0.1));
#7940 = LINE('',#7941,#7942);
#7941 = CARTESIAN_POINT('',(-1.719565445886,2.339130891773,0.1));
#7942 = VECTOR('',#7943,1.);
#7943 = DIRECTION('',(1.,1.110223024625E-16,0.));
#7944 = ORIENTED_EDGE('',*,*,#7945,.T.);
#7945 = EDGE_CURVE('',#7938,#7946,#7948,.T.);
#7946 = VERTEX_POINT('',#7947);
#7947 = CARTESIAN_POINT('',(1.775,2.45,0.8));
#7948 = B_SPLINE_CURVE_WITH_KNOTS('',1,(#7949,#7950),.UNSPECIFIED.,.F.,
  .F.,(2,2),(0.,1.),.PIECEWISE_BEZIER_KNOTS.);
#7949 = CARTESIAN_POINT('',(1.719565445886,2.339130891773,0.1));
#7950 = CARTESIAN_POINT('',(1.775,2.45,0.8));
#7951 = ORIENTED_EDGE('',*,*,#7952,.F.);
#7952 = EDGE_CURVE('',#7953,#7946,#7955,.T.);
#7953 = VERTEX_POINT('',#7954);
#7954 = CARTESIAN_POINT('',(-1.775,2.45,0.8));
#7955 = LINE('',#7956,#7957);
#7956 = CARTESIAN_POINT('',(-1.775,2.45,0.8));
#7957 = VECTOR('',#7958,1.);
#7958 = DIRECTION('',(1.,1.110223024625E-16,0.));
#7959 = ORIENTED_EDGE('',*,*,#7960,.F.);
#7960 = EDGE_CURVE('',#7936,#7953,#7961,.T.);
#7961 = B_SPLINE_CURVE_WITH_KNOTS('',1,(#7962,#7963),.UNSPECIFIED.,.F.,
  .F.,(2,2),(0.,1.),.PIECEWISE_BEZIER_KNOTS.);
#7962 = CARTESIAN_POINT('',(-1.719565445886,2.339130891773,0.1));
#7963 = CARTESIAN_POINT('',(-1.775,2.45,0.8));
#7964 = B_SPLINE_SURFACE_WITH_KNOTS('',1,1,(
    (#7965,#7966)
    ,(#7967,#7968
    )),.UNSPECIFIED.,.F.,.F.,.F.,(2,2),(2,2),(0.,3.55),(0.,1.),
  .PIECEWISE_BEZIER_KNOTS.);
#7965 = CARTESIAN_POINT('',(-1.719565445886,2.339130891773,0.1));
#7966 = CARTESIAN_POINT('',(-1.775,2.45,0.8));
#7967 = CARTESIAN_POINT('',(1.719565445886,2.339130891773,0.1));
#7968 = CARTESIAN_POINT('',(1.775,2.45,0.8));
#7969 = ADVANCED_FACE('',(#7970,#8027),#8061,.F.);
#7970 = FACE_BOUND('',#7971,.F.);
#7971 = EDGE_LOOP('',(#7972,#7973,#7981,#7989,#7997,#8005,#8013,#8021));
#7972 = ORIENTED_EDGE('',*,*,#7935,.F.);
#7973 = ORIENTED_EDGE('',*,*,#7974,.F.);
#7974 = EDGE_CURVE('',#7975,#7936,#7977,.T.);
#7975 = VERTEX_POINT('',#7976);
#7976 = CARTESIAN_POINT('',(-1.839130891773,2.219565445886,0.1));
#7977 = LINE('',#7978,#7979);
#7978 = CARTESIAN_POINT('',(-1.839130891773,2.219565445886,0.1));
#7979 = VECTOR('',#7980,1.);
#7980 = DIRECTION('',(0.707106781187,0.707106781187,0.));
#7981 = ORIENTED_EDGE('',*,*,#7982,.F.);
#7982 = EDGE_CURVE('',#7983,#7975,#7985,.T.);
#7983 = VERTEX_POINT('',#7984);
#7984 = CARTESIAN_POINT('',(-1.839130891773,-2.219565445886,0.1));
#7985 = LINE('',#7986,#7987);
#7986 = CARTESIAN_POINT('',(-1.839130891773,-2.219565445886,0.1));
#7987 = VECTOR('',#7988,1.);
#7988 = DIRECTION('',(-1.110223024625E-16,1.,0.));
#7989 = ORIENTED_EDGE('',*,*,#7990,.F.);
#7990 = EDGE_CURVE('',#7991,#7983,#7993,.T.);
#7991 = VERTEX_POINT('',#7992);
#7992 = CARTESIAN_POINT('',(-1.719565445886,-2.339130891773,0.1));
#7993 = LINE('',#7994,#7995);
#7994 = CARTESIAN_POINT('',(-1.719565445886,-2.339130891773,0.1));
#7995 = VECTOR('',#7996,1.);
#7996 = DIRECTION('',(-0.707106781187,0.707106781187,0.));
#7997 = ORIENTED_EDGE('',*,*,#7998,.F.);
#7998 = EDGE_CURVE('',#7999,#7991,#8001,.T.);
#7999 = VERTEX_POINT('',#8000);
#8000 = CARTESIAN_POINT('',(1.719565445886,-2.339130891773,0.1));
#8001 = LINE('',#8002,#8003);
#8002 = CARTESIAN_POINT('',(1.719565445886,-2.339130891773,0.1));
#8003 = VECTOR('',#8004,1.);
#8004 = DIRECTION('',(-1.,-1.110223024625E-16,0.));
#8005 = ORIENTED_EDGE('',*,*,#8006,.F.);
#8006 = EDGE_CURVE('',#8007,#7999,#8009,.T.);
#8007 = VERTEX_POINT('',#8008);
#8008 = CARTESIAN_POINT('',(1.839130891773,-2.219565445886,0.1));
#8009 = LINE('',#8010,#8011);
#8010 = CARTESIAN_POINT('',(1.839130891773,-2.219565445886,0.1));
#8011 = VECTOR('',#8012,1.);
#8012 = DIRECTION('',(-0.707106781187,-0.707106781187,0.));
#8013 = ORIENTED_EDGE('',*,*,#8014,.F.);
#8014 = EDGE_CURVE('',#8015,#8007,#8017,.T.);
#8015 = VERTEX_POINT('',#8016);
#8016 = CARTESIAN_POINT('',(1.839130891773,2.219565445886,0.1));
#8017 = LINE('',#8018,#8019);
#8018 = CARTESIAN_POINT('',(1.839130891773,2.219565445886,0.1));
#8019 = VECTOR('',#8020,1.);
#8020 = DIRECTION('',(1.110223024625E-16,-1.,0.));
#8021 = ORIENTED_EDGE('',*,*,#8022,.F.);
#8022 = EDGE_CURVE('',#7938,#8015,#8023,.T.);
#8023 = LINE('',#8024,#8025);
#8024 = CARTESIAN_POINT('',(1.719565445886,2.339130891773,0.1));
#8025 = VECTOR('',#8026,1.);
#8026 = DIRECTION('',(0.707106781187,-0.707106781187,0.));
#8027 = FACE_BOUND('',#8028,.F.);
#8028 = EDGE_LOOP('',(#8029,#8039,#8047,#8055));
#8029 = ORIENTED_EDGE('',*,*,#8030,.T.);
#8030 = EDGE_CURVE('',#8031,#8033,#8035,.T.);
#8031 = VERTEX_POINT('',#8032);
#8032 = CARTESIAN_POINT('',(-1.05,1.65,0.1));
#8033 = VERTEX_POINT('',#8034);
#8034 = CARTESIAN_POINT('',(1.05,1.65,0.1));
#8035 = LINE('',#8036,#8037);
#8036 = CARTESIAN_POINT('',(-1.05,1.65,0.1));
#8037 = VECTOR('',#8038,1.);
#8038 = DIRECTION('',(1.,1.110223024625E-16,0.));
#8039 = ORIENTED_EDGE('',*,*,#8040,.T.);
#8040 = EDGE_CURVE('',#8033,#8041,#8043,.T.);
#8041 = VERTEX_POINT('',#8042);
#8042 = CARTESIAN_POINT('',(1.05,-1.65,0.1));
#8043 = LINE('',#8044,#8045);
#8044 = CARTESIAN_POINT('',(1.05,1.65,0.1));
#8045 = VECTOR('',#8046,1.);
#8046 = DIRECTION('',(1.110223024625E-16,-1.,0.));
#8047 = ORIENTED_EDGE('',*,*,#8048,.F.);
#8048 = EDGE_CURVE('',#8049,#8041,#8051,.T.);
#8049 = VERTEX_POINT('',#8050);
#8050 = CARTESIAN_POINT('',(-1.05,-1.65,0.1));
#8051 = LINE('',#8052,#8053);
#8052 = CARTESIAN_POINT('',(-1.05,-1.65,0.1));
#8053 = VECTOR('',#8054,1.);
#8054 = DIRECTION('',(1.,1.110223024625E-16,0.));
#8055 = ORIENTED_EDGE('',*,*,#8056,.F.);
#8056 = EDGE_CURVE('',#8031,#8049,#8057,.T.);
#8057 = LINE('',#8058,#8059);
#8058 = CARTESIAN_POINT('',(-1.05,1.65,0.1));
#8059 = VECTOR('',#8060,1.);
#8060 = DIRECTION('',(1.110223024625E-16,-1.,0.));
#8061 = PLANE('',#8062);
#8062 = AXIS2_PLACEMENT_3D('',#8063,#8064,#8065);
#8063 = CARTESIAN_POINT('',(-1.719565445886,2.339130891773,0.1));
#8064 = DIRECTION('',(0.,0.,1.));
#8065 = DIRECTION('',(0.592304653189,-0.805714091853,0.));
#8066 = ADVANCED_FACE('',(#8067),#8084,.F.);
#8067 = FACE_BOUND('',#8068,.F.);
#8068 = EDGE_LOOP('',(#8069,#8070,#8077,#8083));
#8069 = ORIENTED_EDGE('',*,*,#8022,.T.);
#8070 = ORIENTED_EDGE('',*,*,#8071,.T.);
#8071 = EDGE_CURVE('',#8015,#8072,#8074,.T.);
#8072 = VERTEX_POINT('',#8073);
#8073 = CARTESIAN_POINT('',(1.95,2.275,0.8));
#8074 = B_SPLINE_CURVE_WITH_KNOTS('',1,(#8075,#8076),.UNSPECIFIED.,.F.,
  .F.,(2,2),(0.,1.),.PIECEWISE_BEZIER_KNOTS.);
#8075 = CARTESIAN_POINT('',(1.839130891773,2.219565445886,0.1));
#8076 = CARTESIAN_POINT('',(1.95,2.275,0.8));
#8077 = ORIENTED_EDGE('',*,*,#8078,.F.);
#8078 = EDGE_CURVE('',#7946,#8072,#8079,.T.);
#8079 = LINE('',#8080,#8081);
#8080 = CARTESIAN_POINT('',(1.775,2.45,0.8));
#8081 = VECTOR('',#8082,1.);
#8082 = DIRECTION('',(0.707106781187,-0.707106781187,0.));
#8083 = ORIENTED_EDGE('',*,*,#7945,.F.);
#8084 = B_SPLINE_SURFACE_WITH_KNOTS('',1,1,(
    (#8085,#8086)
    ,(#8087,#8088
    )),.UNSPECIFIED.,.F.,.F.,.F.,(2,2),(2,2),(0.,0.247487373415),(0.,1.)
  ,.PIECEWISE_BEZIER_KNOTS.);
#8085 = CARTESIAN_POINT('',(1.719565445886,2.339130891773,0.1));
#8086 = CARTESIAN_POINT('',(1.775,2.45,0.8));
#8087 = CARTESIAN_POINT('',(1.839130891773,2.219565445886,0.1));
#8088 = CARTESIAN_POINT('',(1.95,2.275,0.8));
#8089 = ADVANCED_FACE('',(#8090),#8113,.F.);
#8090 = FACE_BOUND('',#8091,.F.);
#8091 = EDGE_LOOP('',(#8092,#8093,#8100,#8108));
#8092 = ORIENTED_EDGE('',*,*,#7952,.T.);
#8093 = ORIENTED_EDGE('',*,*,#8094,.T.);
#8094 = EDGE_CURVE('',#7946,#8095,#8097,.T.);
#8095 = VERTEX_POINT('',#8096);
#8096 = CARTESIAN_POINT('',(1.775,2.45,0.9));
#8097 = B_SPLINE_CURVE_WITH_KNOTS('',1,(#8098,#8099),.UNSPECIFIED.,.F.,
  .F.,(2,2),(0.,1.),.PIECEWISE_BEZIER_KNOTS.);
#8098 = CARTESIAN_POINT('',(1.775,2.45,0.8));
#8099 = CARTESIAN_POINT('',(1.775,2.45,0.9));
#8100 = ORIENTED_EDGE('',*,*,#8101,.F.);
#8101 = EDGE_CURVE('',#8102,#8095,#8104,.T.);
#8102 = VERTEX_POINT('',#8103);
#8103 = CARTESIAN_POINT('',(-1.775,2.45,0.9));
#8104 = LINE('',#8105,#8106);
#8105 = CARTESIAN_POINT('',(-1.775,2.45,0.9));
#8106 = VECTOR('',#8107,1.);
#8107 = DIRECTION('',(1.,1.110223024625E-16,0.));
#8108 = ORIENTED_EDGE('',*,*,#8109,.F.);
#8109 = EDGE_CURVE('',#7953,#8102,#8110,.T.);
#8110 = B_SPLINE_CURVE_WITH_KNOTS('',1,(#8111,#8112),.UNSPECIFIED.,.F.,
  .F.,(2,2),(0.,1.),.PIECEWISE_BEZIER_KNOTS.);
#8111 = CARTESIAN_POINT('',(-1.775,2.45,0.8));
#8112 = CARTESIAN_POINT('',(-1.775,2.45,0.9));
#8113 = PLANE('',#8114);
#8114 = AXIS2_PLACEMENT_3D('',#8115,#8116,#8117);
#8115 = CARTESIAN_POINT('',(-1.775,2.45,0.9));
#8116 = DIRECTION('',(1.110223024625E-16,-1.,0.));
#8117 = DIRECTION('',(1.,1.110223024625E-16,0.));
#8118 = ADVANCED_FACE('',(#8119),#8136,.F.);
#8119 = FACE_BOUND('',#8120,.F.);
#8120 = EDGE_LOOP('',(#8121,#8122,#8123,#8131));
#8121 = ORIENTED_EDGE('',*,*,#7974,.T.);
#8122 = ORIENTED_EDGE('',*,*,#7960,.T.);
#8123 = ORIENTED_EDGE('',*,*,#8124,.F.);
#8124 = EDGE_CURVE('',#8125,#7953,#8127,.T.);
#8125 = VERTEX_POINT('',#8126);
#8126 = CARTESIAN_POINT('',(-1.95,2.275,0.8));
#8127 = LINE('',#8128,#8129);
#8128 = CARTESIAN_POINT('',(-1.95,2.275,0.8));
#8129 = VECTOR('',#8130,1.);
#8130 = DIRECTION('',(0.707106781187,0.707106781187,0.));
#8131 = ORIENTED_EDGE('',*,*,#8132,.F.);
#8132 = EDGE_CURVE('',#7975,#8125,#8133,.T.);
#8133 = B_SPLINE_CURVE_WITH_KNOTS('',1,(#8134,#8135),.UNSPECIFIED.,.F.,
  .F.,(2,2),(0.,1.),.PIECEWISE_BEZIER_KNOTS.);
#8134 = CARTESIAN_POINT('',(-1.839130891773,2.219565445886,0.1));
#8135 = CARTESIAN_POINT('',(-1.95,2.275,0.8));
#8136 = B_SPLINE_SURFACE_WITH_KNOTS('',1,1,(
    (#8137,#8138)
    ,(#8139,#8140
    )),.UNSPECIFIED.,.F.,.F.,.F.,(2,2),(2,2),(0.,0.247487373415),(0.,1.)
  ,.PIECEWISE_BEZIER_KNOTS.);
#8137 = CARTESIAN_POINT('',(-1.839130891773,2.219565445886,0.1));
#8138 = CARTESIAN_POINT('',(-1.95,2.275,0.8));
#8139 = CARTESIAN_POINT('',(-1.719565445886,2.339130891773,0.1));
#8140 = CARTESIAN_POINT('',(-1.775,2.45,0.8));
#8141 = ADVANCED_FACE('',(#8142),#8239,.F.);
#8142 = FACE_BOUND('',#8143,.F.);
#8143 = EDGE_LOOP('',(#8144,#8145,#8146,#8154,#8162,#8170,#8178,#8186,
    #8194,#8202,#8210,#8218,#8226,#8234));
#8144 = ORIENTED_EDGE('',*,*,#7982,.T.);
#8145 = ORIENTED_EDGE('',*,*,#8132,.T.);
#8146 = ORIENTED_EDGE('',*,*,#8147,.F.);
#8147 = EDGE_CURVE('',#8148,#8125,#8150,.T.);
#8148 = VERTEX_POINT('',#8149);
#8149 = CARTESIAN_POINT('',(-1.95,2.2,0.8));
#8150 = LINE('',#8151,#8152);
#8151 = CARTESIAN_POINT('',(-1.95,-2.275,0.8));
#8152 = VECTOR('',#8153,1.);
#8153 = DIRECTION('',(-1.110223024625E-16,1.,0.));
#8154 = ORIENTED_EDGE('',*,*,#8155,.F.);
#8155 = EDGE_CURVE('',#8156,#8148,#8158,.T.);
#8156 = VERTEX_POINT('',#8157);
#8157 = CARTESIAN_POINT('',(-1.95,1.8,0.8));
#8158 = LINE('',#8159,#8160);
#8159 = CARTESIAN_POINT('',(-1.95,-2.275,0.8));
#8160 = VECTOR('',#8161,1.);
#8161 = DIRECTION('',(-1.110223024625E-16,1.,0.));
#8162 = ORIENTED_EDGE('',*,*,#8163,.F.);
#8163 = EDGE_CURVE('',#8164,#8156,#8166,.T.);
#8164 = VERTEX_POINT('',#8165);
#8165 = CARTESIAN_POINT('',(-1.95,1.2,0.8));
#8166 = LINE('',#8167,#8168);
#8167 = CARTESIAN_POINT('',(-1.95,-2.275,0.8));
#8168 = VECTOR('',#8169,1.);
#8169 = DIRECTION('',(-1.110223024625E-16,1.,0.));
#8170 = ORIENTED_EDGE('',*,*,#8171,.F.);
#8171 = EDGE_CURVE('',#8172,#8164,#8174,.T.);
#8172 = VERTEX_POINT('',#8173);
#8173 = CARTESIAN_POINT('',(-1.95,0.8,0.8));
#8174 = LINE('',#8175,#8176);
#8175 = CARTESIAN_POINT('',(-1.95,-2.275,0.8));
#8176 = VECTOR('',#8177,1.);
#8177 = DIRECTION('',(-1.110223024625E-16,1.,0.));
#8178 = ORIENTED_EDGE('',*,*,#8179,.F.);
#8179 = EDGE_CURVE('',#8180,#8172,#8182,.T.);
#8180 = VERTEX_POINT('',#8181);
#8181 = CARTESIAN_POINT('',(-1.95,0.2,0.8));
#8182 = LINE('',#8183,#8184);
#8183 = CARTESIAN_POINT('',(-1.95,-2.275,0.8));
#8184 = VECTOR('',#8185,1.);
#8185 = DIRECTION('',(-1.110223024625E-16,1.,0.));
#8186 = ORIENTED_EDGE('',*,*,#8187,.F.);
#8187 = EDGE_CURVE('',#8188,#8180,#8190,.T.);
#8188 = VERTEX_POINT('',#8189);
#8189 = CARTESIAN_POINT('',(-1.95,-0.2,0.8));
#8190 = LINE('',#8191,#8192);
#8191 = CARTESIAN_POINT('',(-1.95,-2.275,0.8));
#8192 = VECTOR('',#8193,1.);
#8193 = DIRECTION('',(-1.110223024625E-16,1.,0.));
#8194 = ORIENTED_EDGE('',*,*,#8195,.F.);
#8195 = EDGE_CURVE('',#8196,#8188,#8198,.T.);
#8196 = VERTEX_POINT('',#8197);
#8197 = CARTESIAN_POINT('',(-1.95,-0.8,0.8));
#8198 = LINE('',#8199,#8200);
#8199 = CARTESIAN_POINT('',(-1.95,-2.275,0.8));
#8200 = VECTOR('',#8201,1.);
#8201 = DIRECTION('',(-1.110223024625E-16,1.,0.));
#8202 = ORIENTED_EDGE('',*,*,#8203,.F.);
#8203 = EDGE_CURVE('',#8204,#8196,#8206,.T.);
#8204 = VERTEX_POINT('',#8205);
#8205 = CARTESIAN_POINT('',(-1.95,-1.2,0.8));
#8206 = LINE('',#8207,#8208);
#8207 = CARTESIAN_POINT('',(-1.95,-2.275,0.8));
#8208 = VECTOR('',#8209,1.);
#8209 = DIRECTION('',(-1.110223024625E-16,1.,0.));
#8210 = ORIENTED_EDGE('',*,*,#8211,.F.);
#8211 = EDGE_CURVE('',#8212,#8204,#8214,.T.);
#8212 = VERTEX_POINT('',#8213);
#8213 = CARTESIAN_POINT('',(-1.95,-1.8,0.8));
#8214 = LINE('',#8215,#8216);
#8215 = CARTESIAN_POINT('',(-1.95,-2.275,0.8));
#8216 = VECTOR('',#8217,1.);
#8217 = DIRECTION('',(-1.110223024625E-16,1.,0.));
#8218 = ORIENTED_EDGE('',*,*,#8219,.F.);
#8219 = EDGE_CURVE('',#8220,#8212,#8222,.T.);
#8220 = VERTEX_POINT('',#8221);
#8221 = CARTESIAN_POINT('',(-1.95,-2.2,0.8));
#8222 = LINE('',#8223,#8224);
#8223 = CARTESIAN_POINT('',(-1.95,-2.275,0.8));
#8224 = VECTOR('',#8225,1.);
#8225 = DIRECTION('',(-1.110223024625E-16,1.,0.));
#8226 = ORIENTED_EDGE('',*,*,#8227,.F.);
#8227 = EDGE_CURVE('',#8228,#8220,#8230,.T.);
#8228 = VERTEX_POINT('',#8229);
#8229 = CARTESIAN_POINT('',(-1.95,-2.275,0.8));
#8230 = LINE('',#8231,#8232);
#8231 = CARTESIAN_POINT('',(-1.95,-2.275,0.8));
#8232 = VECTOR('',#8233,1.);
#8233 = DIRECTION('',(-1.110223024625E-16,1.,0.));
#8234 = ORIENTED_EDGE('',*,*,#8235,.F.);
#8235 = EDGE_CURVE('',#7983,#8228,#8236,.T.);
#8236 = B_SPLINE_CURVE_WITH_KNOTS('',1,(#8237,#8238),.UNSPECIFIED.,.F.,
  .F.,(2,2),(0.,1.),.PIECEWISE_BEZIER_KNOTS.);
#8237 = CARTESIAN_POINT('',(-1.839130891773,-2.219565445886,0.1));
#8238 = CARTESIAN_POINT('',(-1.95,-2.275,0.8));
#8239 = B_SPLINE_SURFACE_WITH_KNOTS('',1,1,(
    (#8240,#8241)
    ,(#8242,#8243
    )),.UNSPECIFIED.,.F.,.F.,.F.,(2,2),(2,2),(0.,4.55),(0.,1.),
  .PIECEWISE_BEZIER_KNOTS.);
#8240 = CARTESIAN_POINT('',(-1.839130891773,-2.219565445886,0.1));
#8241 = CARTESIAN_POINT('',(-1.95,-2.275,0.8));
#8242 = CARTESIAN_POINT('',(-1.839130891773,2.219565445886,0.1));
#8243 = CARTESIAN_POINT('',(-1.95,2.275,0.8));
#8244 = ADVANCED_FACE('',(#8245),#8342,.F.);
#8245 = FACE_BOUND('',#8246,.F.);
#8246 = EDGE_LOOP('',(#8247,#8248,#8255,#8263,#8271,#8279,#8287,#8295,
    #8303,#8311,#8319,#8327,#8335,#8341));
#8247 = ORIENTED_EDGE('',*,*,#8014,.T.);
#8248 = ORIENTED_EDGE('',*,*,#8249,.T.);
#8249 = EDGE_CURVE('',#8007,#8250,#8252,.T.);
#8250 = VERTEX_POINT('',#8251);
#8251 = CARTESIAN_POINT('',(1.95,-2.275,0.8));
#8252 = B_SPLINE_CURVE_WITH_KNOTS('',1,(#8253,#8254),.UNSPECIFIED.,.F.,
  .F.,(2,2),(0.,1.),.PIECEWISE_BEZIER_KNOTS.);
#8253 = CARTESIAN_POINT('',(1.839130891773,-2.219565445886,0.1));
#8254 = CARTESIAN_POINT('',(1.95,-2.275,0.8));
#8255 = ORIENTED_EDGE('',*,*,#8256,.F.);
#8256 = EDGE_CURVE('',#8257,#8250,#8259,.T.);
#8257 = VERTEX_POINT('',#8258);
#8258 = CARTESIAN_POINT('',(1.95,-2.2,0.8));
#8259 = LINE('',#8260,#8261);
#8260 = CARTESIAN_POINT('',(1.95,2.275,0.8));
#8261 = VECTOR('',#8262,1.);
#8262 = DIRECTION('',(1.110223024625E-16,-1.,0.));
#8263 = ORIENTED_EDGE('',*,*,#8264,.F.);
#8264 = EDGE_CURVE('',#8265,#8257,#8267,.T.);
#8265 = VERTEX_POINT('',#8266);
#8266 = CARTESIAN_POINT('',(1.95,-1.8,0.8));
#8267 = LINE('',#8268,#8269);
#8268 = CARTESIAN_POINT('',(1.95,2.275,0.8));
#8269 = VECTOR('',#8270,1.);
#8270 = DIRECTION('',(1.110223024625E-16,-1.,0.));
#8271 = ORIENTED_EDGE('',*,*,#8272,.F.);
#8272 = EDGE_CURVE('',#8273,#8265,#8275,.T.);
#8273 = VERTEX_POINT('',#8274);
#8274 = CARTESIAN_POINT('',(1.95,-1.2,0.8));
#8275 = LINE('',#8276,#8277);
#8276 = CARTESIAN_POINT('',(1.95,2.275,0.8));
#8277 = VECTOR('',#8278,1.);
#8278 = DIRECTION('',(1.110223024625E-16,-1.,0.));
#8279 = ORIENTED_EDGE('',*,*,#8280,.F.);
#8280 = EDGE_CURVE('',#8281,#8273,#8283,.T.);
#8281 = VERTEX_POINT('',#8282);
#8282 = CARTESIAN_POINT('',(1.95,-0.8,0.8));
#8283 = LINE('',#8284,#8285);
#8284 = CARTESIAN_POINT('',(1.95,2.275,0.8));
#8285 = VECTOR('',#8286,1.);
#8286 = DIRECTION('',(1.110223024625E-16,-1.,0.));
#8287 = ORIENTED_EDGE('',*,*,#8288,.F.);
#8288 = EDGE_CURVE('',#8289,#8281,#8291,.T.);
#8289 = VERTEX_POINT('',#8290);
#8290 = CARTESIAN_POINT('',(1.95,-0.2,0.8));
#8291 = LINE('',#8292,#8293);
#8292 = CARTESIAN_POINT('',(1.95,2.275,0.8));
#8293 = VECTOR('',#8294,1.);
#8294 = DIRECTION('',(1.110223024625E-16,-1.,0.));
#8295 = ORIENTED_EDGE('',*,*,#8296,.F.);
#8296 = EDGE_CURVE('',#8297,#8289,#8299,.T.);
#8297 = VERTEX_POINT('',#8298);
#8298 = CARTESIAN_POINT('',(1.95,0.2,0.8));
#8299 = LINE('',#8300,#8301);
#8300 = CARTESIAN_POINT('',(1.95,2.275,0.8));
#8301 = VECTOR('',#8302,1.);
#8302 = DIRECTION('',(1.110223024625E-16,-1.,0.));
#8303 = ORIENTED_EDGE('',*,*,#8304,.F.);
#8304 = EDGE_CURVE('',#8305,#8297,#8307,.T.);
#8305 = VERTEX_POINT('',#8306);
#8306 = CARTESIAN_POINT('',(1.95,0.8,0.8));
#8307 = LINE('',#8308,#8309);
#8308 = CARTESIAN_POINT('',(1.95,2.275,0.8));
#8309 = VECTOR('',#8310,1.);
#8310 = DIRECTION('',(1.110223024625E-16,-1.,0.));
#8311 = ORIENTED_EDGE('',*,*,#8312,.F.);
#8312 = EDGE_CURVE('',#8313,#8305,#8315,.T.);
#8313 = VERTEX_POINT('',#8314);
#8314 = CARTESIAN_POINT('',(1.95,1.2,0.8));
#8315 = LINE('',#8316,#8317);
#8316 = CARTESIAN_POINT('',(1.95,2.275,0.8));
#8317 = VECTOR('',#8318,1.);
#8318 = DIRECTION('',(1.110223024625E-16,-1.,0.));
#8319 = ORIENTED_EDGE('',*,*,#8320,.F.);
#8320 = EDGE_CURVE('',#8321,#8313,#8323,.T.);
#8321 = VERTEX_POINT('',#8322);
#8322 = CARTESIAN_POINT('',(1.95,1.8,0.8));
#8323 = LINE('',#8324,#8325);
#8324 = CARTESIAN_POINT('',(1.95,2.275,0.8));
#8325 = VECTOR('',#8326,1.);
#8326 = DIRECTION('',(1.110223024625E-16,-1.,0.));
#8327 = ORIENTED_EDGE('',*,*,#8328,.F.);
#8328 = EDGE_CURVE('',#8329,#8321,#8331,.T.);
#8329 = VERTEX_POINT('',#8330);
#8330 = CARTESIAN_POINT('',(1.95,2.2,0.8));
#8331 = LINE('',#8332,#8333);
#8332 = CARTESIAN_POINT('',(1.95,2.275,0.8));
#8333 = VECTOR('',#8334,1.);
#8334 = DIRECTION('',(1.110223024625E-16,-1.,0.));
#8335 = ORIENTED_EDGE('',*,*,#8336,.F.);
#8336 = EDGE_CURVE('',#8072,#8329,#8337,.T.);
#8337 = LINE('',#8338,#8339);
#8338 = CARTESIAN_POINT('',(1.95,2.275,0.8));
#8339 = VECTOR('',#8340,1.);
#8340 = DIRECTION('',(1.110223024625E-16,-1.,0.));
#8341 = ORIENTED_EDGE('',*,*,#8071,.F.);
#8342 = B_SPLINE_SURFACE_WITH_KNOTS('',1,1,(
    (#8343,#8344)
    ,(#8345,#8346
    )),.UNSPECIFIED.,.F.,.F.,.F.,(2,2),(2,2),(0.,4.55),(0.,1.),
  .PIECEWISE_BEZIER_KNOTS.);
#8343 = CARTESIAN_POINT('',(1.839130891773,2.219565445886,0.1));
#8344 = CARTESIAN_POINT('',(1.95,2.275,0.8));
#8345 = CARTESIAN_POINT('',(1.839130891773,-2.219565445886,0.1));
#8346 = CARTESIAN_POINT('',(1.95,-2.275,0.8));
#8347 = ADVANCED_FACE('',(#8348),#8365,.F.);
#8348 = FACE_BOUND('',#8349,.F.);
#8349 = EDGE_LOOP('',(#8350,#8351,#8352,#8360));
#8350 = ORIENTED_EDGE('',*,*,#7990,.T.);
#8351 = ORIENTED_EDGE('',*,*,#8235,.T.);
#8352 = ORIENTED_EDGE('',*,*,#8353,.F.);
#8353 = EDGE_CURVE('',#8354,#8228,#8356,.T.);
#8354 = VERTEX_POINT('',#8355);
#8355 = CARTESIAN_POINT('',(-1.775,-2.45,0.8));
#8356 = LINE('',#8357,#8358);
#8357 = CARTESIAN_POINT('',(-1.775,-2.45,0.8));
#8358 = VECTOR('',#8359,1.);
#8359 = DIRECTION('',(-0.707106781187,0.707106781187,0.));
#8360 = ORIENTED_EDGE('',*,*,#8361,.F.);
#8361 = EDGE_CURVE('',#7991,#8354,#8362,.T.);
#8362 = B_SPLINE_CURVE_WITH_KNOTS('',1,(#8363,#8364),.UNSPECIFIED.,.F.,
  .F.,(2,2),(0.,1.),.PIECEWISE_BEZIER_KNOTS.);
#8363 = CARTESIAN_POINT('',(-1.719565445886,-2.339130891773,0.1));
#8364 = CARTESIAN_POINT('',(-1.775,-2.45,0.8));
#8365 = B_SPLINE_SURFACE_WITH_KNOTS('',1,1,(
    (#8366,#8367)
    ,(#8368,#8369
    )),.UNSPECIFIED.,.F.,.F.,.F.,(2,2),(2,2),(0.,0.247487373415),(0.,1.)
  ,.PIECEWISE_BEZIER_KNOTS.);
#8366 = CARTESIAN_POINT('',(-1.719565445886,-2.339130891773,0.1));
#8367 = CARTESIAN_POINT('',(-1.775,-2.45,0.8));
#8368 = CARTESIAN_POINT('',(-1.839130891773,-2.219565445886,0.1));
#8369 = CARTESIAN_POINT('',(-1.95,-2.275,0.8));
#8370 = ADVANCED_FACE('',(#8371),#8388,.F.);
#8371 = FACE_BOUND('',#8372,.F.);
#8372 = EDGE_LOOP('',(#8373,#8374,#8381,#8387));
#8373 = ORIENTED_EDGE('',*,*,#8006,.T.);
#8374 = ORIENTED_EDGE('',*,*,#8375,.T.);
#8375 = EDGE_CURVE('',#7999,#8376,#8378,.T.);
#8376 = VERTEX_POINT('',#8377);
#8377 = CARTESIAN_POINT('',(1.775,-2.45,0.8));
#8378 = B_SPLINE_CURVE_WITH_KNOTS('',1,(#8379,#8380),.UNSPECIFIED.,.F.,
  .F.,(2,2),(0.,1.),.PIECEWISE_BEZIER_KNOTS.);
#8379 = CARTESIAN_POINT('',(1.719565445886,-2.339130891773,0.1));
#8380 = CARTESIAN_POINT('',(1.775,-2.45,0.8));
#8381 = ORIENTED_EDGE('',*,*,#8382,.F.);
#8382 = EDGE_CURVE('',#8250,#8376,#8383,.T.);
#8383 = LINE('',#8384,#8385);
#8384 = CARTESIAN_POINT('',(1.95,-2.275,0.8));
#8385 = VECTOR('',#8386,1.);
#8386 = DIRECTION('',(-0.707106781187,-0.707106781187,0.));
#8387 = ORIENTED_EDGE('',*,*,#8249,.F.);
#8388 = B_SPLINE_SURFACE_WITH_KNOTS('',1,1,(
    (#8389,#8390)
    ,(#8391,#8392
    )),.UNSPECIFIED.,.F.,.F.,.F.,(2,2),(2,2),(0.,0.247487373415),(0.,1.)
  ,.PIECEWISE_BEZIER_KNOTS.);
#8389 = CARTESIAN_POINT('',(1.839130891773,-2.219565445886,0.1));
#8390 = CARTESIAN_POINT('',(1.95,-2.275,0.8));
#8391 = CARTESIAN_POINT('',(1.719565445886,-2.339130891773,0.1));
#8392 = CARTESIAN_POINT('',(1.775,-2.45,0.8));
#8393 = ADVANCED_FACE('',(#8394),#8405,.F.);
#8394 = FACE_BOUND('',#8395,.F.);
#8395 = EDGE_LOOP('',(#8396,#8397,#8398,#8404));
#8396 = ORIENTED_EDGE('',*,*,#7998,.T.);
#8397 = ORIENTED_EDGE('',*,*,#8361,.T.);
#8398 = ORIENTED_EDGE('',*,*,#8399,.F.);
#8399 = EDGE_CURVE('',#8376,#8354,#8400,.T.);
#8400 = LINE('',#8401,#8402);
#8401 = CARTESIAN_POINT('',(1.775,-2.45,0.8));
#8402 = VECTOR('',#8403,1.);
#8403 = DIRECTION('',(-1.,-1.110223024625E-16,0.));
#8404 = ORIENTED_EDGE('',*,*,#8375,.F.);
#8405 = B_SPLINE_SURFACE_WITH_KNOTS('',1,1,(
    (#8406,#8407)
    ,(#8408,#8409
    )),.UNSPECIFIED.,.F.,.F.,.F.,(2,2),(2,2),(0.,3.55),(0.,1.),
  .PIECEWISE_BEZIER_KNOTS.);
#8406 = CARTESIAN_POINT('',(1.719565445886,-2.339130891773,0.1));
#8407 = CARTESIAN_POINT('',(1.775,-2.45,0.8));
#8408 = CARTESIAN_POINT('',(-1.719565445886,-2.339130891773,0.1));
#8409 = CARTESIAN_POINT('',(-1.775,-2.45,0.8));
#8410 = ADVANCED_FACE('',(#8411),#8436,.F.);
#8411 = FACE_BOUND('',#8412,.F.);
#8412 = EDGE_LOOP('',(#8413,#8421,#8429,#8435));
#8413 = ORIENTED_EDGE('',*,*,#8414,.F.);
#8414 = EDGE_CURVE('',#8415,#8031,#8417,.T.);
#8415 = VERTEX_POINT('',#8416);
#8416 = CARTESIAN_POINT('',(-1.05,1.65,0.));
#8417 = LINE('',#8418,#8419);
#8418 = CARTESIAN_POINT('',(-1.05,1.65,0.));
#8419 = VECTOR('',#8420,1.);
#8420 = DIRECTION('',(0.,0.,1.));
#8421 = ORIENTED_EDGE('',*,*,#8422,.T.);
#8422 = EDGE_CURVE('',#8415,#8423,#8425,.T.);
#8423 = VERTEX_POINT('',#8424);
#8424 = CARTESIAN_POINT('',(1.05,1.65,0.));
#8425 = LINE('',#8426,#8427);
#8426 = CARTESIAN_POINT('',(-1.05,1.65,0.));
#8427 = VECTOR('',#8428,1.);
#8428 = DIRECTION('',(1.,1.110223024625E-16,0.));
#8429 = ORIENTED_EDGE('',*,*,#8430,.T.);
#8430 = EDGE_CURVE('',#8423,#8033,#8431,.T.);
#8431 = LINE('',#8432,#8433);
#8432 = CARTESIAN_POINT('',(1.05,1.65,0.));
#8433 = VECTOR('',#8434,1.);
#8434 = DIRECTION('',(0.,0.,1.));
#8435 = ORIENTED_EDGE('',*,*,#8030,.F.);
#8436 = PLANE('',#8437);
#8437 = AXIS2_PLACEMENT_3D('',#8438,#8439,#8440);
#8438 = CARTESIAN_POINT('',(-1.05,1.65,0.));
#8439 = DIRECTION('',(1.110223024625E-16,-1.,0.));
#8440 = DIRECTION('',(0.,0.,1.));
#8441 = ADVANCED_FACE('',(#8442),#8460,.F.);
#8442 = FACE_BOUND('',#8443,.F.);
#8443 = EDGE_LOOP('',(#8444,#8452,#8453,#8454));
#8444 = ORIENTED_EDGE('',*,*,#8445,.F.);
#8445 = EDGE_CURVE('',#8415,#8446,#8448,.T.);
#8446 = VERTEX_POINT('',#8447);
#8447 = CARTESIAN_POINT('',(-1.05,-1.65,0.));
#8448 = LINE('',#8449,#8450);
#8449 = CARTESIAN_POINT('',(-1.05,1.65,0.));
#8450 = VECTOR('',#8451,1.);
#8451 = DIRECTION('',(1.110223024625E-16,-1.,0.));
#8452 = ORIENTED_EDGE('',*,*,#8414,.T.);
#8453 = ORIENTED_EDGE('',*,*,#8056,.T.);
#8454 = ORIENTED_EDGE('',*,*,#8455,.F.);
#8455 = EDGE_CURVE('',#8446,#8049,#8456,.T.);
#8456 = LINE('',#8457,#8458);
#8457 = CARTESIAN_POINT('',(-1.05,-1.65,0.));
#8458 = VECTOR('',#8459,1.);
#8459 = DIRECTION('',(0.,0.,1.));
#8460 = PLANE('',#8461);
#8461 = AXIS2_PLACEMENT_3D('',#8462,#8463,#8464);
#8462 = CARTESIAN_POINT('',(-1.05,1.65,0.));
#8463 = DIRECTION('',(1.,1.110223024625E-16,0.));
#8464 = DIRECTION('',(0.,-0.,1.));
#8465 = ADVANCED_FACE('',(#8466),#8484,.T.);
#8466 = FACE_BOUND('',#8467,.T.);
#8467 = EDGE_LOOP('',(#8468,#8469,#8477,#8483));
#8468 = ORIENTED_EDGE('',*,*,#8455,.F.);
#8469 = ORIENTED_EDGE('',*,*,#8470,.T.);
#8470 = EDGE_CURVE('',#8446,#8471,#8473,.T.);
#8471 = VERTEX_POINT('',#8472);
#8472 = CARTESIAN_POINT('',(1.05,-1.65,0.));
#8473 = LINE('',#8474,#8475);
#8474 = CARTESIAN_POINT('',(-1.05,-1.65,0.));
#8475 = VECTOR('',#8476,1.);
#8476 = DIRECTION('',(1.,1.110223024625E-16,0.));
#8477 = ORIENTED_EDGE('',*,*,#8478,.T.);
#8478 = EDGE_CURVE('',#8471,#8041,#8479,.T.);
#8479 = LINE('',#8480,#8481);
#8480 = CARTESIAN_POINT('',(1.05,-1.65,0.));
#8481 = VECTOR('',#8482,1.);
#8482 = DIRECTION('',(0.,0.,1.));
#8483 = ORIENTED_EDGE('',*,*,#8048,.F.);
#8484 = PLANE('',#8485);
#8485 = AXIS2_PLACEMENT_3D('',#8486,#8487,#8488);
#8486 = CARTESIAN_POINT('',(-1.05,-1.65,0.));
#8487 = DIRECTION('',(1.110223024625E-16,-1.,0.));
#8488 = DIRECTION('',(0.,0.,1.));
#8489 = ADVANCED_FACE('',(#8490),#8501,.T.);
#8490 = FACE_BOUND('',#8491,.T.);
#8491 = EDGE_LOOP('',(#8492,#8498,#8499,#8500));
#8492 = ORIENTED_EDGE('',*,*,#8493,.F.);
#8493 = EDGE_CURVE('',#8423,#8471,#8494,.T.);
#8494 = LINE('',#8495,#8496);
#8495 = CARTESIAN_POINT('',(1.05,1.65,0.));
#8496 = VECTOR('',#8497,1.);
#8497 = DIRECTION('',(1.110223024625E-16,-1.,0.));
#8498 = ORIENTED_EDGE('',*,*,#8430,.T.);
#8499 = ORIENTED_EDGE('',*,*,#8040,.T.);
#8500 = ORIENTED_EDGE('',*,*,#8478,.F.);
#8501 = PLANE('',#8502);
#8502 = AXIS2_PLACEMENT_3D('',#8503,#8504,#8505);
#8503 = CARTESIAN_POINT('',(1.05,1.65,0.));
#8504 = DIRECTION('',(1.,1.110223024625E-16,0.));
#8505 = DIRECTION('',(0.,-0.,1.));
#8506 = ADVANCED_FACE('',(#8507),#8524,.F.);
#8507 = FACE_BOUND('',#8508,.F.);
#8508 = EDGE_LOOP('',(#8509,#8510,#8517,#8523));
#8509 = ORIENTED_EDGE('',*,*,#8078,.T.);
#8510 = ORIENTED_EDGE('',*,*,#8511,.T.);
#8511 = EDGE_CURVE('',#8072,#8512,#8514,.T.);
#8512 = VERTEX_POINT('',#8513);
#8513 = CARTESIAN_POINT('',(1.95,2.275,0.9));
#8514 = B_SPLINE_CURVE_WITH_KNOTS('',1,(#8515,#8516),.UNSPECIFIED.,.F.,
  .F.,(2,2),(0.,1.),.PIECEWISE_BEZIER_KNOTS.);
#8515 = CARTESIAN_POINT('',(1.95,2.275,0.8));
#8516 = CARTESIAN_POINT('',(1.95,2.275,0.9));
#8517 = ORIENTED_EDGE('',*,*,#8518,.F.);
#8518 = EDGE_CURVE('',#8095,#8512,#8519,.T.);
#8519 = LINE('',#8520,#8521);
#8520 = CARTESIAN_POINT('',(1.775,2.45,0.9));
#8521 = VECTOR('',#8522,1.);
#8522 = DIRECTION('',(0.707106781187,-0.707106781187,0.));
#8523 = ORIENTED_EDGE('',*,*,#8094,.F.);
#8524 = PLANE('',#8525);
#8525 = AXIS2_PLACEMENT_3D('',#8526,#8527,#8528);
#8526 = CARTESIAN_POINT('',(1.775,2.45,0.9));
#8527 = DIRECTION('',(-0.707106781187,-0.707106781187,0.));
#8528 = DIRECTION('',(0.707106781187,-0.707106781187,0.));
#8529 = ADVANCED_FACE('',(#8530),#8612,.F.);
#8530 = FACE_BOUND('',#8531,.F.);
#8531 = EDGE_LOOP('',(#8532,#8540,#8541,#8542,#8550,#8558,#8566,#8574,
    #8582,#8590,#8598,#8606));
#8532 = ORIENTED_EDGE('',*,*,#8533,.T.);
#8533 = EDGE_CURVE('',#8534,#8102,#8536,.T.);
#8534 = VERTEX_POINT('',#8535);
#8535 = CARTESIAN_POINT('',(-1.95,2.275,0.9));
#8536 = LINE('',#8537,#8538);
#8537 = CARTESIAN_POINT('',(-1.95,2.275,0.9));
#8538 = VECTOR('',#8539,1.);
#8539 = DIRECTION('',(0.707106781187,0.707106781187,0.));
#8540 = ORIENTED_EDGE('',*,*,#8101,.T.);
#8541 = ORIENTED_EDGE('',*,*,#8518,.T.);
#8542 = ORIENTED_EDGE('',*,*,#8543,.T.);
#8543 = EDGE_CURVE('',#8512,#8544,#8546,.T.);
#8544 = VERTEX_POINT('',#8545);
#8545 = CARTESIAN_POINT('',(1.95,2.2,0.9));
#8546 = LINE('',#8547,#8548);
#8547 = CARTESIAN_POINT('',(1.95,2.275,0.9));
#8548 = VECTOR('',#8549,1.);
#8549 = DIRECTION('',(1.110223024625E-16,-1.,0.));
#8550 = ORIENTED_EDGE('',*,*,#8551,.T.);
#8551 = EDGE_CURVE('',#8544,#8552,#8554,.T.);
#8552 = VERTEX_POINT('',#8553);
#8553 = CARTESIAN_POINT('',(1.875,2.2,0.9));
#8554 = LINE('',#8555,#8556);
#8555 = CARTESIAN_POINT('',(2.05,2.2,0.9));
#8556 = VECTOR('',#8557,1.);
#8557 = DIRECTION('',(-1.,-1.110223024625E-16,0.));
#8558 = ORIENTED_EDGE('',*,*,#8559,.F.);
#8559 = EDGE_CURVE('',#8560,#8552,#8562,.T.);
#8560 = VERTEX_POINT('',#8561);
#8561 = CARTESIAN_POINT('',(1.875,2.2375,0.9));
#8562 = LINE('',#8563,#8564);
#8563 = CARTESIAN_POINT('',(1.875,2.2375,0.9));
#8564 = VECTOR('',#8565,1.);
#8565 = DIRECTION('',(1.110223024625E-16,-1.,0.));
#8566 = ORIENTED_EDGE('',*,*,#8567,.F.);
#8567 = EDGE_CURVE('',#8568,#8560,#8570,.T.);
#8568 = VERTEX_POINT('',#8569);
#8569 = CARTESIAN_POINT('',(1.7375,2.375,0.9));
#8570 = LINE('',#8571,#8572);
#8571 = CARTESIAN_POINT('',(1.7375,2.375,0.9));
#8572 = VECTOR('',#8573,1.);
#8573 = DIRECTION('',(0.707106781187,-0.707106781187,0.));
#8574 = ORIENTED_EDGE('',*,*,#8575,.F.);
#8575 = EDGE_CURVE('',#8576,#8568,#8578,.T.);
#8576 = VERTEX_POINT('',#8577);
#8577 = CARTESIAN_POINT('',(-1.7375,2.375,0.9));
#8578 = LINE('',#8579,#8580);
#8579 = CARTESIAN_POINT('',(-1.7375,2.375,0.9));
#8580 = VECTOR('',#8581,1.);
#8581 = DIRECTION('',(1.,1.110223024625E-16,0.));
#8582 = ORIENTED_EDGE('',*,*,#8583,.F.);
#8583 = EDGE_CURVE('',#8584,#8576,#8586,.T.);
#8584 = VERTEX_POINT('',#8585);
#8585 = CARTESIAN_POINT('',(-1.875,2.2375,0.9));
#8586 = LINE('',#8587,#8588);
#8587 = CARTESIAN_POINT('',(-1.875,2.2375,0.9));
#8588 = VECTOR('',#8589,1.);
#8589 = DIRECTION('',(0.707106781187,0.707106781187,0.));
#8590 = ORIENTED_EDGE('',*,*,#8591,.F.);
#8591 = EDGE_CURVE('',#8592,#8584,#8594,.T.);
#8592 = VERTEX_POINT('',#8593);
#8593 = CARTESIAN_POINT('',(-1.875,2.2,0.9));
#8594 = LINE('',#8595,#8596);
#8595 = CARTESIAN_POINT('',(-1.875,-2.2375,0.9));
#8596 = VECTOR('',#8597,1.);
#8597 = DIRECTION('',(-1.110223024625E-16,1.,0.));
#8598 = ORIENTED_EDGE('',*,*,#8599,.F.);
#8599 = EDGE_CURVE('',#8600,#8592,#8602,.T.);
#8600 = VERTEX_POINT('',#8601);
#8601 = CARTESIAN_POINT('',(-1.95,2.2,0.9));
#8602 = LINE('',#8603,#8604);
#8603 = CARTESIAN_POINT('',(-2.05,2.2,0.9));
#8604 = VECTOR('',#8605,1.);
#8605 = DIRECTION('',(1.,-1.144237745222E-17,0.));
#8606 = ORIENTED_EDGE('',*,*,#8607,.T.);
#8607 = EDGE_CURVE('',#8600,#8534,#8608,.T.);
#8608 = LINE('',#8609,#8610);
#8609 = CARTESIAN_POINT('',(-1.95,-2.275,0.9));
#8610 = VECTOR('',#8611,1.);
#8611 = DIRECTION('',(-1.110223024625E-16,1.,0.));
#8612 = PLANE('',#8613);
#8613 = AXIS2_PLACEMENT_3D('',#8614,#8615,#8616);
#8614 = CARTESIAN_POINT('',(-3.027078129022E-16,2.4125,0.9));
#8615 = DIRECTION('',(5.019797556113E-32,-5.609677548238E-27,-1.));
#8616 = DIRECTION('',(1.,1.112083013911E-16,5.019797556051E-32));
#8617 = ADVANCED_FACE('',(#8618),#8628,.F.);
#8618 = FACE_BOUND('',#8619,.F.);
#8619 = EDGE_LOOP('',(#8620,#8621,#8622,#8623));
#8620 = ORIENTED_EDGE('',*,*,#8124,.T.);
#8621 = ORIENTED_EDGE('',*,*,#8109,.T.);
#8622 = ORIENTED_EDGE('',*,*,#8533,.F.);
#8623 = ORIENTED_EDGE('',*,*,#8624,.F.);
#8624 = EDGE_CURVE('',#8125,#8534,#8625,.T.);
#8625 = B_SPLINE_CURVE_WITH_KNOTS('',1,(#8626,#8627),.UNSPECIFIED.,.F.,
  .F.,(2,2),(0.,1.),.PIECEWISE_BEZIER_KNOTS.);
#8626 = CARTESIAN_POINT('',(-1.95,2.275,0.8));
#8627 = CARTESIAN_POINT('',(-1.95,2.275,0.9));
#8628 = PLANE('',#8629);
#8629 = AXIS2_PLACEMENT_3D('',#8630,#8631,#8632);
#8630 = CARTESIAN_POINT('',(-1.95,2.275,0.9));
#8631 = DIRECTION('',(0.707106781187,-0.707106781187,0.));
#8632 = DIRECTION('',(0.707106781187,0.707106781187,0.));
#8633 = ADVANCED_FACE('',(#8634),#8658,.F.);
#8634 = FACE_BOUND('',#8635,.F.);
#8635 = EDGE_LOOP('',(#8636,#8643,#8644,#8652));
#8636 = ORIENTED_EDGE('',*,*,#8637,.F.);
#8637 = EDGE_CURVE('',#8228,#8638,#8640,.T.);
#8638 = VERTEX_POINT('',#8639);
#8639 = CARTESIAN_POINT('',(-1.95,-2.275,0.9));
#8640 = B_SPLINE_CURVE_WITH_KNOTS('',1,(#8641,#8642),.UNSPECIFIED.,.F.,
  .F.,(2,2),(0.,1.),.PIECEWISE_BEZIER_KNOTS.);
#8641 = CARTESIAN_POINT('',(-1.95,-2.275,0.8));
#8642 = CARTESIAN_POINT('',(-1.95,-2.275,0.9));
#8643 = ORIENTED_EDGE('',*,*,#8227,.T.);
#8644 = ORIENTED_EDGE('',*,*,#8645,.T.);
#8645 = EDGE_CURVE('',#8220,#8646,#8648,.T.);
#8646 = VERTEX_POINT('',#8647);
#8647 = CARTESIAN_POINT('',(-1.95,-2.2,0.9));
#8648 = LINE('',#8649,#8650);
#8649 = CARTESIAN_POINT('',(-1.95,-2.2,0.641944960958));
#8650 = VECTOR('',#8651,1.);
#8651 = DIRECTION('',(0.,0.,1.));
#8652 = ORIENTED_EDGE('',*,*,#8653,.F.);
#8653 = EDGE_CURVE('',#8638,#8646,#8654,.T.);
#8654 = LINE('',#8655,#8656);
#8655 = CARTESIAN_POINT('',(-1.95,-2.275,0.9));
#8656 = VECTOR('',#8657,1.);
#8657 = DIRECTION('',(-1.110223024625E-16,1.,0.));
#8658 = PLANE('',#8659);
#8659 = AXIS2_PLACEMENT_3D('',#8660,#8661,#8662);
#8660 = CARTESIAN_POINT('',(-1.95,-2.275,0.9));
#8661 = DIRECTION('',(1.,1.110223024625E-16,0.));
#8662 = DIRECTION('',(-1.110223024625E-16,1.,0.));
#8663 = ADVANCED_FACE('',(#8664),#8689,.F.);
#8664 = FACE_BOUND('',#8665,.F.);
#8665 = EDGE_LOOP('',(#8666,#8674,#8675,#8683));
#8666 = ORIENTED_EDGE('',*,*,#8667,.F.);
#8667 = EDGE_CURVE('',#8220,#8668,#8670,.T.);
#8668 = VERTEX_POINT('',#8669);
#8669 = CARTESIAN_POINT('',(-2.05,-2.2,0.8));
#8670 = LINE('',#8671,#8672);
#8671 = CARTESIAN_POINT('',(-1.8,-2.2,0.8));
#8672 = VECTOR('',#8673,1.);
#8673 = DIRECTION('',(-1.,1.144237745222E-17,0.));
#8674 = ORIENTED_EDGE('',*,*,#8219,.T.);
#8675 = ORIENTED_EDGE('',*,*,#8676,.T.);
#8676 = EDGE_CURVE('',#8212,#8677,#8679,.T.);
#8677 = VERTEX_POINT('',#8678);
#8678 = CARTESIAN_POINT('',(-2.05,-1.8,0.8));
#8679 = LINE('',#8680,#8681);
#8680 = CARTESIAN_POINT('',(-1.8,-1.8,0.8));
#8681 = VECTOR('',#8682,1.);
#8682 = DIRECTION('',(-1.,1.144237745222E-17,0.));
#8683 = ORIENTED_EDGE('',*,*,#8684,.F.);
#8684 = EDGE_CURVE('',#8668,#8677,#8685,.T.);
#8685 = LINE('',#8686,#8687);
#8686 = CARTESIAN_POINT('',(-2.05,-2.2,0.8));
#8687 = VECTOR('',#8688,1.);
#8688 = DIRECTION('',(1.144237745222E-17,1.,0.));
#8689 = PLANE('',#8690);
#8690 = AXIS2_PLACEMENT_3D('',#8691,#8692,#8693);
#8691 = CARTESIAN_POINT('',(-1.8,-2.2,0.8));
#8692 = DIRECTION('',(0.,0.,1.));
#8693 = DIRECTION('',(-1.,1.144237745222E-17,0.));
#8694 = ADVANCED_FACE('',(#8695),#8720,.F.);
#8695 = FACE_BOUND('',#8696,.F.);
#8696 = EDGE_LOOP('',(#8697,#8705,#8706,#8714));
#8697 = ORIENTED_EDGE('',*,*,#8698,.F.);
#8698 = EDGE_CURVE('',#8212,#8699,#8701,.T.);
#8699 = VERTEX_POINT('',#8700);
#8700 = CARTESIAN_POINT('',(-1.95,-1.8,0.9));
#8701 = LINE('',#8702,#8703);
#8702 = CARTESIAN_POINT('',(-1.95,-1.8,0.641944960958));
#8703 = VECTOR('',#8704,1.);
#8704 = DIRECTION('',(0.,0.,1.));
#8705 = ORIENTED_EDGE('',*,*,#8211,.T.);
#8706 = ORIENTED_EDGE('',*,*,#8707,.T.);
#8707 = EDGE_CURVE('',#8204,#8708,#8710,.T.);
#8708 = VERTEX_POINT('',#8709);
#8709 = CARTESIAN_POINT('',(-1.95,-1.2,0.9));
#8710 = LINE('',#8711,#8712);
#8711 = CARTESIAN_POINT('',(-1.95,-1.2,0.641944960958));
#8712 = VECTOR('',#8713,1.);
#8713 = DIRECTION('',(0.,0.,1.));
#8714 = ORIENTED_EDGE('',*,*,#8715,.F.);
#8715 = EDGE_CURVE('',#8699,#8708,#8716,.T.);
#8716 = LINE('',#8717,#8718);
#8717 = CARTESIAN_POINT('',(-1.95,-2.275,0.9));
#8718 = VECTOR('',#8719,1.);
#8719 = DIRECTION('',(-1.110223024625E-16,1.,0.));
#8720 = PLANE('',#8721);
#8721 = AXIS2_PLACEMENT_3D('',#8722,#8723,#8724);
#8722 = CARTESIAN_POINT('',(-1.95,-2.275,0.9));
#8723 = DIRECTION('',(1.,1.110223024625E-16,0.));
#8724 = DIRECTION('',(-1.110223024625E-16,1.,0.));
#8725 = ADVANCED_FACE('',(#8726),#8751,.F.);
#8726 = FACE_BOUND('',#8727,.F.);
#8727 = EDGE_LOOP('',(#8728,#8736,#8737,#8745));
#8728 = ORIENTED_EDGE('',*,*,#8729,.F.);
#8729 = EDGE_CURVE('',#8204,#8730,#8732,.T.);
#8730 = VERTEX_POINT('',#8731);
#8731 = CARTESIAN_POINT('',(-2.05,-1.2,0.8));
#8732 = LINE('',#8733,#8734);
#8733 = CARTESIAN_POINT('',(-1.8,-1.2,0.8));
#8734 = VECTOR('',#8735,1.);
#8735 = DIRECTION('',(-1.,1.144237745222E-17,0.));
#8736 = ORIENTED_EDGE('',*,*,#8203,.T.);
#8737 = ORIENTED_EDGE('',*,*,#8738,.T.);
#8738 = EDGE_CURVE('',#8196,#8739,#8741,.T.);
#8739 = VERTEX_POINT('',#8740);
#8740 = CARTESIAN_POINT('',(-2.05,-0.8,0.8));
#8741 = LINE('',#8742,#8743);
#8742 = CARTESIAN_POINT('',(-1.8,-0.8,0.8));
#8743 = VECTOR('',#8744,1.);
#8744 = DIRECTION('',(-1.,1.144237745222E-17,0.));
#8745 = ORIENTED_EDGE('',*,*,#8746,.F.);
#8746 = EDGE_CURVE('',#8730,#8739,#8747,.T.);
#8747 = LINE('',#8748,#8749);
#8748 = CARTESIAN_POINT('',(-2.05,-1.2,0.8));
#8749 = VECTOR('',#8750,1.);
#8750 = DIRECTION('',(1.144237745222E-17,1.,0.));
#8751 = PLANE('',#8752);
#8752 = AXIS2_PLACEMENT_3D('',#8753,#8754,#8755);
#8753 = CARTESIAN_POINT('',(-1.8,-1.2,0.8));
#8754 = DIRECTION('',(0.,0.,1.));
#8755 = DIRECTION('',(-1.,1.144237745222E-17,0.));
#8756 = ADVANCED_FACE('',(#8757),#8782,.F.);
#8757 = FACE_BOUND('',#8758,.F.);
#8758 = EDGE_LOOP('',(#8759,#8767,#8768,#8776));
#8759 = ORIENTED_EDGE('',*,*,#8760,.F.);
#8760 = EDGE_CURVE('',#8196,#8761,#8763,.T.);
#8761 = VERTEX_POINT('',#8762);
#8762 = CARTESIAN_POINT('',(-1.95,-0.8,0.9));
#8763 = LINE('',#8764,#8765);
#8764 = CARTESIAN_POINT('',(-1.95,-0.8,0.641944960958));
#8765 = VECTOR('',#8766,1.);
#8766 = DIRECTION('',(0.,0.,1.));
#8767 = ORIENTED_EDGE('',*,*,#8195,.T.);
#8768 = ORIENTED_EDGE('',*,*,#8769,.T.);
#8769 = EDGE_CURVE('',#8188,#8770,#8772,.T.);
#8770 = VERTEX_POINT('',#8771);
#8771 = CARTESIAN_POINT('',(-1.95,-0.2,0.9));
#8772 = LINE('',#8773,#8774);
#8773 = CARTESIAN_POINT('',(-1.95,-0.2,0.641944960958));
#8774 = VECTOR('',#8775,1.);
#8775 = DIRECTION('',(0.,0.,1.));
#8776 = ORIENTED_EDGE('',*,*,#8777,.F.);
#8777 = EDGE_CURVE('',#8761,#8770,#8778,.T.);
#8778 = LINE('',#8779,#8780);
#8779 = CARTESIAN_POINT('',(-1.95,-2.275,0.9));
#8780 = VECTOR('',#8781,1.);
#8781 = DIRECTION('',(-1.110223024625E-16,1.,0.));
#8782 = PLANE('',#8783);
#8783 = AXIS2_PLACEMENT_3D('',#8784,#8785,#8786);
#8784 = CARTESIAN_POINT('',(-1.95,-2.275,0.9));
#8785 = DIRECTION('',(1.,1.110223024625E-16,0.));
#8786 = DIRECTION('',(-1.110223024625E-16,1.,0.));
#8787 = ADVANCED_FACE('',(#8788),#8813,.F.);
#8788 = FACE_BOUND('',#8789,.F.);
#8789 = EDGE_LOOP('',(#8790,#8798,#8799,#8807));
#8790 = ORIENTED_EDGE('',*,*,#8791,.F.);
#8791 = EDGE_CURVE('',#8188,#8792,#8794,.T.);
#8792 = VERTEX_POINT('',#8793);
#8793 = CARTESIAN_POINT('',(-2.05,-0.2,0.8));
#8794 = LINE('',#8795,#8796);
#8795 = CARTESIAN_POINT('',(-1.8,-0.2,0.8));
#8796 = VECTOR('',#8797,1.);
#8797 = DIRECTION('',(-1.,1.144237745222E-17,0.));
#8798 = ORIENTED_EDGE('',*,*,#8187,.T.);
#8799 = ORIENTED_EDGE('',*,*,#8800,.T.);
#8800 = EDGE_CURVE('',#8180,#8801,#8803,.T.);
#8801 = VERTEX_POINT('',#8802);
#8802 = CARTESIAN_POINT('',(-2.05,0.2,0.8));
#8803 = LINE('',#8804,#8805);
#8804 = CARTESIAN_POINT('',(-1.8,0.2,0.8));
#8805 = VECTOR('',#8806,1.);
#8806 = DIRECTION('',(-1.,1.144237745222E-17,0.));
#8807 = ORIENTED_EDGE('',*,*,#8808,.F.);
#8808 = EDGE_CURVE('',#8792,#8801,#8809,.T.);
#8809 = LINE('',#8810,#8811);
#8810 = CARTESIAN_POINT('',(-2.05,-0.2,0.8));
#8811 = VECTOR('',#8812,1.);
#8812 = DIRECTION('',(1.144237745222E-17,1.,0.));
#8813 = PLANE('',#8814);
#8814 = AXIS2_PLACEMENT_3D('',#8815,#8816,#8817);
#8815 = CARTESIAN_POINT('',(-1.8,-0.2,0.8));
#8816 = DIRECTION('',(0.,0.,1.));
#8817 = DIRECTION('',(-1.,1.144237745222E-17,0.));
#8818 = ADVANCED_FACE('',(#8819),#8844,.F.);
#8819 = FACE_BOUND('',#8820,.F.);
#8820 = EDGE_LOOP('',(#8821,#8829,#8830,#8838));
#8821 = ORIENTED_EDGE('',*,*,#8822,.F.);
#8822 = EDGE_CURVE('',#8180,#8823,#8825,.T.);
#8823 = VERTEX_POINT('',#8824);
#8824 = CARTESIAN_POINT('',(-1.95,0.2,0.9));
#8825 = LINE('',#8826,#8827);
#8826 = CARTESIAN_POINT('',(-1.95,0.2,0.641944960958));
#8827 = VECTOR('',#8828,1.);
#8828 = DIRECTION('',(0.,0.,1.));
#8829 = ORIENTED_EDGE('',*,*,#8179,.T.);
#8830 = ORIENTED_EDGE('',*,*,#8831,.T.);
#8831 = EDGE_CURVE('',#8172,#8832,#8834,.T.);
#8832 = VERTEX_POINT('',#8833);
#8833 = CARTESIAN_POINT('',(-1.95,0.8,0.9));
#8834 = LINE('',#8835,#8836);
#8835 = CARTESIAN_POINT('',(-1.95,0.8,0.641944960958));
#8836 = VECTOR('',#8837,1.);
#8837 = DIRECTION('',(0.,0.,1.));
#8838 = ORIENTED_EDGE('',*,*,#8839,.F.);
#8839 = EDGE_CURVE('',#8823,#8832,#8840,.T.);
#8840 = LINE('',#8841,#8842);
#8841 = CARTESIAN_POINT('',(-1.95,-2.275,0.9));
#8842 = VECTOR('',#8843,1.);
#8843 = DIRECTION('',(-1.110223024625E-16,1.,0.));
#8844 = PLANE('',#8845);
#8845 = AXIS2_PLACEMENT_3D('',#8846,#8847,#8848);
#8846 = CARTESIAN_POINT('',(-1.95,-2.275,0.9));
#8847 = DIRECTION('',(1.,1.110223024625E-16,0.));
#8848 = DIRECTION('',(-1.110223024625E-16,1.,0.));
#8849 = ADVANCED_FACE('',(#8850),#8875,.F.);
#8850 = FACE_BOUND('',#8851,.F.);
#8851 = EDGE_LOOP('',(#8852,#8860,#8861,#8869));
#8852 = ORIENTED_EDGE('',*,*,#8853,.F.);
#8853 = EDGE_CURVE('',#8172,#8854,#8856,.T.);
#8854 = VERTEX_POINT('',#8855);
#8855 = CARTESIAN_POINT('',(-2.05,0.8,0.8));
#8856 = LINE('',#8857,#8858);
#8857 = CARTESIAN_POINT('',(-1.8,0.8,0.8));
#8858 = VECTOR('',#8859,1.);
#8859 = DIRECTION('',(-1.,1.144237745222E-17,0.));
#8860 = ORIENTED_EDGE('',*,*,#8171,.T.);
#8861 = ORIENTED_EDGE('',*,*,#8862,.T.);
#8862 = EDGE_CURVE('',#8164,#8863,#8865,.T.);
#8863 = VERTEX_POINT('',#8864);
#8864 = CARTESIAN_POINT('',(-2.05,1.2,0.8));
#8865 = LINE('',#8866,#8867);
#8866 = CARTESIAN_POINT('',(-1.8,1.2,0.8));
#8867 = VECTOR('',#8868,1.);
#8868 = DIRECTION('',(-1.,1.144237745222E-17,0.));
#8869 = ORIENTED_EDGE('',*,*,#8870,.F.);
#8870 = EDGE_CURVE('',#8854,#8863,#8871,.T.);
#8871 = LINE('',#8872,#8873);
#8872 = CARTESIAN_POINT('',(-2.05,0.8,0.8));
#8873 = VECTOR('',#8874,1.);
#8874 = DIRECTION('',(1.144237745222E-17,1.,0.));
#8875 = PLANE('',#8876);
#8876 = AXIS2_PLACEMENT_3D('',#8877,#8878,#8879);
#8877 = CARTESIAN_POINT('',(-1.8,0.8,0.8));
#8878 = DIRECTION('',(0.,0.,1.));
#8879 = DIRECTION('',(-1.,1.144237745222E-17,0.));
#8880 = ADVANCED_FACE('',(#8881),#8906,.F.);
#8881 = FACE_BOUND('',#8882,.F.);
#8882 = EDGE_LOOP('',(#8883,#8891,#8892,#8900));
#8883 = ORIENTED_EDGE('',*,*,#8884,.F.);
#8884 = EDGE_CURVE('',#8164,#8885,#8887,.T.);
#8885 = VERTEX_POINT('',#8886);
#8886 = CARTESIAN_POINT('',(-1.95,1.2,0.9));
#8887 = LINE('',#8888,#8889);
#8888 = CARTESIAN_POINT('',(-1.95,1.2,0.641944960958));
#8889 = VECTOR('',#8890,1.);
#8890 = DIRECTION('',(0.,0.,1.));
#8891 = ORIENTED_EDGE('',*,*,#8163,.T.);
#8892 = ORIENTED_EDGE('',*,*,#8893,.T.);
#8893 = EDGE_CURVE('',#8156,#8894,#8896,.T.);
#8894 = VERTEX_POINT('',#8895);
#8895 = CARTESIAN_POINT('',(-1.95,1.8,0.9));
#8896 = LINE('',#8897,#8898);
#8897 = CARTESIAN_POINT('',(-1.95,1.8,0.641944960958));
#8898 = VECTOR('',#8899,1.);
#8899 = DIRECTION('',(0.,0.,1.));
#8900 = ORIENTED_EDGE('',*,*,#8901,.F.);
#8901 = EDGE_CURVE('',#8885,#8894,#8902,.T.);
#8902 = LINE('',#8903,#8904);
#8903 = CARTESIAN_POINT('',(-1.95,-2.275,0.9));
#8904 = VECTOR('',#8905,1.);
#8905 = DIRECTION('',(-1.110223024625E-16,1.,0.));
#8906 = PLANE('',#8907);
#8907 = AXIS2_PLACEMENT_3D('',#8908,#8909,#8910);
#8908 = CARTESIAN_POINT('',(-1.95,-2.275,0.9));
#8909 = DIRECTION('',(1.,1.110223024625E-16,0.));
#8910 = DIRECTION('',(-1.110223024625E-16,1.,0.));
#8911 = ADVANCED_FACE('',(#8912),#8937,.F.);
#8912 = FACE_BOUND('',#8913,.F.);
#8913 = EDGE_LOOP('',(#8914,#8922,#8923,#8931));
#8914 = ORIENTED_EDGE('',*,*,#8915,.F.);
#8915 = EDGE_CURVE('',#8156,#8916,#8918,.T.);
#8916 = VERTEX_POINT('',#8917);
#8917 = CARTESIAN_POINT('',(-2.05,1.8,0.8));
#8918 = LINE('',#8919,#8920);
#8919 = CARTESIAN_POINT('',(-1.8,1.8,0.8));
#8920 = VECTOR('',#8921,1.);
#8921 = DIRECTION('',(-1.,1.144237745222E-17,0.));
#8922 = ORIENTED_EDGE('',*,*,#8155,.T.);
#8923 = ORIENTED_EDGE('',*,*,#8924,.T.);
#8924 = EDGE_CURVE('',#8148,#8925,#8927,.T.);
#8925 = VERTEX_POINT('',#8926);
#8926 = CARTESIAN_POINT('',(-2.05,2.2,0.8));
#8927 = LINE('',#8928,#8929);
#8928 = CARTESIAN_POINT('',(-1.8,2.2,0.8));
#8929 = VECTOR('',#8930,1.);
#8930 = DIRECTION('',(-1.,1.144237745222E-17,0.));
#8931 = ORIENTED_EDGE('',*,*,#8932,.F.);
#8932 = EDGE_CURVE('',#8916,#8925,#8933,.T.);
#8933 = LINE('',#8934,#8935);
#8934 = CARTESIAN_POINT('',(-2.05,1.8,0.8));
#8935 = VECTOR('',#8936,1.);
#8936 = DIRECTION('',(1.144237745222E-17,1.,0.));
#8937 = PLANE('',#8938);
#8938 = AXIS2_PLACEMENT_3D('',#8939,#8940,#8941);
#8939 = CARTESIAN_POINT('',(-1.8,1.8,0.8));
#8940 = DIRECTION('',(0.,0.,1.));
#8941 = DIRECTION('',(-1.,1.144237745222E-17,0.));
#8942 = ADVANCED_FACE('',(#8943),#8954,.F.);
#8943 = FACE_BOUND('',#8944,.F.);
#8944 = EDGE_LOOP('',(#8945,#8951,#8952,#8953));
#8945 = ORIENTED_EDGE('',*,*,#8946,.F.);
#8946 = EDGE_CURVE('',#8148,#8600,#8947,.T.);
#8947 = LINE('',#8948,#8949);
#8948 = CARTESIAN_POINT('',(-1.95,2.2,0.641944960958));
#8949 = VECTOR('',#8950,1.);
#8950 = DIRECTION('',(0.,0.,1.));
#8951 = ORIENTED_EDGE('',*,*,#8147,.T.);
#8952 = ORIENTED_EDGE('',*,*,#8624,.T.);
#8953 = ORIENTED_EDGE('',*,*,#8607,.F.);
#8954 = PLANE('',#8955);
#8955 = AXIS2_PLACEMENT_3D('',#8956,#8957,#8958);
#8956 = CARTESIAN_POINT('',(-1.95,-2.275,0.9));
#8957 = DIRECTION('',(1.,1.110223024625E-16,0.));
#8958 = DIRECTION('',(-1.110223024625E-16,1.,0.));
#8959 = ADVANCED_FACE('',(#8960),#8971,.F.);
#8960 = FACE_BOUND('',#8961,.F.);
#8961 = EDGE_LOOP('',(#8962,#8963,#8964,#8970));
#8962 = ORIENTED_EDGE('',*,*,#8511,.F.);
#8963 = ORIENTED_EDGE('',*,*,#8336,.T.);
#8964 = ORIENTED_EDGE('',*,*,#8965,.T.);
#8965 = EDGE_CURVE('',#8329,#8544,#8966,.T.);
#8966 = LINE('',#8967,#8968);
#8967 = CARTESIAN_POINT('',(1.95,2.2,0.641944960958));
#8968 = VECTOR('',#8969,1.);
#8969 = DIRECTION('',(0.,0.,1.));
#8970 = ORIENTED_EDGE('',*,*,#8543,.F.);
#8971 = PLANE('',#8972);
#8972 = AXIS2_PLACEMENT_3D('',#8973,#8974,#8975);
#8973 = CARTESIAN_POINT('',(1.95,2.275,0.9));
#8974 = DIRECTION('',(-1.,-1.110223024625E-16,0.));
#8975 = DIRECTION('',(1.110223024625E-16,-1.,0.));
#8976 = ADVANCED_FACE('',(#8977),#9002,.F.);
#8977 = FACE_BOUND('',#8978,.F.);
#8978 = EDGE_LOOP('',(#8979,#8987,#8988,#8996));
#8979 = ORIENTED_EDGE('',*,*,#8980,.F.);
#8980 = EDGE_CURVE('',#8329,#8981,#8983,.T.);
#8981 = VERTEX_POINT('',#8982);
#8982 = CARTESIAN_POINT('',(2.05,2.2,0.8));
#8983 = LINE('',#8984,#8985);
#8984 = CARTESIAN_POINT('',(1.8,2.2,0.8));
#8985 = VECTOR('',#8986,1.);
#8986 = DIRECTION('',(1.,1.110223024625E-16,0.));
#8987 = ORIENTED_EDGE('',*,*,#8328,.T.);
#8988 = ORIENTED_EDGE('',*,*,#8989,.T.);
#8989 = EDGE_CURVE('',#8321,#8990,#8992,.T.);
#8990 = VERTEX_POINT('',#8991);
#8991 = CARTESIAN_POINT('',(2.05,1.8,0.8));
#8992 = LINE('',#8993,#8994);
#8993 = CARTESIAN_POINT('',(1.8,1.8,0.8));
#8994 = VECTOR('',#8995,1.);
#8995 = DIRECTION('',(1.,1.110223024625E-16,0.));
#8996 = ORIENTED_EDGE('',*,*,#8997,.F.);
#8997 = EDGE_CURVE('',#8981,#8990,#8998,.T.);
#8998 = LINE('',#8999,#9000);
#8999 = CARTESIAN_POINT('',(2.05,2.2,0.8));
#9000 = VECTOR('',#9001,1.);
#9001 = DIRECTION('',(1.110223024625E-16,-1.,0.));
#9002 = PLANE('',#9003);
#9003 = AXIS2_PLACEMENT_3D('',#9004,#9005,#9006);
#9004 = CARTESIAN_POINT('',(1.8,2.2,0.8));
#9005 = DIRECTION('',(0.,0.,1.));
#9006 = DIRECTION('',(1.,1.110223024625E-16,-0.));
#9007 = ADVANCED_FACE('',(#9008),#9033,.F.);
#9008 = FACE_BOUND('',#9009,.F.);
#9009 = EDGE_LOOP('',(#9010,#9018,#9019,#9027));
#9010 = ORIENTED_EDGE('',*,*,#9011,.F.);
#9011 = EDGE_CURVE('',#8321,#9012,#9014,.T.);
#9012 = VERTEX_POINT('',#9013);
#9013 = CARTESIAN_POINT('',(1.95,1.8,0.9));
#9014 = LINE('',#9015,#9016);
#9015 = CARTESIAN_POINT('',(1.95,1.8,0.641944960958));
#9016 = VECTOR('',#9017,1.);
#9017 = DIRECTION('',(0.,0.,1.));
#9018 = ORIENTED_EDGE('',*,*,#8320,.T.);
#9019 = ORIENTED_EDGE('',*,*,#9020,.T.);
#9020 = EDGE_CURVE('',#8313,#9021,#9023,.T.);
#9021 = VERTEX_POINT('',#9022);
#9022 = CARTESIAN_POINT('',(1.95,1.2,0.9));
#9023 = LINE('',#9024,#9025);
#9024 = CARTESIAN_POINT('',(1.95,1.2,0.641944960958));
#9025 = VECTOR('',#9026,1.);
#9026 = DIRECTION('',(0.,0.,1.));
#9027 = ORIENTED_EDGE('',*,*,#9028,.F.);
#9028 = EDGE_CURVE('',#9012,#9021,#9029,.T.);
#9029 = LINE('',#9030,#9031);
#9030 = CARTESIAN_POINT('',(1.95,2.275,0.9));
#9031 = VECTOR('',#9032,1.);
#9032 = DIRECTION('',(1.110223024625E-16,-1.,0.));
#9033 = PLANE('',#9034);
#9034 = AXIS2_PLACEMENT_3D('',#9035,#9036,#9037);
#9035 = CARTESIAN_POINT('',(1.95,2.275,0.9));
#9036 = DIRECTION('',(-1.,-1.110223024625E-16,0.));
#9037 = DIRECTION('',(1.110223024625E-16,-1.,0.));
#9038 = ADVANCED_FACE('',(#9039),#9064,.F.);
#9039 = FACE_BOUND('',#9040,.F.);
#9040 = EDGE_LOOP('',(#9041,#9049,#9050,#9058));
#9041 = ORIENTED_EDGE('',*,*,#9042,.F.);
#9042 = EDGE_CURVE('',#8313,#9043,#9045,.T.);
#9043 = VERTEX_POINT('',#9044);
#9044 = CARTESIAN_POINT('',(2.05,1.2,0.8));
#9045 = LINE('',#9046,#9047);
#9046 = CARTESIAN_POINT('',(1.8,1.2,0.8));
#9047 = VECTOR('',#9048,1.);
#9048 = DIRECTION('',(1.,1.110223024625E-16,0.));
#9049 = ORIENTED_EDGE('',*,*,#8312,.T.);
#9050 = ORIENTED_EDGE('',*,*,#9051,.T.);
#9051 = EDGE_CURVE('',#8305,#9052,#9054,.T.);
#9052 = VERTEX_POINT('',#9053);
#9053 = CARTESIAN_POINT('',(2.05,0.8,0.8));
#9054 = LINE('',#9055,#9056);
#9055 = CARTESIAN_POINT('',(1.8,0.8,0.8));
#9056 = VECTOR('',#9057,1.);
#9057 = DIRECTION('',(1.,1.110223024625E-16,0.));
#9058 = ORIENTED_EDGE('',*,*,#9059,.F.);
#9059 = EDGE_CURVE('',#9043,#9052,#9060,.T.);
#9060 = LINE('',#9061,#9062);
#9061 = CARTESIAN_POINT('',(2.05,1.2,0.8));
#9062 = VECTOR('',#9063,1.);
#9063 = DIRECTION('',(1.110223024625E-16,-1.,0.));
#9064 = PLANE('',#9065);
#9065 = AXIS2_PLACEMENT_3D('',#9066,#9067,#9068);
#9066 = CARTESIAN_POINT('',(1.8,1.2,0.8));
#9067 = DIRECTION('',(0.,0.,1.));
#9068 = DIRECTION('',(1.,1.110223024625E-16,-0.));
#9069 = ADVANCED_FACE('',(#9070),#9095,.F.);
#9070 = FACE_BOUND('',#9071,.F.);
#9071 = EDGE_LOOP('',(#9072,#9080,#9081,#9089));
#9072 = ORIENTED_EDGE('',*,*,#9073,.F.);
#9073 = EDGE_CURVE('',#8305,#9074,#9076,.T.);
#9074 = VERTEX_POINT('',#9075);
#9075 = CARTESIAN_POINT('',(1.95,0.8,0.9));
#9076 = LINE('',#9077,#9078);
#9077 = CARTESIAN_POINT('',(1.95,0.8,0.641944960958));
#9078 = VECTOR('',#9079,1.);
#9079 = DIRECTION('',(0.,0.,1.));
#9080 = ORIENTED_EDGE('',*,*,#8304,.T.);
#9081 = ORIENTED_EDGE('',*,*,#9082,.T.);
#9082 = EDGE_CURVE('',#8297,#9083,#9085,.T.);
#9083 = VERTEX_POINT('',#9084);
#9084 = CARTESIAN_POINT('',(1.95,0.2,0.9));
#9085 = LINE('',#9086,#9087);
#9086 = CARTESIAN_POINT('',(1.95,0.2,0.641944960958));
#9087 = VECTOR('',#9088,1.);
#9088 = DIRECTION('',(0.,0.,1.));
#9089 = ORIENTED_EDGE('',*,*,#9090,.F.);
#9090 = EDGE_CURVE('',#9074,#9083,#9091,.T.);
#9091 = LINE('',#9092,#9093);
#9092 = CARTESIAN_POINT('',(1.95,2.275,0.9));
#9093 = VECTOR('',#9094,1.);
#9094 = DIRECTION('',(1.110223024625E-16,-1.,0.));
#9095 = PLANE('',#9096);
#9096 = AXIS2_PLACEMENT_3D('',#9097,#9098,#9099);
#9097 = CARTESIAN_POINT('',(1.95,2.275,0.9));
#9098 = DIRECTION('',(-1.,-1.110223024625E-16,0.));
#9099 = DIRECTION('',(1.110223024625E-16,-1.,0.));
#9100 = ADVANCED_FACE('',(#9101),#9126,.F.);
#9101 = FACE_BOUND('',#9102,.F.);
#9102 = EDGE_LOOP('',(#9103,#9111,#9112,#9120));
#9103 = ORIENTED_EDGE('',*,*,#9104,.F.);
#9104 = EDGE_CURVE('',#8297,#9105,#9107,.T.);
#9105 = VERTEX_POINT('',#9106);
#9106 = CARTESIAN_POINT('',(2.05,0.2,0.8));
#9107 = LINE('',#9108,#9109);
#9108 = CARTESIAN_POINT('',(1.8,0.2,0.8));
#9109 = VECTOR('',#9110,1.);
#9110 = DIRECTION('',(1.,1.110223024625E-16,0.));
#9111 = ORIENTED_EDGE('',*,*,#8296,.T.);
#9112 = ORIENTED_EDGE('',*,*,#9113,.T.);
#9113 = EDGE_CURVE('',#8289,#9114,#9116,.T.);
#9114 = VERTEX_POINT('',#9115);
#9115 = CARTESIAN_POINT('',(2.05,-0.2,0.8));
#9116 = LINE('',#9117,#9118);
#9117 = CARTESIAN_POINT('',(1.8,-0.2,0.8));
#9118 = VECTOR('',#9119,1.);
#9119 = DIRECTION('',(1.,1.110223024625E-16,0.));
#9120 = ORIENTED_EDGE('',*,*,#9121,.F.);
#9121 = EDGE_CURVE('',#9105,#9114,#9122,.T.);
#9122 = LINE('',#9123,#9124);
#9123 = CARTESIAN_POINT('',(2.05,0.2,0.8));
#9124 = VECTOR('',#9125,1.);
#9125 = DIRECTION('',(1.110223024625E-16,-1.,0.));
#9126 = PLANE('',#9127);
#9127 = AXIS2_PLACEMENT_3D('',#9128,#9129,#9130);
#9128 = CARTESIAN_POINT('',(1.8,0.2,0.8));
#9129 = DIRECTION('',(0.,0.,1.));
#9130 = DIRECTION('',(1.,1.110223024625E-16,-0.));
#9131 = ADVANCED_FACE('',(#9132),#9157,.F.);
#9132 = FACE_BOUND('',#9133,.F.);
#9133 = EDGE_LOOP('',(#9134,#9142,#9143,#9151));
#9134 = ORIENTED_EDGE('',*,*,#9135,.F.);
#9135 = EDGE_CURVE('',#8289,#9136,#9138,.T.);
#9136 = VERTEX_POINT('',#9137);
#9137 = CARTESIAN_POINT('',(1.95,-0.2,0.9));
#9138 = LINE('',#9139,#9140);
#9139 = CARTESIAN_POINT('',(1.95,-0.2,0.641944960958));
#9140 = VECTOR('',#9141,1.);
#9141 = DIRECTION('',(0.,0.,1.));
#9142 = ORIENTED_EDGE('',*,*,#8288,.T.);
#9143 = ORIENTED_EDGE('',*,*,#9144,.T.);
#9144 = EDGE_CURVE('',#8281,#9145,#9147,.T.);
#9145 = VERTEX_POINT('',#9146);
#9146 = CARTESIAN_POINT('',(1.95,-0.8,0.9));
#9147 = LINE('',#9148,#9149);
#9148 = CARTESIAN_POINT('',(1.95,-0.8,0.641944960958));
#9149 = VECTOR('',#9150,1.);
#9150 = DIRECTION('',(0.,0.,1.));
#9151 = ORIENTED_EDGE('',*,*,#9152,.F.);
#9152 = EDGE_CURVE('',#9136,#9145,#9153,.T.);
#9153 = LINE('',#9154,#9155);
#9154 = CARTESIAN_POINT('',(1.95,2.275,0.9));
#9155 = VECTOR('',#9156,1.);
#9156 = DIRECTION('',(1.110223024625E-16,-1.,0.));
#9157 = PLANE('',#9158);
#9158 = AXIS2_PLACEMENT_3D('',#9159,#9160,#9161);
#9159 = CARTESIAN_POINT('',(1.95,2.275,0.9));
#9160 = DIRECTION('',(-1.,-1.110223024625E-16,0.));
#9161 = DIRECTION('',(1.110223024625E-16,-1.,0.));
#9162 = ADVANCED_FACE('',(#9163),#9188,.F.);
#9163 = FACE_BOUND('',#9164,.F.);
#9164 = EDGE_LOOP('',(#9165,#9173,#9174,#9182));
#9165 = ORIENTED_EDGE('',*,*,#9166,.F.);
#9166 = EDGE_CURVE('',#8281,#9167,#9169,.T.);
#9167 = VERTEX_POINT('',#9168);
#9168 = CARTESIAN_POINT('',(2.05,-0.8,0.8));
#9169 = LINE('',#9170,#9171);
#9170 = CARTESIAN_POINT('',(1.8,-0.8,0.8));
#9171 = VECTOR('',#9172,1.);
#9172 = DIRECTION('',(1.,1.110223024625E-16,0.));
#9173 = ORIENTED_EDGE('',*,*,#8280,.T.);
#9174 = ORIENTED_EDGE('',*,*,#9175,.T.);
#9175 = EDGE_CURVE('',#8273,#9176,#9178,.T.);
#9176 = VERTEX_POINT('',#9177);
#9177 = CARTESIAN_POINT('',(2.05,-1.2,0.8));
#9178 = LINE('',#9179,#9180);
#9179 = CARTESIAN_POINT('',(1.8,-1.2,0.8));
#9180 = VECTOR('',#9181,1.);
#9181 = DIRECTION('',(1.,1.110223024625E-16,0.));
#9182 = ORIENTED_EDGE('',*,*,#9183,.F.);
#9183 = EDGE_CURVE('',#9167,#9176,#9184,.T.);
#9184 = LINE('',#9185,#9186);
#9185 = CARTESIAN_POINT('',(2.05,-0.8,0.8));
#9186 = VECTOR('',#9187,1.);
#9187 = DIRECTION('',(1.110223024625E-16,-1.,0.));
#9188 = PLANE('',#9189);
#9189 = AXIS2_PLACEMENT_3D('',#9190,#9191,#9192);
#9190 = CARTESIAN_POINT('',(1.8,-0.8,0.8));
#9191 = DIRECTION('',(0.,0.,1.));
#9192 = DIRECTION('',(1.,1.110223024625E-16,-0.));
#9193 = ADVANCED_FACE('',(#9194),#9219,.F.);
#9194 = FACE_BOUND('',#9195,.F.);
#9195 = EDGE_LOOP('',(#9196,#9204,#9205,#9213));
#9196 = ORIENTED_EDGE('',*,*,#9197,.F.);
#9197 = EDGE_CURVE('',#8273,#9198,#9200,.T.);
#9198 = VERTEX_POINT('',#9199);
#9199 = CARTESIAN_POINT('',(1.95,-1.2,0.9));
#9200 = LINE('',#9201,#9202);
#9201 = CARTESIAN_POINT('',(1.95,-1.2,0.641944960958));
#9202 = VECTOR('',#9203,1.);
#9203 = DIRECTION('',(0.,0.,1.));
#9204 = ORIENTED_EDGE('',*,*,#8272,.T.);
#9205 = ORIENTED_EDGE('',*,*,#9206,.T.);
#9206 = EDGE_CURVE('',#8265,#9207,#9209,.T.);
#9207 = VERTEX_POINT('',#9208);
#9208 = CARTESIAN_POINT('',(1.95,-1.8,0.9));
#9209 = LINE('',#9210,#9211);
#9210 = CARTESIAN_POINT('',(1.95,-1.8,0.641944960958));
#9211 = VECTOR('',#9212,1.);
#9212 = DIRECTION('',(0.,0.,1.));
#9213 = ORIENTED_EDGE('',*,*,#9214,.F.);
#9214 = EDGE_CURVE('',#9198,#9207,#9215,.T.);
#9215 = LINE('',#9216,#9217);
#9216 = CARTESIAN_POINT('',(1.95,2.275,0.9));
#9217 = VECTOR('',#9218,1.);
#9218 = DIRECTION('',(1.110223024625E-16,-1.,0.));
#9219 = PLANE('',#9220);
#9220 = AXIS2_PLACEMENT_3D('',#9221,#9222,#9223);
#9221 = CARTESIAN_POINT('',(1.95,2.275,0.9));
#9222 = DIRECTION('',(-1.,-1.110223024625E-16,0.));
#9223 = DIRECTION('',(1.110223024625E-16,-1.,0.));
#9224 = ADVANCED_FACE('',(#9225),#9250,.F.);
#9225 = FACE_BOUND('',#9226,.F.);
#9226 = EDGE_LOOP('',(#9227,#9235,#9236,#9244));
#9227 = ORIENTED_EDGE('',*,*,#9228,.F.);
#9228 = EDGE_CURVE('',#8265,#9229,#9231,.T.);
#9229 = VERTEX_POINT('',#9230);
#9230 = CARTESIAN_POINT('',(2.05,-1.8,0.8));
#9231 = LINE('',#9232,#9233);
#9232 = CARTESIAN_POINT('',(1.8,-1.8,0.8));
#9233 = VECTOR('',#9234,1.);
#9234 = DIRECTION('',(1.,1.110223024625E-16,0.));
#9235 = ORIENTED_EDGE('',*,*,#8264,.T.);
#9236 = ORIENTED_EDGE('',*,*,#9237,.T.);
#9237 = EDGE_CURVE('',#8257,#9238,#9240,.T.);
#9238 = VERTEX_POINT('',#9239);
#9239 = CARTESIAN_POINT('',(2.05,-2.2,0.8));
#9240 = LINE('',#9241,#9242);
#9241 = CARTESIAN_POINT('',(1.8,-2.2,0.8));
#9242 = VECTOR('',#9243,1.);
#9243 = DIRECTION('',(1.,1.110223024625E-16,0.));
#9244 = ORIENTED_EDGE('',*,*,#9245,.F.);
#9245 = EDGE_CURVE('',#9229,#9238,#9246,.T.);
#9246 = LINE('',#9247,#9248);
#9247 = CARTESIAN_POINT('',(2.05,-1.8,0.8));
#9248 = VECTOR('',#9249,1.);
#9249 = DIRECTION('',(1.110223024625E-16,-1.,0.));
#9250 = PLANE('',#9251);
#9251 = AXIS2_PLACEMENT_3D('',#9252,#9253,#9254);
#9252 = CARTESIAN_POINT('',(1.8,-1.8,0.8));
#9253 = DIRECTION('',(0.,0.,1.));
#9254 = DIRECTION('',(1.,1.110223024625E-16,-0.));
#9255 = ADVANCED_FACE('',(#9256),#9280,.F.);
#9256 = FACE_BOUND('',#9257,.F.);
#9257 = EDGE_LOOP('',(#9258,#9266,#9267,#9274));
#9258 = ORIENTED_EDGE('',*,*,#9259,.F.);
#9259 = EDGE_CURVE('',#8257,#9260,#9262,.T.);
#9260 = VERTEX_POINT('',#9261);
#9261 = CARTESIAN_POINT('',(1.95,-2.2,0.9));
#9262 = LINE('',#9263,#9264);
#9263 = CARTESIAN_POINT('',(1.95,-2.2,0.641944960958));
#9264 = VECTOR('',#9265,1.);
#9265 = DIRECTION('',(0.,0.,1.));
#9266 = ORIENTED_EDGE('',*,*,#8256,.T.);
#9267 = ORIENTED_EDGE('',*,*,#9268,.T.);
#9268 = EDGE_CURVE('',#8250,#9269,#9271,.T.);
#9269 = VERTEX_POINT('',#9270);
#9270 = CARTESIAN_POINT('',(1.95,-2.275,0.9));
#9271 = B_SPLINE_CURVE_WITH_KNOTS('',1,(#9272,#9273),.UNSPECIFIED.,.F.,
  .F.,(2,2),(0.,1.),.PIECEWISE_BEZIER_KNOTS.);
#9272 = CARTESIAN_POINT('',(1.95,-2.275,0.8));
#9273 = CARTESIAN_POINT('',(1.95,-2.275,0.9));
#9274 = ORIENTED_EDGE('',*,*,#9275,.F.);
#9275 = EDGE_CURVE('',#9260,#9269,#9276,.T.);
#9276 = LINE('',#9277,#9278);
#9277 = CARTESIAN_POINT('',(1.95,2.275,0.9));
#9278 = VECTOR('',#9279,1.);
#9279 = DIRECTION('',(1.110223024625E-16,-1.,0.));
#9280 = PLANE('',#9281);
#9281 = AXIS2_PLACEMENT_3D('',#9282,#9283,#9284);
#9282 = CARTESIAN_POINT('',(1.95,2.275,0.9));
#9283 = DIRECTION('',(-1.,-1.110223024625E-16,0.));
#9284 = DIRECTION('',(1.110223024625E-16,-1.,0.));
#9285 = ADVANCED_FACE('',(#9286),#9303,.F.);
#9286 = FACE_BOUND('',#9287,.F.);
#9287 = EDGE_LOOP('',(#9288,#9289,#9290,#9298));
#9288 = ORIENTED_EDGE('',*,*,#8353,.T.);
#9289 = ORIENTED_EDGE('',*,*,#8637,.T.);
#9290 = ORIENTED_EDGE('',*,*,#9291,.F.);
#9291 = EDGE_CURVE('',#9292,#8638,#9294,.T.);
#9292 = VERTEX_POINT('',#9293);
#9293 = CARTESIAN_POINT('',(-1.775,-2.45,0.9));
#9294 = LINE('',#9295,#9296);
#9295 = CARTESIAN_POINT('',(-1.775,-2.45,0.9));
#9296 = VECTOR('',#9297,1.);
#9297 = DIRECTION('',(-0.707106781187,0.707106781187,0.));
#9298 = ORIENTED_EDGE('',*,*,#9299,.F.);
#9299 = EDGE_CURVE('',#8354,#9292,#9300,.T.);
#9300 = B_SPLINE_CURVE_WITH_KNOTS('',1,(#9301,#9302),.UNSPECIFIED.,.F.,
  .F.,(2,2),(0.,1.),.PIECEWISE_BEZIER_KNOTS.);
#9301 = CARTESIAN_POINT('',(-1.775,-2.45,0.8));
#9302 = CARTESIAN_POINT('',(-1.775,-2.45,0.9));
#9303 = PLANE('',#9304);
#9304 = AXIS2_PLACEMENT_3D('',#9305,#9306,#9307);
#9305 = CARTESIAN_POINT('',(-1.775,-2.45,0.9));
#9306 = DIRECTION('',(0.707106781187,0.707106781187,0.));
#9307 = DIRECTION('',(-0.707106781187,0.707106781187,0.));
#9308 = ADVANCED_FACE('',(#9309),#9326,.F.);
#9309 = FACE_BOUND('',#9310,.F.);
#9310 = EDGE_LOOP('',(#9311,#9312,#9319,#9325));
#9311 = ORIENTED_EDGE('',*,*,#8382,.T.);
#9312 = ORIENTED_EDGE('',*,*,#9313,.T.);
#9313 = EDGE_CURVE('',#8376,#9314,#9316,.T.);
#9314 = VERTEX_POINT('',#9315);
#9315 = CARTESIAN_POINT('',(1.775,-2.45,0.9));
#9316 = B_SPLINE_CURVE_WITH_KNOTS('',1,(#9317,#9318),.UNSPECIFIED.,.F.,
  .F.,(2,2),(0.,1.),.PIECEWISE_BEZIER_KNOTS.);
#9317 = CARTESIAN_POINT('',(1.775,-2.45,0.8));
#9318 = CARTESIAN_POINT('',(1.775,-2.45,0.9));
#9319 = ORIENTED_EDGE('',*,*,#9320,.F.);
#9320 = EDGE_CURVE('',#9269,#9314,#9321,.T.);
#9321 = LINE('',#9322,#9323);
#9322 = CARTESIAN_POINT('',(1.95,-2.275,0.9));
#9323 = VECTOR('',#9324,1.);
#9324 = DIRECTION('',(-0.707106781187,-0.707106781187,0.));
#9325 = ORIENTED_EDGE('',*,*,#9268,.F.);
#9326 = PLANE('',#9327);
#9327 = AXIS2_PLACEMENT_3D('',#9328,#9329,#9330);
#9328 = CARTESIAN_POINT('',(1.95,-2.275,0.9));
#9329 = DIRECTION('',(-0.707106781187,0.707106781187,0.));
#9330 = DIRECTION('',(-0.707106781187,-0.707106781187,0.));
#9331 = ADVANCED_FACE('',(#9332),#9343,.F.);
#9332 = FACE_BOUND('',#9333,.F.);
#9333 = EDGE_LOOP('',(#9334,#9335,#9336,#9342));
#9334 = ORIENTED_EDGE('',*,*,#8399,.T.);
#9335 = ORIENTED_EDGE('',*,*,#9299,.T.);
#9336 = ORIENTED_EDGE('',*,*,#9337,.F.);
#9337 = EDGE_CURVE('',#9314,#9292,#9338,.T.);
#9338 = LINE('',#9339,#9340);
#9339 = CARTESIAN_POINT('',(1.775,-2.45,0.9));
#9340 = VECTOR('',#9341,1.);
#9341 = DIRECTION('',(-1.,-1.110223024625E-16,0.));
#9342 = ORIENTED_EDGE('',*,*,#9313,.F.);
#9343 = PLANE('',#9344);
#9344 = AXIS2_PLACEMENT_3D('',#9345,#9346,#9347);
#9345 = CARTESIAN_POINT('',(1.775,-2.45,0.9));
#9346 = DIRECTION('',(-1.110223024625E-16,1.,0.));
#9347 = DIRECTION('',(-1.,-1.110223024625E-16,0.));
#9348 = ADVANCED_FACE('',(#9349),#9355,.F.);
#9349 = FACE_BOUND('',#9350,.F.);
#9350 = EDGE_LOOP('',(#9351,#9352,#9353,#9354));
#9351 = ORIENTED_EDGE('',*,*,#8422,.F.);
#9352 = ORIENTED_EDGE('',*,*,#8445,.T.);
#9353 = ORIENTED_EDGE('',*,*,#8470,.T.);
#9354 = ORIENTED_EDGE('',*,*,#8493,.F.);
#9355 = PLANE('',#9356);
#9356 = AXIS2_PLACEMENT_3D('',#9357,#9358,#9359);
#9357 = CARTESIAN_POINT('',(-1.05,1.65,0.));
#9358 = DIRECTION('',(0.,0.,1.));
#9359 = DIRECTION('',(1.110223024625E-16,-1.,0.));
#9360 = ADVANCED_FACE('',(#9361),#9400,.F.);
#9361 = FACE_BOUND('',#9362,.F.);
#9362 = EDGE_LOOP('',(#9363,#9371,#9379,#9385,#9386,#9394));
#9363 = ORIENTED_EDGE('',*,*,#9364,.F.);
#9364 = EDGE_CURVE('',#9365,#8894,#9367,.T.);
#9365 = VERTEX_POINT('',#9366);
#9366 = CARTESIAN_POINT('',(-2.05,1.8,0.9));
#9367 = LINE('',#9368,#9369);
#9368 = CARTESIAN_POINT('',(-2.05,1.8,0.9));
#9369 = VECTOR('',#9370,1.);
#9370 = DIRECTION('',(1.,-1.144237745222E-17,0.));
#9371 = ORIENTED_EDGE('',*,*,#9372,.T.);
#9372 = EDGE_CURVE('',#9365,#9373,#9375,.T.);
#9373 = VERTEX_POINT('',#9374);
#9374 = CARTESIAN_POINT('',(-2.05,2.2,0.9));
#9375 = LINE('',#9376,#9377);
#9376 = CARTESIAN_POINT('',(-2.05,1.8,0.9));
#9377 = VECTOR('',#9378,1.);
#9378 = DIRECTION('',(1.144237745222E-17,1.,0.));
#9379 = ORIENTED_EDGE('',*,*,#9380,.T.);
#9380 = EDGE_CURVE('',#9373,#8600,#9381,.T.);
#9381 = LINE('',#9382,#9383);
#9382 = CARTESIAN_POINT('',(-2.05,2.2,0.9));
#9383 = VECTOR('',#9384,1.);
#9384 = DIRECTION('',(1.,-1.144237745222E-17,0.));
#9385 = ORIENTED_EDGE('',*,*,#8599,.T.);
#9386 = ORIENTED_EDGE('',*,*,#9387,.F.);
#9387 = EDGE_CURVE('',#9388,#8592,#9390,.T.);
#9388 = VERTEX_POINT('',#9389);
#9389 = CARTESIAN_POINT('',(-1.875,1.8,0.9));
#9390 = LINE('',#9391,#9392);
#9391 = CARTESIAN_POINT('',(-1.875,-2.2375,0.9));
#9392 = VECTOR('',#9393,1.);
#9393 = DIRECTION('',(-1.110223024625E-16,1.,0.));
#9394 = ORIENTED_EDGE('',*,*,#9395,.F.);
#9395 = EDGE_CURVE('',#8894,#9388,#9396,.T.);
#9396 = LINE('',#9397,#9398);
#9397 = CARTESIAN_POINT('',(-2.05,1.8,0.9));
#9398 = VECTOR('',#9399,1.);
#9399 = DIRECTION('',(1.,-1.144237745222E-17,0.));
#9400 = PLANE('',#9401);
#9401 = AXIS2_PLACEMENT_3D('',#9402,#9403,#9404);
#9402 = CARTESIAN_POINT('',(-2.05,1.8,0.9));
#9403 = DIRECTION('',(0.,0.,-1.));
#9404 = DIRECTION('',(1.,-1.144237745222E-17,0.));
#9405 = ADVANCED_FACE('',(#9406),#9502,.F.);
#9406 = FACE_BOUND('',#9407,.F.);
#9407 = EDGE_LOOP('',(#9408,#9418,#9426,#9434,#9442,#9450,#9458,#9466,
    #9474,#9480,#9481,#9482,#9489,#9497));
#9408 = ORIENTED_EDGE('',*,*,#9409,.T.);
#9409 = EDGE_CURVE('',#9410,#9412,#9414,.T.);
#9410 = VERTEX_POINT('',#9411);
#9411 = CARTESIAN_POINT('',(-1.875,-2.2375,0.9));
#9412 = VERTEX_POINT('',#9413);
#9413 = CARTESIAN_POINT('',(-1.875,-2.2,0.9));
#9414 = LINE('',#9415,#9416);
#9415 = CARTESIAN_POINT('',(-1.875,-2.2375,0.9));
#9416 = VECTOR('',#9417,1.);
#9417 = DIRECTION('',(-1.110223024625E-16,1.,0.));
#9418 = ORIENTED_EDGE('',*,*,#9419,.T.);
#9419 = EDGE_CURVE('',#9412,#9420,#9422,.T.);
#9420 = VERTEX_POINT('',#9421);
#9421 = CARTESIAN_POINT('',(-1.875,-1.8,0.9));
#9422 = LINE('',#9423,#9424);
#9423 = CARTESIAN_POINT('',(-1.875,-2.2375,0.9));
#9424 = VECTOR('',#9425,1.);
#9425 = DIRECTION('',(-1.110223024625E-16,1.,0.));
#9426 = ORIENTED_EDGE('',*,*,#9427,.T.);
#9427 = EDGE_CURVE('',#9420,#9428,#9430,.T.);
#9428 = VERTEX_POINT('',#9429);
#9429 = CARTESIAN_POINT('',(-1.875,-1.2,0.9));
#9430 = LINE('',#9431,#9432);
#9431 = CARTESIAN_POINT('',(-1.875,-2.2375,0.9));
#9432 = VECTOR('',#9433,1.);
#9433 = DIRECTION('',(-1.110223024625E-16,1.,0.));
#9434 = ORIENTED_EDGE('',*,*,#9435,.T.);
#9435 = EDGE_CURVE('',#9428,#9436,#9438,.T.);
#9436 = VERTEX_POINT('',#9437);
#9437 = CARTESIAN_POINT('',(-1.875,-0.8,0.9));
#9438 = LINE('',#9439,#9440);
#9439 = CARTESIAN_POINT('',(-1.875,-2.2375,0.9));
#9440 = VECTOR('',#9441,1.);
#9441 = DIRECTION('',(-1.110223024625E-16,1.,0.));
#9442 = ORIENTED_EDGE('',*,*,#9443,.T.);
#9443 = EDGE_CURVE('',#9436,#9444,#9446,.T.);
#9444 = VERTEX_POINT('',#9445);
#9445 = CARTESIAN_POINT('',(-1.875,-0.2,0.9));
#9446 = LINE('',#9447,#9448);
#9447 = CARTESIAN_POINT('',(-1.875,-2.2375,0.9));
#9448 = VECTOR('',#9449,1.);
#9449 = DIRECTION('',(-1.110223024625E-16,1.,0.));
#9450 = ORIENTED_EDGE('',*,*,#9451,.T.);
#9451 = EDGE_CURVE('',#9444,#9452,#9454,.T.);
#9452 = VERTEX_POINT('',#9453);
#9453 = CARTESIAN_POINT('',(-1.875,0.2,0.9));
#9454 = LINE('',#9455,#9456);
#9455 = CARTESIAN_POINT('',(-1.875,-2.2375,0.9));
#9456 = VECTOR('',#9457,1.);
#9457 = DIRECTION('',(-1.110223024625E-16,1.,0.));
#9458 = ORIENTED_EDGE('',*,*,#9459,.T.);
#9459 = EDGE_CURVE('',#9452,#9460,#9462,.T.);
#9460 = VERTEX_POINT('',#9461);
#9461 = CARTESIAN_POINT('',(-1.875,0.8,0.9));
#9462 = LINE('',#9463,#9464);
#9463 = CARTESIAN_POINT('',(-1.875,-2.2375,0.9));
#9464 = VECTOR('',#9465,1.);
#9465 = DIRECTION('',(-1.110223024625E-16,1.,0.));
#9466 = ORIENTED_EDGE('',*,*,#9467,.T.);
#9467 = EDGE_CURVE('',#9460,#9468,#9470,.T.);
#9468 = VERTEX_POINT('',#9469);
#9469 = CARTESIAN_POINT('',(-1.875,1.2,0.9));
#9470 = LINE('',#9471,#9472);
#9471 = CARTESIAN_POINT('',(-1.875,-2.2375,0.9));
#9472 = VECTOR('',#9473,1.);
#9473 = DIRECTION('',(-1.110223024625E-16,1.,0.));
#9474 = ORIENTED_EDGE('',*,*,#9475,.T.);
#9475 = EDGE_CURVE('',#9468,#9388,#9476,.T.);
#9476 = LINE('',#9477,#9478);
#9477 = CARTESIAN_POINT('',(-1.875,-2.2375,0.9));
#9478 = VECTOR('',#9479,1.);
#9479 = DIRECTION('',(-1.110223024625E-16,1.,0.));
#9480 = ORIENTED_EDGE('',*,*,#9387,.T.);
#9481 = ORIENTED_EDGE('',*,*,#8591,.T.);
#9482 = ORIENTED_EDGE('',*,*,#9483,.T.);
#9483 = EDGE_CURVE('',#8584,#9484,#9486,.T.);
#9484 = VERTEX_POINT('',#9485);
#9485 = CARTESIAN_POINT('',(-1.764130891773,2.182065445886,1.6));
#9486 = B_SPLINE_CURVE_WITH_KNOTS('',1,(#9487,#9488),.UNSPECIFIED.,.F.,
  .F.,(2,2),(0.,1.),.PIECEWISE_BEZIER_KNOTS.);
#9487 = CARTESIAN_POINT('',(-1.875,2.2375,0.9));
#9488 = CARTESIAN_POINT('',(-1.764130891773,2.182065445886,1.6));
#9489 = ORIENTED_EDGE('',*,*,#9490,.F.);
#9490 = EDGE_CURVE('',#9491,#9484,#9493,.T.);
#9491 = VERTEX_POINT('',#9492);
#9492 = CARTESIAN_POINT('',(-1.764130891773,-2.182065445886,1.6));
#9493 = LINE('',#9494,#9495);
#9494 = CARTESIAN_POINT('',(-1.764130891773,-2.182065445886,1.6));
#9495 = VECTOR('',#9496,1.);
#9496 = DIRECTION('',(-1.110223024625E-16,1.,0.));
#9497 = ORIENTED_EDGE('',*,*,#9498,.F.);
#9498 = EDGE_CURVE('',#9410,#9491,#9499,.T.);
#9499 = B_SPLINE_CURVE_WITH_KNOTS('',1,(#9500,#9501),.UNSPECIFIED.,.F.,
  .F.,(2,2),(0.,1.),.PIECEWISE_BEZIER_KNOTS.);
#9500 = CARTESIAN_POINT('',(-1.875,-2.2375,0.9));
#9501 = CARTESIAN_POINT('',(-1.764130891773,-2.182065445886,1.6));
#9502 = B_SPLINE_SURFACE_WITH_KNOTS('',1,1,(
    (#9503,#9504)
    ,(#9505,#9506
    )),.UNSPECIFIED.,.F.,.F.,.F.,(2,2),(2,2),(0.,4.475),(0.,1.),
  .PIECEWISE_BEZIER_KNOTS.);
#9503 = CARTESIAN_POINT('',(-1.875,-2.2375,0.9));
#9504 = CARTESIAN_POINT('',(-1.764130891773,-2.182065445886,1.6));
#9505 = CARTESIAN_POINT('',(-1.875,2.2375,0.9));
#9506 = CARTESIAN_POINT('',(-1.764130891773,2.182065445886,1.6));
#9507 = ADVANCED_FACE('',(#9508),#9525,.F.);
#9508 = FACE_BOUND('',#9509,.F.);
#9509 = EDGE_LOOP('',(#9510,#9511,#9518,#9524));
#9510 = ORIENTED_EDGE('',*,*,#8583,.T.);
#9511 = ORIENTED_EDGE('',*,*,#9512,.T.);
#9512 = EDGE_CURVE('',#8576,#9513,#9515,.T.);
#9513 = VERTEX_POINT('',#9514);
#9514 = CARTESIAN_POINT('',(-1.682065445886,2.264130891773,1.6));
#9515 = B_SPLINE_CURVE_WITH_KNOTS('',1,(#9516,#9517),.UNSPECIFIED.,.F.,
  .F.,(2,2),(0.,1.),.PIECEWISE_BEZIER_KNOTS.);
#9516 = CARTESIAN_POINT('',(-1.7375,2.375,0.9));
#9517 = CARTESIAN_POINT('',(-1.682065445886,2.264130891773,1.6));
#9518 = ORIENTED_EDGE('',*,*,#9519,.F.);
#9519 = EDGE_CURVE('',#9484,#9513,#9520,.T.);
#9520 = LINE('',#9521,#9522);
#9521 = CARTESIAN_POINT('',(-1.764130891773,2.182065445886,1.6));
#9522 = VECTOR('',#9523,1.);
#9523 = DIRECTION('',(0.707106781187,0.707106781187,0.));
#9524 = ORIENTED_EDGE('',*,*,#9483,.F.);
#9525 = B_SPLINE_SURFACE_WITH_KNOTS('',1,1,(
    (#9526,#9527)
    ,(#9528,#9529
    )),.UNSPECIFIED.,.F.,.F.,.F.,(2,2),(2,2),(0.,0.194454364826),(0.,1.)
  ,.PIECEWISE_BEZIER_KNOTS.);
#9526 = CARTESIAN_POINT('',(-1.875,2.2375,0.9));
#9527 = CARTESIAN_POINT('',(-1.764130891773,2.182065445886,1.6));
#9528 = CARTESIAN_POINT('',(-1.7375,2.375,0.9));
#9529 = CARTESIAN_POINT('',(-1.682065445886,2.264130891773,1.6));
#9530 = ADVANCED_FACE('',(#9531),#9548,.F.);
#9531 = FACE_BOUND('',#9532,.F.);
#9532 = EDGE_LOOP('',(#9533,#9534,#9541,#9547));
#9533 = ORIENTED_EDGE('',*,*,#8575,.T.);
#9534 = ORIENTED_EDGE('',*,*,#9535,.T.);
#9535 = EDGE_CURVE('',#8568,#9536,#9538,.T.);
#9536 = VERTEX_POINT('',#9537);
#9537 = CARTESIAN_POINT('',(1.682065445886,2.264130891773,1.6));
#9538 = B_SPLINE_CURVE_WITH_KNOTS('',1,(#9539,#9540),.UNSPECIFIED.,.F.,
  .F.,(2,2),(0.,1.),.PIECEWISE_BEZIER_KNOTS.);
#9539 = CARTESIAN_POINT('',(1.7375,2.375,0.9));
#9540 = CARTESIAN_POINT('',(1.682065445886,2.264130891773,1.6));
#9541 = ORIENTED_EDGE('',*,*,#9542,.F.);
#9542 = EDGE_CURVE('',#9513,#9536,#9543,.T.);
#9543 = LINE('',#9544,#9545);
#9544 = CARTESIAN_POINT('',(-1.682065445886,2.264130891773,1.6));
#9545 = VECTOR('',#9546,1.);
#9546 = DIRECTION('',(1.,1.110223024625E-16,0.));
#9547 = ORIENTED_EDGE('',*,*,#9512,.F.);
#9548 = B_SPLINE_SURFACE_WITH_KNOTS('',1,1,(
    (#9549,#9550)
    ,(#9551,#9552
    )),.UNSPECIFIED.,.F.,.F.,.F.,(2,2),(2,2),(0.,3.475),(0.,1.),
  .PIECEWISE_BEZIER_KNOTS.);
#9549 = CARTESIAN_POINT('',(-1.7375,2.375,0.9));
#9550 = CARTESIAN_POINT('',(-1.682065445886,2.264130891773,1.6));
#9551 = CARTESIAN_POINT('',(1.7375,2.375,0.9));
#9552 = CARTESIAN_POINT('',(1.682065445886,2.264130891773,1.6));
#9553 = ADVANCED_FACE('',(#9554),#9571,.F.);
#9554 = FACE_BOUND('',#9555,.F.);
#9555 = EDGE_LOOP('',(#9556,#9557,#9564,#9570));
#9556 = ORIENTED_EDGE('',*,*,#8567,.T.);
#9557 = ORIENTED_EDGE('',*,*,#9558,.T.);
#9558 = EDGE_CURVE('',#8560,#9559,#9561,.T.);
#9559 = VERTEX_POINT('',#9560);
#9560 = CARTESIAN_POINT('',(1.764130891773,2.182065445886,1.6));
#9561 = B_SPLINE_CURVE_WITH_KNOTS('',1,(#9562,#9563),.UNSPECIFIED.,.F.,
  .F.,(2,2),(0.,1.),.PIECEWISE_BEZIER_KNOTS.);
#9562 = CARTESIAN_POINT('',(1.875,2.2375,0.9));
#9563 = CARTESIAN_POINT('',(1.764130891773,2.182065445886,1.6));
#9564 = ORIENTED_EDGE('',*,*,#9565,.F.);
#9565 = EDGE_CURVE('',#9536,#9559,#9566,.T.);
#9566 = LINE('',#9567,#9568);
#9567 = CARTESIAN_POINT('',(1.682065445886,2.264130891773,1.6));
#9568 = VECTOR('',#9569,1.);
#9569 = DIRECTION('',(0.707106781187,-0.707106781187,0.));
#9570 = ORIENTED_EDGE('',*,*,#9535,.F.);
#9571 = B_SPLINE_SURFACE_WITH_KNOTS('',1,1,(
    (#9572,#9573)
    ,(#9574,#9575
    )),.UNSPECIFIED.,.F.,.F.,.F.,(2,2),(2,2),(0.,0.194454364826),(0.,1.)
  ,.PIECEWISE_BEZIER_KNOTS.);
#9572 = CARTESIAN_POINT('',(1.7375,2.375,0.9));
#9573 = CARTESIAN_POINT('',(1.682065445886,2.264130891773,1.6));
#9574 = CARTESIAN_POINT('',(1.875,2.2375,0.9));
#9575 = CARTESIAN_POINT('',(1.764130891773,2.182065445886,1.6));
#9576 = ADVANCED_FACE('',(#9577),#9674,.F.);
#9577 = FACE_BOUND('',#9578,.F.);
#9578 = EDGE_LOOP('',(#9579,#9580,#9588,#9596,#9604,#9612,#9620,#9628,
    #9636,#9644,#9652,#9660,#9667,#9673));
#9579 = ORIENTED_EDGE('',*,*,#8559,.T.);
#9580 = ORIENTED_EDGE('',*,*,#9581,.T.);
#9581 = EDGE_CURVE('',#8552,#9582,#9584,.T.);
#9582 = VERTEX_POINT('',#9583);
#9583 = CARTESIAN_POINT('',(1.875,1.8,0.9));
#9584 = LINE('',#9585,#9586);
#9585 = CARTESIAN_POINT('',(1.875,2.2375,0.9));
#9586 = VECTOR('',#9587,1.);
#9587 = DIRECTION('',(1.110223024625E-16,-1.,0.));
#9588 = ORIENTED_EDGE('',*,*,#9589,.T.);
#9589 = EDGE_CURVE('',#9582,#9590,#9592,.T.);
#9590 = VERTEX_POINT('',#9591);
#9591 = CARTESIAN_POINT('',(1.875,1.2,0.9));
#9592 = LINE('',#9593,#9594);
#9593 = CARTESIAN_POINT('',(1.875,2.2375,0.9));
#9594 = VECTOR('',#9595,1.);
#9595 = DIRECTION('',(1.110223024625E-16,-1.,0.));
#9596 = ORIENTED_EDGE('',*,*,#9597,.T.);
#9597 = EDGE_CURVE('',#9590,#9598,#9600,.T.);
#9598 = VERTEX_POINT('',#9599);
#9599 = CARTESIAN_POINT('',(1.875,0.8,0.9));
#9600 = LINE('',#9601,#9602);
#9601 = CARTESIAN_POINT('',(1.875,2.2375,0.9));
#9602 = VECTOR('',#9603,1.);
#9603 = DIRECTION('',(1.110223024625E-16,-1.,0.));
#9604 = ORIENTED_EDGE('',*,*,#9605,.T.);
#9605 = EDGE_CURVE('',#9598,#9606,#9608,.T.);
#9606 = VERTEX_POINT('',#9607);
#9607 = CARTESIAN_POINT('',(1.875,0.2,0.9));
#9608 = LINE('',#9609,#9610);
#9609 = CARTESIAN_POINT('',(1.875,2.2375,0.9));
#9610 = VECTOR('',#9611,1.);
#9611 = DIRECTION('',(1.110223024625E-16,-1.,0.));
#9612 = ORIENTED_EDGE('',*,*,#9613,.T.);
#9613 = EDGE_CURVE('',#9606,#9614,#9616,.T.);
#9614 = VERTEX_POINT('',#9615);
#9615 = CARTESIAN_POINT('',(1.875,-0.2,0.9));
#9616 = LINE('',#9617,#9618);
#9617 = CARTESIAN_POINT('',(1.875,2.2375,0.9));
#9618 = VECTOR('',#9619,1.);
#9619 = DIRECTION('',(1.110223024625E-16,-1.,0.));
#9620 = ORIENTED_EDGE('',*,*,#9621,.T.);
#9621 = EDGE_CURVE('',#9614,#9622,#9624,.T.);
#9622 = VERTEX_POINT('',#9623);
#9623 = CARTESIAN_POINT('',(1.875,-0.8,0.9));
#9624 = LINE('',#9625,#9626);
#9625 = CARTESIAN_POINT('',(1.875,2.2375,0.9));
#9626 = VECTOR('',#9627,1.);
#9627 = DIRECTION('',(1.110223024625E-16,-1.,0.));
#9628 = ORIENTED_EDGE('',*,*,#9629,.T.);
#9629 = EDGE_CURVE('',#9622,#9630,#9632,.T.);
#9630 = VERTEX_POINT('',#9631);
#9631 = CARTESIAN_POINT('',(1.875,-1.2,0.9));
#9632 = LINE('',#9633,#9634);
#9633 = CARTESIAN_POINT('',(1.875,2.2375,0.9));
#9634 = VECTOR('',#9635,1.);
#9635 = DIRECTION('',(1.110223024625E-16,-1.,0.));
#9636 = ORIENTED_EDGE('',*,*,#9637,.T.);
#9637 = EDGE_CURVE('',#9630,#9638,#9640,.T.);
#9638 = VERTEX_POINT('',#9639);
#9639 = CARTESIAN_POINT('',(1.875,-1.8,0.9));
#9640 = LINE('',#9641,#9642);
#9641 = CARTESIAN_POINT('',(1.875,2.2375,0.9));
#9642 = VECTOR('',#9643,1.);
#9643 = DIRECTION('',(1.110223024625E-16,-1.,0.));
#9644 = ORIENTED_EDGE('',*,*,#9645,.T.);
#9645 = EDGE_CURVE('',#9638,#9646,#9648,.T.);
#9646 = VERTEX_POINT('',#9647);
#9647 = CARTESIAN_POINT('',(1.875,-2.2,0.9));
#9648 = LINE('',#9649,#9650);
#9649 = CARTESIAN_POINT('',(1.875,2.2375,0.9));
#9650 = VECTOR('',#9651,1.);
#9651 = DIRECTION('',(1.110223024625E-16,-1.,0.));
#9652 = ORIENTED_EDGE('',*,*,#9653,.T.);
#9653 = EDGE_CURVE('',#9646,#9654,#9656,.T.);
#9654 = VERTEX_POINT('',#9655);
#9655 = CARTESIAN_POINT('',(1.875,-2.2375,0.9));
#9656 = LINE('',#9657,#9658);
#9657 = CARTESIAN_POINT('',(1.875,2.2375,0.9));
#9658 = VECTOR('',#9659,1.);
#9659 = DIRECTION('',(1.110223024625E-16,-1.,0.));
#9660 = ORIENTED_EDGE('',*,*,#9661,.T.);
#9661 = EDGE_CURVE('',#9654,#9662,#9664,.T.);
#9662 = VERTEX_POINT('',#9663);
#9663 = CARTESIAN_POINT('',(1.764130891773,-2.182065445886,1.6));
#9664 = B_SPLINE_CURVE_WITH_KNOTS('',1,(#9665,#9666),.UNSPECIFIED.,.F.,
  .F.,(2,2),(0.,1.),.PIECEWISE_BEZIER_KNOTS.);
#9665 = CARTESIAN_POINT('',(1.875,-2.2375,0.9));
#9666 = CARTESIAN_POINT('',(1.764130891773,-2.182065445886,1.6));
#9667 = ORIENTED_EDGE('',*,*,#9668,.F.);
#9668 = EDGE_CURVE('',#9559,#9662,#9669,.T.);
#9669 = LINE('',#9670,#9671);
#9670 = CARTESIAN_POINT('',(1.764130891773,2.182065445886,1.6));
#9671 = VECTOR('',#9672,1.);
#9672 = DIRECTION('',(1.110223024625E-16,-1.,0.));
#9673 = ORIENTED_EDGE('',*,*,#9558,.F.);
#9674 = B_SPLINE_SURFACE_WITH_KNOTS('',1,1,(
    (#9675,#9676)
    ,(#9677,#9678
    )),.UNSPECIFIED.,.F.,.F.,.F.,(2,2),(2,2),(0.,4.475),(0.,1.),
  .PIECEWISE_BEZIER_KNOTS.);
#9675 = CARTESIAN_POINT('',(1.875,2.2375,0.9));
#9676 = CARTESIAN_POINT('',(1.764130891773,2.182065445886,1.6));
#9677 = CARTESIAN_POINT('',(1.875,-2.2375,0.9));
#9678 = CARTESIAN_POINT('',(1.764130891773,-2.182065445886,1.6));
#9679 = ADVANCED_FACE('',(#9680),#9712,.F.);
#9680 = FACE_BOUND('',#9681,.F.);
#9681 = EDGE_LOOP('',(#9682,#9690,#9698,#9704,#9710,#9711));
#9682 = ORIENTED_EDGE('',*,*,#9683,.F.);
#9683 = EDGE_CURVE('',#9684,#8544,#9686,.T.);
#9684 = VERTEX_POINT('',#9685);
#9685 = CARTESIAN_POINT('',(2.05,2.2,0.9));
#9686 = LINE('',#9687,#9688);
#9687 = CARTESIAN_POINT('',(2.05,2.2,0.9));
#9688 = VECTOR('',#9689,1.);
#9689 = DIRECTION('',(-1.,-1.110223024625E-16,0.));
#9690 = ORIENTED_EDGE('',*,*,#9691,.T.);
#9691 = EDGE_CURVE('',#9684,#9692,#9694,.T.);
#9692 = VERTEX_POINT('',#9693);
#9693 = CARTESIAN_POINT('',(2.05,1.8,0.9));
#9694 = LINE('',#9695,#9696);
#9695 = CARTESIAN_POINT('',(2.05,2.2,0.9));
#9696 = VECTOR('',#9697,1.);
#9697 = DIRECTION('',(1.110223024625E-16,-1.,0.));
#9698 = ORIENTED_EDGE('',*,*,#9699,.T.);
#9699 = EDGE_CURVE('',#9692,#9012,#9700,.T.);
#9700 = LINE('',#9701,#9702);
#9701 = CARTESIAN_POINT('',(2.05,1.8,0.9));
#9702 = VECTOR('',#9703,1.);
#9703 = DIRECTION('',(-1.,-1.110223024625E-16,0.));
#9704 = ORIENTED_EDGE('',*,*,#9705,.T.);
#9705 = EDGE_CURVE('',#9012,#9582,#9706,.T.);
#9706 = LINE('',#9707,#9708);
#9707 = CARTESIAN_POINT('',(2.05,1.8,0.9));
#9708 = VECTOR('',#9709,1.);
#9709 = DIRECTION('',(-1.,-1.110223024625E-16,0.));
#9710 = ORIENTED_EDGE('',*,*,#9581,.F.);
#9711 = ORIENTED_EDGE('',*,*,#8551,.F.);
#9712 = PLANE('',#9713);
#9713 = AXIS2_PLACEMENT_3D('',#9714,#9715,#9716);
#9714 = CARTESIAN_POINT('',(2.05,2.2,0.9));
#9715 = DIRECTION('',(0.,0.,-1.));
#9716 = DIRECTION('',(-1.,-1.110223024625E-16,-0.));
#9717 = ADVANCED_FACE('',(#9718),#9761,.F.);
#9718 = FACE_BOUND('',#9719,.F.);
#9719 = EDGE_LOOP('',(#9720,#9721,#9727,#9728,#9736,#9744,#9750,#9751,
    #9757,#9758,#9759,#9760));
#9720 = ORIENTED_EDGE('',*,*,#8653,.T.);
#9721 = ORIENTED_EDGE('',*,*,#9722,.T.);
#9722 = EDGE_CURVE('',#8646,#9412,#9723,.T.);
#9723 = LINE('',#9724,#9725);
#9724 = CARTESIAN_POINT('',(-2.05,-2.2,0.9));
#9725 = VECTOR('',#9726,1.);
#9726 = DIRECTION('',(1.,-1.144237745222E-17,0.));
#9727 = ORIENTED_EDGE('',*,*,#9409,.F.);
#9728 = ORIENTED_EDGE('',*,*,#9729,.F.);
#9729 = EDGE_CURVE('',#9730,#9410,#9732,.T.);
#9730 = VERTEX_POINT('',#9731);
#9731 = CARTESIAN_POINT('',(-1.7375,-2.375,0.9));
#9732 = LINE('',#9733,#9734);
#9733 = CARTESIAN_POINT('',(-1.7375,-2.375,0.9));
#9734 = VECTOR('',#9735,1.);
#9735 = DIRECTION('',(-0.707106781187,0.707106781187,0.));
#9736 = ORIENTED_EDGE('',*,*,#9737,.F.);
#9737 = EDGE_CURVE('',#9738,#9730,#9740,.T.);
#9738 = VERTEX_POINT('',#9739);
#9739 = CARTESIAN_POINT('',(1.7375,-2.375,0.9));
#9740 = LINE('',#9741,#9742);
#9741 = CARTESIAN_POINT('',(1.7375,-2.375,0.9));
#9742 = VECTOR('',#9743,1.);
#9743 = DIRECTION('',(-1.,-1.110223024625E-16,0.));
#9744 = ORIENTED_EDGE('',*,*,#9745,.F.);
#9745 = EDGE_CURVE('',#9654,#9738,#9746,.T.);
#9746 = LINE('',#9747,#9748);
#9747 = CARTESIAN_POINT('',(1.875,-2.2375,0.9));
#9748 = VECTOR('',#9749,1.);
#9749 = DIRECTION('',(-0.707106781187,-0.707106781187,0.));
#9750 = ORIENTED_EDGE('',*,*,#9653,.F.);
#9751 = ORIENTED_EDGE('',*,*,#9752,.F.);
#9752 = EDGE_CURVE('',#9260,#9646,#9753,.T.);
#9753 = LINE('',#9754,#9755);
#9754 = CARTESIAN_POINT('',(2.05,-2.2,0.9));
#9755 = VECTOR('',#9756,1.);
#9756 = DIRECTION('',(-1.,-1.110223024625E-16,0.));
#9757 = ORIENTED_EDGE('',*,*,#9275,.T.);
#9758 = ORIENTED_EDGE('',*,*,#9320,.T.);
#9759 = ORIENTED_EDGE('',*,*,#9337,.T.);
#9760 = ORIENTED_EDGE('',*,*,#9291,.T.);
#9761 = PLANE('',#9762);
#9762 = AXIS2_PLACEMENT_3D('',#9763,#9764,#9765);
#9763 = CARTESIAN_POINT('',(-3.027078129022E-16,2.4125,0.9));
#9764 = DIRECTION('',(5.019797556113E-32,-5.609677548238E-27,-1.));
#9765 = DIRECTION('',(1.,1.112083013911E-16,5.019797556051E-32));
#9766 = ADVANCED_FACE('',(#9767),#9853,.F.);
#9767 = FACE_BOUND('',#9768,.F.);
#9768 = EDGE_LOOP('',(#9769,#9770,#9771,#9780,#9788,#9797,#9805,#9813,
    #9821,#9830,#9838,#9847));
#9769 = ORIENTED_EDGE('',*,*,#8645,.F.);
#9770 = ORIENTED_EDGE('',*,*,#8667,.T.);
#9771 = ORIENTED_EDGE('',*,*,#9772,.T.);
#9772 = EDGE_CURVE('',#8668,#9773,#9775,.T.);
#9773 = VERTEX_POINT('',#9774);
#9774 = CARTESIAN_POINT('',(-2.148480775301,-2.2,0.717364817767));
#9775 = CIRCLE('',#9776,0.1);
#9776 = AXIS2_PLACEMENT_3D('',#9777,#9778,#9779);
#9777 = CARTESIAN_POINT('',(-2.05,-2.2,0.7));
#9778 = DIRECTION('',(-1.144237745222E-17,-1.,-2.189528850508E-47));
#9779 = DIRECTION('',(4.440892098501E-15,-5.081436361563E-32,1.));
#9780 = ORIENTED_EDGE('',*,*,#9781,.T.);
#9781 = EDGE_CURVE('',#9773,#9782,#9784,.T.);
#9782 = VERTEX_POINT('',#9783);
#9783 = CARTESIAN_POINT('',(-2.241201939752,-2.2,0.165270364467));
#9784 = LINE('',#9785,#9786);
#9785 = CARTESIAN_POINT('',(-2.148480775301,-2.2,0.717364817767));
#9786 = VECTOR('',#9787,1.);
#9787 = DIRECTION('',(-0.165624877661,1.895142365679E-18,-0.986188825682
    ));
#9788 = ORIENTED_EDGE('',*,*,#9789,.T.);
#9789 = EDGE_CURVE('',#9782,#9790,#9792,.T.);
#9790 = VERTEX_POINT('',#9791);
#9791 = CARTESIAN_POINT('',(-2.438163490354,-2.2,-1.387778780781E-16));
#9792 = CIRCLE('',#9793,0.2);
#9793 = AXIS2_PLACEMENT_3D('',#9794,#9795,#9796);
#9794 = CARTESIAN_POINT('',(-2.438163490354,-2.2,0.2));
#9795 = DIRECTION('',(1.144237745222E-17,1.,3.08148791102E-33));
#9796 = DIRECTION('',(0.984807753012,-1.126854202784E-17,-0.173648177667
    ));
#9797 = ORIENTED_EDGE('',*,*,#9798,.T.);
#9798 = EDGE_CURVE('',#9790,#9799,#9801,.T.);
#9799 = VERTEX_POINT('',#9800);
#9800 = CARTESIAN_POINT('',(-3.,-2.2,-1.387778780781E-16));
#9801 = LINE('',#9802,#9803);
#9802 = CARTESIAN_POINT('',(-2.438163490354,-2.2,-1.387778780781E-16));
#9803 = VECTOR('',#9804,1.);
#9804 = DIRECTION('',(-1.,1.144237745222E-17,0.));
#9805 = ORIENTED_EDGE('',*,*,#9806,.T.);
#9806 = EDGE_CURVE('',#9799,#9807,#9809,.T.);
#9807 = VERTEX_POINT('',#9808);
#9808 = CARTESIAN_POINT('',(-3.,-2.2,0.1));
#9809 = LINE('',#9810,#9811);
#9810 = CARTESIAN_POINT('',(-3.,-2.2,-1.387778780781E-16));
#9811 = VECTOR('',#9812,1.);
#9812 = DIRECTION('',(0.,0.,1.));
#9813 = ORIENTED_EDGE('',*,*,#9814,.T.);
#9814 = EDGE_CURVE('',#9807,#9815,#9817,.T.);
#9815 = VERTEX_POINT('',#9816);
#9816 = CARTESIAN_POINT('',(-2.438163490354,-2.2,0.1));
#9817 = LINE('',#9818,#9819);
#9818 = CARTESIAN_POINT('',(-3.,-2.2,0.1));
#9819 = VECTOR('',#9820,1.);
#9820 = DIRECTION('',(1.,-1.144237745222E-17,0.));
#9821 = ORIENTED_EDGE('',*,*,#9822,.T.);
#9822 = EDGE_CURVE('',#9815,#9823,#9825,.T.);
#9823 = VERTEX_POINT('',#9824);
#9824 = CARTESIAN_POINT('',(-2.339682715053,-2.2,0.182635182233));
#9825 = CIRCLE('',#9826,0.1);
#9826 = AXIS2_PLACEMENT_3D('',#9827,#9828,#9829);
#9827 = CARTESIAN_POINT('',(-2.438163490354,-2.2,0.2));
#9828 = DIRECTION('',(-1.144237745222E-17,-1.,4.379057701015E-47));
#9829 = DIRECTION('',(8.881784197001E-15,-1.016287272312E-31,-1.));
#9830 = ORIENTED_EDGE('',*,*,#9831,.T.);
#9831 = EDGE_CURVE('',#9823,#9832,#9834,.T.);
#9832 = VERTEX_POINT('',#9833);
#9833 = CARTESIAN_POINT('',(-2.246961550602,-2.2,0.734729635533));
#9834 = LINE('',#9835,#9836);
#9835 = CARTESIAN_POINT('',(-2.339682715053,-2.2,0.182635182233));
#9836 = VECTOR('',#9837,1.);
#9837 = DIRECTION('',(0.165624877661,-1.895142365679E-18,0.986188825682)
  );
#9838 = ORIENTED_EDGE('',*,*,#9839,.T.);
#9839 = EDGE_CURVE('',#9832,#9840,#9842,.T.);
#9840 = VERTEX_POINT('',#9841);
#9841 = CARTESIAN_POINT('',(-2.05,-2.2,0.9));
#9842 = CIRCLE('',#9843,0.2);
#9843 = AXIS2_PLACEMENT_3D('',#9844,#9845,#9846);
#9844 = CARTESIAN_POINT('',(-2.05,-2.2,0.7));
#9845 = DIRECTION('',(1.144237745222E-17,1.,7.703719777549E-34));
#9846 = DIRECTION('',(-0.984807753012,1.126854202784E-17,0.173648177667)
  );
#9847 = ORIENTED_EDGE('',*,*,#9848,.T.);
#9848 = EDGE_CURVE('',#9840,#8646,#9849,.T.);
#9849 = LINE('',#9850,#9851);
#9850 = CARTESIAN_POINT('',(-2.05,-2.2,0.9));
#9851 = VECTOR('',#9852,1.);
#9852 = DIRECTION('',(1.,-1.144237745222E-17,0.));
#9853 = PLANE('',#9854);
#9854 = AXIS2_PLACEMENT_3D('',#9855,#9856,#9857);
#9855 = CARTESIAN_POINT('',(-2.351510622064,-2.2,0.383889921916));
#9856 = DIRECTION('',(1.144237745222E-17,1.,0.));
#9857 = DIRECTION('',(0.,-0.,1.));
#9858 = ADVANCED_FACE('',(#9859),#9878,.F.);
#9859 = FACE_BOUND('',#9860,.F.);
#9860 = EDGE_LOOP('',(#9861,#9862,#9871,#9877));
#9861 = ORIENTED_EDGE('',*,*,#8684,.T.);
#9862 = ORIENTED_EDGE('',*,*,#9863,.T.);
#9863 = EDGE_CURVE('',#8677,#9864,#9866,.T.);
#9864 = VERTEX_POINT('',#9865);
#9865 = CARTESIAN_POINT('',(-2.148480775301,-1.8,0.717364817767));
#9866 = CIRCLE('',#9867,0.1);
#9867 = AXIS2_PLACEMENT_3D('',#9868,#9869,#9870);
#9868 = CARTESIAN_POINT('',(-2.05,-1.8,0.7));
#9869 = DIRECTION('',(-1.144237745222E-17,-1.,-2.189528850508E-47));
#9870 = DIRECTION('',(4.440892098501E-15,-5.081436361563E-32,1.));
#9871 = ORIENTED_EDGE('',*,*,#9872,.F.);
#9872 = EDGE_CURVE('',#9773,#9864,#9873,.T.);
#9873 = LINE('',#9874,#9875);
#9874 = CARTESIAN_POINT('',(-2.148480775301,-2.2,0.717364817767));
#9875 = VECTOR('',#9876,1.);
#9876 = DIRECTION('',(1.144237745222E-17,1.,0.));
#9877 = ORIENTED_EDGE('',*,*,#9772,.F.);
#9878 = CYLINDRICAL_SURFACE('',#9879,0.1);
#9879 = AXIS2_PLACEMENT_3D('',#9880,#9881,#9882);
#9880 = CARTESIAN_POINT('',(-2.05,-2.2,0.7));
#9881 = DIRECTION('',(-1.144237745222E-17,-1.,0.));
#9882 = DIRECTION('',(4.440892098501E-15,-5.081436361563E-32,1.));
#9883 = ADVANCED_FACE('',(#9884),#9962,.T.);
#9884 = FACE_BOUND('',#9885,.T.);
#9885 = EDGE_LOOP('',(#9886,#9887,#9888,#9889,#9897,#9906,#9914,#9922,
    #9930,#9939,#9947,#9956));
#9886 = ORIENTED_EDGE('',*,*,#8698,.F.);
#9887 = ORIENTED_EDGE('',*,*,#8676,.T.);
#9888 = ORIENTED_EDGE('',*,*,#9863,.T.);
#9889 = ORIENTED_EDGE('',*,*,#9890,.T.);
#9890 = EDGE_CURVE('',#9864,#9891,#9893,.T.);
#9891 = VERTEX_POINT('',#9892);
#9892 = CARTESIAN_POINT('',(-2.241201939752,-1.8,0.165270364467));
#9893 = LINE('',#9894,#9895);
#9894 = CARTESIAN_POINT('',(-2.148480775301,-1.8,0.717364817767));
#9895 = VECTOR('',#9896,1.);
#9896 = DIRECTION('',(-0.165624877661,1.895142365679E-18,-0.986188825682
    ));
#9897 = ORIENTED_EDGE('',*,*,#9898,.T.);
#9898 = EDGE_CURVE('',#9891,#9899,#9901,.T.);
#9899 = VERTEX_POINT('',#9900);
#9900 = CARTESIAN_POINT('',(-2.438163490354,-1.8,-1.387778780781E-16));
#9901 = CIRCLE('',#9902,0.2);
#9902 = AXIS2_PLACEMENT_3D('',#9903,#9904,#9905);
#9903 = CARTESIAN_POINT('',(-2.438163490354,-1.8,0.2));
#9904 = DIRECTION('',(1.144237745222E-17,1.,3.08148791102E-33));
#9905 = DIRECTION('',(0.984807753012,-1.126854202784E-17,-0.173648177667
    ));
#9906 = ORIENTED_EDGE('',*,*,#9907,.T.);
#9907 = EDGE_CURVE('',#9899,#9908,#9910,.T.);
#9908 = VERTEX_POINT('',#9909);
#9909 = CARTESIAN_POINT('',(-3.,-1.8,-1.387778780781E-16));
#9910 = LINE('',#9911,#9912);
#9911 = CARTESIAN_POINT('',(-2.438163490354,-1.8,-1.387778780781E-16));
#9912 = VECTOR('',#9913,1.);
#9913 = DIRECTION('',(-1.,1.144237745222E-17,0.));
#9914 = ORIENTED_EDGE('',*,*,#9915,.T.);
#9915 = EDGE_CURVE('',#9908,#9916,#9918,.T.);
#9916 = VERTEX_POINT('',#9917);
#9917 = CARTESIAN_POINT('',(-3.,-1.8,0.1));
#9918 = LINE('',#9919,#9920);
#9919 = CARTESIAN_POINT('',(-3.,-1.8,-1.387778780781E-16));
#9920 = VECTOR('',#9921,1.);
#9921 = DIRECTION('',(0.,0.,1.));
#9922 = ORIENTED_EDGE('',*,*,#9923,.T.);
#9923 = EDGE_CURVE('',#9916,#9924,#9926,.T.);
#9924 = VERTEX_POINT('',#9925);
#9925 = CARTESIAN_POINT('',(-2.438163490354,-1.8,0.1));
#9926 = LINE('',#9927,#9928);
#9927 = CARTESIAN_POINT('',(-3.,-1.8,0.1));
#9928 = VECTOR('',#9929,1.);
#9929 = DIRECTION('',(1.,-1.144237745222E-17,0.));
#9930 = ORIENTED_EDGE('',*,*,#9931,.T.);
#9931 = EDGE_CURVE('',#9924,#9932,#9934,.T.);
#9932 = VERTEX_POINT('',#9933);
#9933 = CARTESIAN_POINT('',(-2.339682715053,-1.8,0.182635182233));
#9934 = CIRCLE('',#9935,0.1);
#9935 = AXIS2_PLACEMENT_3D('',#9936,#9937,#9938);
#9936 = CARTESIAN_POINT('',(-2.438163490354,-1.8,0.2));
#9937 = DIRECTION('',(-1.144237745222E-17,-1.,4.379057701015E-47));
#9938 = DIRECTION('',(8.881784197001E-15,-1.016287272312E-31,-1.));
#9939 = ORIENTED_EDGE('',*,*,#9940,.T.);
#9940 = EDGE_CURVE('',#9932,#9941,#9943,.T.);
#9941 = VERTEX_POINT('',#9942);
#9942 = CARTESIAN_POINT('',(-2.246961550602,-1.8,0.734729635533));
#9943 = LINE('',#9944,#9945);
#9944 = CARTESIAN_POINT('',(-2.339682715053,-1.8,0.182635182233));
#9945 = VECTOR('',#9946,1.);
#9946 = DIRECTION('',(0.165624877661,-1.895142365679E-18,0.986188825682)
  );
#9947 = ORIENTED_EDGE('',*,*,#9948,.T.);
#9948 = EDGE_CURVE('',#9941,#9949,#9951,.T.);
#9949 = VERTEX_POINT('',#9950);
#9950 = CARTESIAN_POINT('',(-2.05,-1.8,0.9));
#9951 = CIRCLE('',#9952,0.2);
#9952 = AXIS2_PLACEMENT_3D('',#9953,#9954,#9955);
#9953 = CARTESIAN_POINT('',(-2.05,-1.8,0.7));
#9954 = DIRECTION('',(1.144237745222E-17,1.,7.703719777549E-34));
#9955 = DIRECTION('',(-0.984807753012,1.126854202784E-17,0.173648177667)
  );
#9956 = ORIENTED_EDGE('',*,*,#9957,.T.);
#9957 = EDGE_CURVE('',#9949,#8699,#9958,.T.);
#9958 = LINE('',#9959,#9960);
#9959 = CARTESIAN_POINT('',(-2.05,-1.8,0.9));
#9960 = VECTOR('',#9961,1.);
#9961 = DIRECTION('',(1.,-1.144237745222E-17,0.));
#9962 = PLANE('',#9963);
#9963 = AXIS2_PLACEMENT_3D('',#9964,#9965,#9966);
#9964 = CARTESIAN_POINT('',(-2.351510622064,-1.8,0.383889921916));
#9965 = DIRECTION('',(1.144237745222E-17,1.,0.));
#9966 = DIRECTION('',(0.,-0.,1.));
#9967 = ADVANCED_FACE('',(#9968),#9984,.F.);
#9968 = FACE_BOUND('',#9969,.F.);
#9969 = EDGE_LOOP('',(#9970,#9971,#9977,#9978));
#9970 = ORIENTED_EDGE('',*,*,#8715,.T.);
#9971 = ORIENTED_EDGE('',*,*,#9972,.T.);
#9972 = EDGE_CURVE('',#8708,#9428,#9973,.T.);
#9973 = LINE('',#9974,#9975);
#9974 = CARTESIAN_POINT('',(-2.05,-1.2,0.9));
#9975 = VECTOR('',#9976,1.);
#9976 = DIRECTION('',(1.,-1.144237745222E-17,0.));
#9977 = ORIENTED_EDGE('',*,*,#9427,.F.);
#9978 = ORIENTED_EDGE('',*,*,#9979,.F.);
#9979 = EDGE_CURVE('',#8699,#9420,#9980,.T.);
#9980 = LINE('',#9981,#9982);
#9981 = CARTESIAN_POINT('',(-2.05,-1.8,0.9));
#9982 = VECTOR('',#9983,1.);
#9983 = DIRECTION('',(1.,-1.144237745222E-17,0.));
#9984 = PLANE('',#9985);
#9985 = AXIS2_PLACEMENT_3D('',#9986,#9987,#9988);
#9986 = CARTESIAN_POINT('',(-3.027078129022E-16,2.4125,0.9));
#9987 = DIRECTION('',(5.019797556113E-32,-5.609677548238E-27,-1.));
#9988 = DIRECTION('',(1.,1.112083013911E-16,5.019797556051E-32));
#9989 = ADVANCED_FACE('',(#9990),#10076,.F.);
#9990 = FACE_BOUND('',#9991,.F.);
#9991 = EDGE_LOOP('',(#9992,#9993,#9994,#10003,#10011,#10020,#10028,
    #10036,#10044,#10053,#10061,#10070));
#9992 = ORIENTED_EDGE('',*,*,#8707,.F.);
#9993 = ORIENTED_EDGE('',*,*,#8729,.T.);
#9994 = ORIENTED_EDGE('',*,*,#9995,.T.);
#9995 = EDGE_CURVE('',#8730,#9996,#9998,.T.);
#9996 = VERTEX_POINT('',#9997);
#9997 = CARTESIAN_POINT('',(-2.148480775301,-1.2,0.717364817767));
#9998 = CIRCLE('',#9999,0.1);
#9999 = AXIS2_PLACEMENT_3D('',#10000,#10001,#10002);
#10000 = CARTESIAN_POINT('',(-2.05,-1.2,0.7));
#10001 = DIRECTION('',(-1.144237745222E-17,-1.,-2.189528850508E-47));
#10002 = DIRECTION('',(4.440892098501E-15,-5.081436361563E-32,1.));
#10003 = ORIENTED_EDGE('',*,*,#10004,.T.);
#10004 = EDGE_CURVE('',#9996,#10005,#10007,.T.);
#10005 = VERTEX_POINT('',#10006);
#10006 = CARTESIAN_POINT('',(-2.241201939752,-1.2,0.165270364467));
#10007 = LINE('',#10008,#10009);
#10008 = CARTESIAN_POINT('',(-2.148480775301,-1.2,0.717364817767));
#10009 = VECTOR('',#10010,1.);
#10010 = DIRECTION('',(-0.165624877661,1.895142365679E-18,
    -0.986188825682));
#10011 = ORIENTED_EDGE('',*,*,#10012,.T.);
#10012 = EDGE_CURVE('',#10005,#10013,#10015,.T.);
#10013 = VERTEX_POINT('',#10014);
#10014 = CARTESIAN_POINT('',(-2.438163490354,-1.2,-1.387778780781E-16));
#10015 = CIRCLE('',#10016,0.2);
#10016 = AXIS2_PLACEMENT_3D('',#10017,#10018,#10019);
#10017 = CARTESIAN_POINT('',(-2.438163490354,-1.2,0.2));
#10018 = DIRECTION('',(1.144237745222E-17,1.,3.08148791102E-33));
#10019 = DIRECTION('',(0.984807753012,-1.126854202784E-17,
    -0.173648177667));
#10020 = ORIENTED_EDGE('',*,*,#10021,.T.);
#10021 = EDGE_CURVE('',#10013,#10022,#10024,.T.);
#10022 = VERTEX_POINT('',#10023);
#10023 = CARTESIAN_POINT('',(-3.,-1.2,-1.387778780781E-16));
#10024 = LINE('',#10025,#10026);
#10025 = CARTESIAN_POINT('',(-2.438163490354,-1.2,-1.387778780781E-16));
#10026 = VECTOR('',#10027,1.);
#10027 = DIRECTION('',(-1.,1.144237745222E-17,0.));
#10028 = ORIENTED_EDGE('',*,*,#10029,.T.);
#10029 = EDGE_CURVE('',#10022,#10030,#10032,.T.);
#10030 = VERTEX_POINT('',#10031);
#10031 = CARTESIAN_POINT('',(-3.,-1.2,0.1));
#10032 = LINE('',#10033,#10034);
#10033 = CARTESIAN_POINT('',(-3.,-1.2,-1.387778780781E-16));
#10034 = VECTOR('',#10035,1.);
#10035 = DIRECTION('',(0.,0.,1.));
#10036 = ORIENTED_EDGE('',*,*,#10037,.T.);
#10037 = EDGE_CURVE('',#10030,#10038,#10040,.T.);
#10038 = VERTEX_POINT('',#10039);
#10039 = CARTESIAN_POINT('',(-2.438163490354,-1.2,0.1));
#10040 = LINE('',#10041,#10042);
#10041 = CARTESIAN_POINT('',(-3.,-1.2,0.1));
#10042 = VECTOR('',#10043,1.);
#10043 = DIRECTION('',(1.,-1.144237745222E-17,0.));
#10044 = ORIENTED_EDGE('',*,*,#10045,.T.);
#10045 = EDGE_CURVE('',#10038,#10046,#10048,.T.);
#10046 = VERTEX_POINT('',#10047);
#10047 = CARTESIAN_POINT('',(-2.339682715053,-1.2,0.182635182233));
#10048 = CIRCLE('',#10049,0.1);
#10049 = AXIS2_PLACEMENT_3D('',#10050,#10051,#10052);
#10050 = CARTESIAN_POINT('',(-2.438163490354,-1.2,0.2));
#10051 = DIRECTION('',(-1.144237745222E-17,-1.,4.379057701015E-47));
#10052 = DIRECTION('',(8.881784197001E-15,-1.016287272312E-31,-1.));
#10053 = ORIENTED_EDGE('',*,*,#10054,.T.);
#10054 = EDGE_CURVE('',#10046,#10055,#10057,.T.);
#10055 = VERTEX_POINT('',#10056);
#10056 = CARTESIAN_POINT('',(-2.246961550602,-1.2,0.734729635533));
#10057 = LINE('',#10058,#10059);
#10058 = CARTESIAN_POINT('',(-2.339682715053,-1.2,0.182635182233));
#10059 = VECTOR('',#10060,1.);
#10060 = DIRECTION('',(0.165624877661,-1.895142365679E-18,0.986188825682
    ));
#10061 = ORIENTED_EDGE('',*,*,#10062,.T.);
#10062 = EDGE_CURVE('',#10055,#10063,#10065,.T.);
#10063 = VERTEX_POINT('',#10064);
#10064 = CARTESIAN_POINT('',(-2.05,-1.2,0.9));
#10065 = CIRCLE('',#10066,0.2);
#10066 = AXIS2_PLACEMENT_3D('',#10067,#10068,#10069);
#10067 = CARTESIAN_POINT('',(-2.05,-1.2,0.7));
#10068 = DIRECTION('',(1.144237745222E-17,1.,7.703719777549E-34));
#10069 = DIRECTION('',(-0.984807753012,1.126854202784E-17,0.173648177667
    ));
#10070 = ORIENTED_EDGE('',*,*,#10071,.T.);
#10071 = EDGE_CURVE('',#10063,#8708,#10072,.T.);
#10072 = LINE('',#10073,#10074);
#10073 = CARTESIAN_POINT('',(-2.05,-1.2,0.9));
#10074 = VECTOR('',#10075,1.);
#10075 = DIRECTION('',(1.,-1.144237745222E-17,0.));
#10076 = PLANE('',#10077);
#10077 = AXIS2_PLACEMENT_3D('',#10078,#10079,#10080);
#10078 = CARTESIAN_POINT('',(-2.351510622064,-1.2,0.383889921916));
#10079 = DIRECTION('',(1.144237745222E-17,1.,0.));
#10080 = DIRECTION('',(0.,-0.,1.));
#10081 = ADVANCED_FACE('',(#10082),#10101,.F.);
#10082 = FACE_BOUND('',#10083,.F.);
#10083 = EDGE_LOOP('',(#10084,#10085,#10094,#10100));
#10084 = ORIENTED_EDGE('',*,*,#8746,.T.);
#10085 = ORIENTED_EDGE('',*,*,#10086,.T.);
#10086 = EDGE_CURVE('',#8739,#10087,#10089,.T.);
#10087 = VERTEX_POINT('',#10088);
#10088 = CARTESIAN_POINT('',(-2.148480775301,-0.8,0.717364817767));
#10089 = CIRCLE('',#10090,0.1);
#10090 = AXIS2_PLACEMENT_3D('',#10091,#10092,#10093);
#10091 = CARTESIAN_POINT('',(-2.05,-0.8,0.7));
#10092 = DIRECTION('',(-1.144237745222E-17,-1.,-2.189528850508E-47));
#10093 = DIRECTION('',(4.440892098501E-15,-5.081436361563E-32,1.));
#10094 = ORIENTED_EDGE('',*,*,#10095,.F.);
#10095 = EDGE_CURVE('',#9996,#10087,#10096,.T.);
#10096 = LINE('',#10097,#10098);
#10097 = CARTESIAN_POINT('',(-2.148480775301,-1.2,0.717364817767));
#10098 = VECTOR('',#10099,1.);
#10099 = DIRECTION('',(1.144237745222E-17,1.,0.));
#10100 = ORIENTED_EDGE('',*,*,#9995,.F.);
#10101 = CYLINDRICAL_SURFACE('',#10102,0.1);
#10102 = AXIS2_PLACEMENT_3D('',#10103,#10104,#10105);
#10103 = CARTESIAN_POINT('',(-2.05,-1.2,0.7));
#10104 = DIRECTION('',(-1.144237745222E-17,-1.,0.));
#10105 = DIRECTION('',(4.440892098501E-15,-5.081436361563E-32,1.));
#10106 = ADVANCED_FACE('',(#10107),#10185,.T.);
#10107 = FACE_BOUND('',#10108,.T.);
#10108 = EDGE_LOOP('',(#10109,#10110,#10111,#10112,#10120,#10129,#10137,
    #10145,#10153,#10162,#10170,#10179));
#10109 = ORIENTED_EDGE('',*,*,#8760,.F.);
#10110 = ORIENTED_EDGE('',*,*,#8738,.T.);
#10111 = ORIENTED_EDGE('',*,*,#10086,.T.);
#10112 = ORIENTED_EDGE('',*,*,#10113,.T.);
#10113 = EDGE_CURVE('',#10087,#10114,#10116,.T.);
#10114 = VERTEX_POINT('',#10115);
#10115 = CARTESIAN_POINT('',(-2.241201939752,-0.8,0.165270364467));
#10116 = LINE('',#10117,#10118);
#10117 = CARTESIAN_POINT('',(-2.148480775301,-0.8,0.717364817767));
#10118 = VECTOR('',#10119,1.);
#10119 = DIRECTION('',(-0.165624877661,1.895142365679E-18,
    -0.986188825682));
#10120 = ORIENTED_EDGE('',*,*,#10121,.T.);
#10121 = EDGE_CURVE('',#10114,#10122,#10124,.T.);
#10122 = VERTEX_POINT('',#10123);
#10123 = CARTESIAN_POINT('',(-2.438163490354,-0.8,-1.387778780781E-16));
#10124 = CIRCLE('',#10125,0.2);
#10125 = AXIS2_PLACEMENT_3D('',#10126,#10127,#10128);
#10126 = CARTESIAN_POINT('',(-2.438163490354,-0.8,0.2));
#10127 = DIRECTION('',(1.144237745222E-17,1.,3.08148791102E-33));
#10128 = DIRECTION('',(0.984807753012,-1.126854202784E-17,
    -0.173648177667));
#10129 = ORIENTED_EDGE('',*,*,#10130,.T.);
#10130 = EDGE_CURVE('',#10122,#10131,#10133,.T.);
#10131 = VERTEX_POINT('',#10132);
#10132 = CARTESIAN_POINT('',(-3.,-0.8,-1.387778780781E-16));
#10133 = LINE('',#10134,#10135);
#10134 = CARTESIAN_POINT('',(-2.438163490354,-0.8,-1.387778780781E-16));
#10135 = VECTOR('',#10136,1.);
#10136 = DIRECTION('',(-1.,1.144237745222E-17,0.));
#10137 = ORIENTED_EDGE('',*,*,#10138,.T.);
#10138 = EDGE_CURVE('',#10131,#10139,#10141,.T.);
#10139 = VERTEX_POINT('',#10140);
#10140 = CARTESIAN_POINT('',(-3.,-0.8,0.1));
#10141 = LINE('',#10142,#10143);
#10142 = CARTESIAN_POINT('',(-3.,-0.8,-1.387778780781E-16));
#10143 = VECTOR('',#10144,1.);
#10144 = DIRECTION('',(0.,0.,1.));
#10145 = ORIENTED_EDGE('',*,*,#10146,.T.);
#10146 = EDGE_CURVE('',#10139,#10147,#10149,.T.);
#10147 = VERTEX_POINT('',#10148);
#10148 = CARTESIAN_POINT('',(-2.438163490354,-0.8,0.1));
#10149 = LINE('',#10150,#10151);
#10150 = CARTESIAN_POINT('',(-3.,-0.8,0.1));
#10151 = VECTOR('',#10152,1.);
#10152 = DIRECTION('',(1.,-1.144237745222E-17,0.));
#10153 = ORIENTED_EDGE('',*,*,#10154,.T.);
#10154 = EDGE_CURVE('',#10147,#10155,#10157,.T.);
#10155 = VERTEX_POINT('',#10156);
#10156 = CARTESIAN_POINT('',(-2.339682715053,-0.8,0.182635182233));
#10157 = CIRCLE('',#10158,0.1);
#10158 = AXIS2_PLACEMENT_3D('',#10159,#10160,#10161);
#10159 = CARTESIAN_POINT('',(-2.438163490354,-0.8,0.2));
#10160 = DIRECTION('',(-1.144237745222E-17,-1.,4.379057701015E-47));
#10161 = DIRECTION('',(8.881784197001E-15,-1.016287272312E-31,-1.));
#10162 = ORIENTED_EDGE('',*,*,#10163,.T.);
#10163 = EDGE_CURVE('',#10155,#10164,#10166,.T.);
#10164 = VERTEX_POINT('',#10165);
#10165 = CARTESIAN_POINT('',(-2.246961550602,-0.8,0.734729635533));
#10166 = LINE('',#10167,#10168);
#10167 = CARTESIAN_POINT('',(-2.339682715053,-0.8,0.182635182233));
#10168 = VECTOR('',#10169,1.);
#10169 = DIRECTION('',(0.165624877661,-1.895142365679E-18,0.986188825682
    ));
#10170 = ORIENTED_EDGE('',*,*,#10171,.T.);
#10171 = EDGE_CURVE('',#10164,#10172,#10174,.T.);
#10172 = VERTEX_POINT('',#10173);
#10173 = CARTESIAN_POINT('',(-2.05,-0.8,0.9));
#10174 = CIRCLE('',#10175,0.2);
#10175 = AXIS2_PLACEMENT_3D('',#10176,#10177,#10178);
#10176 = CARTESIAN_POINT('',(-2.05,-0.8,0.7));
#10177 = DIRECTION('',(1.144237745222E-17,1.,7.703719777549E-34));
#10178 = DIRECTION('',(-0.984807753012,1.126854202784E-17,0.173648177667
    ));
#10179 = ORIENTED_EDGE('',*,*,#10180,.T.);
#10180 = EDGE_CURVE('',#10172,#8761,#10181,.T.);
#10181 = LINE('',#10182,#10183);
#10182 = CARTESIAN_POINT('',(-2.05,-0.8,0.9));
#10183 = VECTOR('',#10184,1.);
#10184 = DIRECTION('',(1.,-1.144237745222E-17,0.));
#10185 = PLANE('',#10186);
#10186 = AXIS2_PLACEMENT_3D('',#10187,#10188,#10189);
#10187 = CARTESIAN_POINT('',(-2.351510622064,-0.8,0.383889921916));
#10188 = DIRECTION('',(1.144237745222E-17,1.,0.));
#10189 = DIRECTION('',(0.,-0.,1.));
#10190 = ADVANCED_FACE('',(#10191),#10207,.F.);
#10191 = FACE_BOUND('',#10192,.F.);
#10192 = EDGE_LOOP('',(#10193,#10194,#10200,#10201));
#10193 = ORIENTED_EDGE('',*,*,#8777,.T.);
#10194 = ORIENTED_EDGE('',*,*,#10195,.T.);
#10195 = EDGE_CURVE('',#8770,#9444,#10196,.T.);
#10196 = LINE('',#10197,#10198);
#10197 = CARTESIAN_POINT('',(-2.05,-0.2,0.9));
#10198 = VECTOR('',#10199,1.);
#10199 = DIRECTION('',(1.,-1.144237745222E-17,0.));
#10200 = ORIENTED_EDGE('',*,*,#9443,.F.);
#10201 = ORIENTED_EDGE('',*,*,#10202,.F.);
#10202 = EDGE_CURVE('',#8761,#9436,#10203,.T.);
#10203 = LINE('',#10204,#10205);
#10204 = CARTESIAN_POINT('',(-2.05,-0.8,0.9));
#10205 = VECTOR('',#10206,1.);
#10206 = DIRECTION('',(1.,-1.144237745222E-17,0.));
#10207 = PLANE('',#10208);
#10208 = AXIS2_PLACEMENT_3D('',#10209,#10210,#10211);
#10209 = CARTESIAN_POINT('',(-3.027078129022E-16,2.4125,0.9));
#10210 = DIRECTION('',(5.019797556113E-32,-5.609677548238E-27,-1.));
#10211 = DIRECTION('',(1.,1.112083013911E-16,5.019797556051E-32));
#10212 = ADVANCED_FACE('',(#10213),#10299,.F.);
#10213 = FACE_BOUND('',#10214,.F.);
#10214 = EDGE_LOOP('',(#10215,#10216,#10217,#10226,#10234,#10243,#10251,
    #10259,#10267,#10276,#10284,#10293));
#10215 = ORIENTED_EDGE('',*,*,#8769,.F.);
#10216 = ORIENTED_EDGE('',*,*,#8791,.T.);
#10217 = ORIENTED_EDGE('',*,*,#10218,.T.);
#10218 = EDGE_CURVE('',#8792,#10219,#10221,.T.);
#10219 = VERTEX_POINT('',#10220);
#10220 = CARTESIAN_POINT('',(-2.148480775301,-0.2,0.717364817767));
#10221 = CIRCLE('',#10222,0.1);
#10222 = AXIS2_PLACEMENT_3D('',#10223,#10224,#10225);
#10223 = CARTESIAN_POINT('',(-2.05,-0.2,0.7));
#10224 = DIRECTION('',(-1.144237745222E-17,-1.,-2.189528850508E-47));
#10225 = DIRECTION('',(4.440892098501E-15,-5.081436361563E-32,1.));
#10226 = ORIENTED_EDGE('',*,*,#10227,.T.);
#10227 = EDGE_CURVE('',#10219,#10228,#10230,.T.);
#10228 = VERTEX_POINT('',#10229);
#10229 = CARTESIAN_POINT('',(-2.241201939752,-0.2,0.165270364467));
#10230 = LINE('',#10231,#10232);
#10231 = CARTESIAN_POINT('',(-2.148480775301,-0.2,0.717364817767));
#10232 = VECTOR('',#10233,1.);
#10233 = DIRECTION('',(-0.165624877661,1.895142365679E-18,
    -0.986188825682));
#10234 = ORIENTED_EDGE('',*,*,#10235,.T.);
#10235 = EDGE_CURVE('',#10228,#10236,#10238,.T.);
#10236 = VERTEX_POINT('',#10237);
#10237 = CARTESIAN_POINT('',(-2.438163490354,-0.2,-1.387778780781E-16));
#10238 = CIRCLE('',#10239,0.2);
#10239 = AXIS2_PLACEMENT_3D('',#10240,#10241,#10242);
#10240 = CARTESIAN_POINT('',(-2.438163490354,-0.2,0.2));
#10241 = DIRECTION('',(1.144237745222E-17,1.,3.08148791102E-33));
#10242 = DIRECTION('',(0.984807753012,-1.126854202784E-17,
    -0.173648177667));
#10243 = ORIENTED_EDGE('',*,*,#10244,.T.);
#10244 = EDGE_CURVE('',#10236,#10245,#10247,.T.);
#10245 = VERTEX_POINT('',#10246);
#10246 = CARTESIAN_POINT('',(-3.,-0.2,-1.387778780781E-16));
#10247 = LINE('',#10248,#10249);
#10248 = CARTESIAN_POINT('',(-2.438163490354,-0.2,-1.387778780781E-16));
#10249 = VECTOR('',#10250,1.);
#10250 = DIRECTION('',(-1.,1.144237745222E-17,0.));
#10251 = ORIENTED_EDGE('',*,*,#10252,.T.);
#10252 = EDGE_CURVE('',#10245,#10253,#10255,.T.);
#10253 = VERTEX_POINT('',#10254);
#10254 = CARTESIAN_POINT('',(-3.,-0.2,0.1));
#10255 = LINE('',#10256,#10257);
#10256 = CARTESIAN_POINT('',(-3.,-0.2,-1.387778780781E-16));
#10257 = VECTOR('',#10258,1.);
#10258 = DIRECTION('',(0.,0.,1.));
#10259 = ORIENTED_EDGE('',*,*,#10260,.T.);
#10260 = EDGE_CURVE('',#10253,#10261,#10263,.T.);
#10261 = VERTEX_POINT('',#10262);
#10262 = CARTESIAN_POINT('',(-2.438163490354,-0.2,0.1));
#10263 = LINE('',#10264,#10265);
#10264 = CARTESIAN_POINT('',(-3.,-0.2,0.1));
#10265 = VECTOR('',#10266,1.);
#10266 = DIRECTION('',(1.,-1.144237745222E-17,0.));
#10267 = ORIENTED_EDGE('',*,*,#10268,.T.);
#10268 = EDGE_CURVE('',#10261,#10269,#10271,.T.);
#10269 = VERTEX_POINT('',#10270);
#10270 = CARTESIAN_POINT('',(-2.339682715053,-0.2,0.182635182233));
#10271 = CIRCLE('',#10272,0.1);
#10272 = AXIS2_PLACEMENT_3D('',#10273,#10274,#10275);
#10273 = CARTESIAN_POINT('',(-2.438163490354,-0.2,0.2));
#10274 = DIRECTION('',(-1.144237745222E-17,-1.,4.379057701015E-47));
#10275 = DIRECTION('',(8.881784197001E-15,-1.016287272312E-31,-1.));
#10276 = ORIENTED_EDGE('',*,*,#10277,.T.);
#10277 = EDGE_CURVE('',#10269,#10278,#10280,.T.);
#10278 = VERTEX_POINT('',#10279);
#10279 = CARTESIAN_POINT('',(-2.246961550602,-0.2,0.734729635533));
#10280 = LINE('',#10281,#10282);
#10281 = CARTESIAN_POINT('',(-2.339682715053,-0.2,0.182635182233));
#10282 = VECTOR('',#10283,1.);
#10283 = DIRECTION('',(0.165624877661,-1.895142365679E-18,0.986188825682
    ));
#10284 = ORIENTED_EDGE('',*,*,#10285,.T.);
#10285 = EDGE_CURVE('',#10278,#10286,#10288,.T.);
#10286 = VERTEX_POINT('',#10287);
#10287 = CARTESIAN_POINT('',(-2.05,-0.2,0.9));
#10288 = CIRCLE('',#10289,0.2);
#10289 = AXIS2_PLACEMENT_3D('',#10290,#10291,#10292);
#10290 = CARTESIAN_POINT('',(-2.05,-0.2,0.7));
#10291 = DIRECTION('',(1.144237745222E-17,1.,7.703719777549E-34));
#10292 = DIRECTION('',(-0.984807753012,1.126854202784E-17,0.173648177667
    ));
#10293 = ORIENTED_EDGE('',*,*,#10294,.T.);
#10294 = EDGE_CURVE('',#10286,#8770,#10295,.T.);
#10295 = LINE('',#10296,#10297);
#10296 = CARTESIAN_POINT('',(-2.05,-0.2,0.9));
#10297 = VECTOR('',#10298,1.);
#10298 = DIRECTION('',(1.,-1.144237745222E-17,0.));
#10299 = PLANE('',#10300);
#10300 = AXIS2_PLACEMENT_3D('',#10301,#10302,#10303);
#10301 = CARTESIAN_POINT('',(-2.351510622064,-0.2,0.383889921916));
#10302 = DIRECTION('',(1.144237745222E-17,1.,0.));
#10303 = DIRECTION('',(0.,-0.,1.));
#10304 = ADVANCED_FACE('',(#10305),#10324,.F.);
#10305 = FACE_BOUND('',#10306,.F.);
#10306 = EDGE_LOOP('',(#10307,#10308,#10317,#10323));
#10307 = ORIENTED_EDGE('',*,*,#8808,.T.);
#10308 = ORIENTED_EDGE('',*,*,#10309,.T.);
#10309 = EDGE_CURVE('',#8801,#10310,#10312,.T.);
#10310 = VERTEX_POINT('',#10311);
#10311 = CARTESIAN_POINT('',(-2.148480775301,0.2,0.717364817767));
#10312 = CIRCLE('',#10313,0.1);
#10313 = AXIS2_PLACEMENT_3D('',#10314,#10315,#10316);
#10314 = CARTESIAN_POINT('',(-2.05,0.2,0.7));
#10315 = DIRECTION('',(-1.144237745222E-17,-1.,-2.189528850508E-47));
#10316 = DIRECTION('',(4.440892098501E-15,-5.081436361563E-32,1.));
#10317 = ORIENTED_EDGE('',*,*,#10318,.F.);
#10318 = EDGE_CURVE('',#10219,#10310,#10319,.T.);
#10319 = LINE('',#10320,#10321);
#10320 = CARTESIAN_POINT('',(-2.148480775301,-0.2,0.717364817767));
#10321 = VECTOR('',#10322,1.);
#10322 = DIRECTION('',(1.144237745222E-17,1.,0.));
#10323 = ORIENTED_EDGE('',*,*,#10218,.F.);
#10324 = CYLINDRICAL_SURFACE('',#10325,0.1);
#10325 = AXIS2_PLACEMENT_3D('',#10326,#10327,#10328);
#10326 = CARTESIAN_POINT('',(-2.05,-0.2,0.7));
#10327 = DIRECTION('',(-1.144237745222E-17,-1.,0.));
#10328 = DIRECTION('',(4.440892098501E-15,-5.081436361563E-32,1.));
#10329 = ADVANCED_FACE('',(#10330),#10408,.T.);
#10330 = FACE_BOUND('',#10331,.T.);
#10331 = EDGE_LOOP('',(#10332,#10333,#10334,#10335,#10343,#10352,#10360,
    #10368,#10376,#10385,#10393,#10402));
#10332 = ORIENTED_EDGE('',*,*,#8822,.F.);
#10333 = ORIENTED_EDGE('',*,*,#8800,.T.);
#10334 = ORIENTED_EDGE('',*,*,#10309,.T.);
#10335 = ORIENTED_EDGE('',*,*,#10336,.T.);
#10336 = EDGE_CURVE('',#10310,#10337,#10339,.T.);
#10337 = VERTEX_POINT('',#10338);
#10338 = CARTESIAN_POINT('',(-2.241201939752,0.2,0.165270364467));
#10339 = LINE('',#10340,#10341);
#10340 = CARTESIAN_POINT('',(-2.148480775301,0.2,0.717364817767));
#10341 = VECTOR('',#10342,1.);
#10342 = DIRECTION('',(-0.165624877661,1.895142365679E-18,
    -0.986188825682));
#10343 = ORIENTED_EDGE('',*,*,#10344,.T.);
#10344 = EDGE_CURVE('',#10337,#10345,#10347,.T.);
#10345 = VERTEX_POINT('',#10346);
#10346 = CARTESIAN_POINT('',(-2.438163490354,0.2,-1.387778780781E-16));
#10347 = CIRCLE('',#10348,0.2);
#10348 = AXIS2_PLACEMENT_3D('',#10349,#10350,#10351);
#10349 = CARTESIAN_POINT('',(-2.438163490354,0.2,0.2));
#10350 = DIRECTION('',(1.144237745222E-17,1.,3.08148791102E-33));
#10351 = DIRECTION('',(0.984807753012,-1.126854202784E-17,
    -0.173648177667));
#10352 = ORIENTED_EDGE('',*,*,#10353,.T.);
#10353 = EDGE_CURVE('',#10345,#10354,#10356,.T.);
#10354 = VERTEX_POINT('',#10355);
#10355 = CARTESIAN_POINT('',(-3.,0.2,-1.387778780781E-16));
#10356 = LINE('',#10357,#10358);
#10357 = CARTESIAN_POINT('',(-2.438163490354,0.2,-1.387778780781E-16));
#10358 = VECTOR('',#10359,1.);
#10359 = DIRECTION('',(-1.,1.144237745222E-17,0.));
#10360 = ORIENTED_EDGE('',*,*,#10361,.T.);
#10361 = EDGE_CURVE('',#10354,#10362,#10364,.T.);
#10362 = VERTEX_POINT('',#10363);
#10363 = CARTESIAN_POINT('',(-3.,0.2,0.1));
#10364 = LINE('',#10365,#10366);
#10365 = CARTESIAN_POINT('',(-3.,0.2,-1.387778780781E-16));
#10366 = VECTOR('',#10367,1.);
#10367 = DIRECTION('',(0.,0.,1.));
#10368 = ORIENTED_EDGE('',*,*,#10369,.T.);
#10369 = EDGE_CURVE('',#10362,#10370,#10372,.T.);
#10370 = VERTEX_POINT('',#10371);
#10371 = CARTESIAN_POINT('',(-2.438163490354,0.2,0.1));
#10372 = LINE('',#10373,#10374);
#10373 = CARTESIAN_POINT('',(-3.,0.2,0.1));
#10374 = VECTOR('',#10375,1.);
#10375 = DIRECTION('',(1.,-1.144237745222E-17,0.));
#10376 = ORIENTED_EDGE('',*,*,#10377,.T.);
#10377 = EDGE_CURVE('',#10370,#10378,#10380,.T.);
#10378 = VERTEX_POINT('',#10379);
#10379 = CARTESIAN_POINT('',(-2.339682715053,0.2,0.182635182233));
#10380 = CIRCLE('',#10381,0.1);
#10381 = AXIS2_PLACEMENT_3D('',#10382,#10383,#10384);
#10382 = CARTESIAN_POINT('',(-2.438163490354,0.2,0.2));
#10383 = DIRECTION('',(-1.144237745222E-17,-1.,4.379057701015E-47));
#10384 = DIRECTION('',(8.881784197001E-15,-1.016287272312E-31,-1.));
#10385 = ORIENTED_EDGE('',*,*,#10386,.T.);
#10386 = EDGE_CURVE('',#10378,#10387,#10389,.T.);
#10387 = VERTEX_POINT('',#10388);
#10388 = CARTESIAN_POINT('',(-2.246961550602,0.2,0.734729635533));
#10389 = LINE('',#10390,#10391);
#10390 = CARTESIAN_POINT('',(-2.339682715053,0.2,0.182635182233));
#10391 = VECTOR('',#10392,1.);
#10392 = DIRECTION('',(0.165624877661,-1.895142365679E-18,0.986188825682
    ));
#10393 = ORIENTED_EDGE('',*,*,#10394,.T.);
#10394 = EDGE_CURVE('',#10387,#10395,#10397,.T.);
#10395 = VERTEX_POINT('',#10396);
#10396 = CARTESIAN_POINT('',(-2.05,0.2,0.9));
#10397 = CIRCLE('',#10398,0.2);
#10398 = AXIS2_PLACEMENT_3D('',#10399,#10400,#10401);
#10399 = CARTESIAN_POINT('',(-2.05,0.2,0.7));
#10400 = DIRECTION('',(1.144237745222E-17,1.,7.703719777549E-34));
#10401 = DIRECTION('',(-0.984807753012,1.126854202784E-17,0.173648177667
    ));
#10402 = ORIENTED_EDGE('',*,*,#10403,.T.);
#10403 = EDGE_CURVE('',#10395,#8823,#10404,.T.);
#10404 = LINE('',#10405,#10406);
#10405 = CARTESIAN_POINT('',(-2.05,0.2,0.9));
#10406 = VECTOR('',#10407,1.);
#10407 = DIRECTION('',(1.,-1.144237745222E-17,0.));
#10408 = PLANE('',#10409);
#10409 = AXIS2_PLACEMENT_3D('',#10410,#10411,#10412);
#10410 = CARTESIAN_POINT('',(-2.351510622064,0.2,0.383889921916));
#10411 = DIRECTION('',(1.144237745222E-17,1.,0.));
#10412 = DIRECTION('',(0.,-0.,1.));
#10413 = ADVANCED_FACE('',(#10414),#10430,.F.);
#10414 = FACE_BOUND('',#10415,.F.);
#10415 = EDGE_LOOP('',(#10416,#10417,#10423,#10424));
#10416 = ORIENTED_EDGE('',*,*,#8839,.T.);
#10417 = ORIENTED_EDGE('',*,*,#10418,.T.);
#10418 = EDGE_CURVE('',#8832,#9460,#10419,.T.);
#10419 = LINE('',#10420,#10421);
#10420 = CARTESIAN_POINT('',(-2.05,0.8,0.9));
#10421 = VECTOR('',#10422,1.);
#10422 = DIRECTION('',(1.,-1.144237745222E-17,0.));
#10423 = ORIENTED_EDGE('',*,*,#9459,.F.);
#10424 = ORIENTED_EDGE('',*,*,#10425,.F.);
#10425 = EDGE_CURVE('',#8823,#9452,#10426,.T.);
#10426 = LINE('',#10427,#10428);
#10427 = CARTESIAN_POINT('',(-2.05,0.2,0.9));
#10428 = VECTOR('',#10429,1.);
#10429 = DIRECTION('',(1.,-1.144237745222E-17,0.));
#10430 = PLANE('',#10431);
#10431 = AXIS2_PLACEMENT_3D('',#10432,#10433,#10434);
#10432 = CARTESIAN_POINT('',(-3.027078129022E-16,2.4125,0.9));
#10433 = DIRECTION('',(5.019797556113E-32,-5.609677548238E-27,-1.));
#10434 = DIRECTION('',(1.,1.112083013911E-16,5.019797556051E-32));
#10435 = ADVANCED_FACE('',(#10436),#10522,.F.);
#10436 = FACE_BOUND('',#10437,.F.);
#10437 = EDGE_LOOP('',(#10438,#10439,#10440,#10449,#10457,#10466,#10474,
    #10482,#10490,#10499,#10507,#10516));
#10438 = ORIENTED_EDGE('',*,*,#8831,.F.);
#10439 = ORIENTED_EDGE('',*,*,#8853,.T.);
#10440 = ORIENTED_EDGE('',*,*,#10441,.T.);
#10441 = EDGE_CURVE('',#8854,#10442,#10444,.T.);
#10442 = VERTEX_POINT('',#10443);
#10443 = CARTESIAN_POINT('',(-2.148480775301,0.8,0.717364817767));
#10444 = CIRCLE('',#10445,0.1);
#10445 = AXIS2_PLACEMENT_3D('',#10446,#10447,#10448);
#10446 = CARTESIAN_POINT('',(-2.05,0.8,0.7));
#10447 = DIRECTION('',(-1.144237745222E-17,-1.,-2.189528850508E-47));
#10448 = DIRECTION('',(4.440892098501E-15,-5.081436361563E-32,1.));
#10449 = ORIENTED_EDGE('',*,*,#10450,.T.);
#10450 = EDGE_CURVE('',#10442,#10451,#10453,.T.);
#10451 = VERTEX_POINT('',#10452);
#10452 = CARTESIAN_POINT('',(-2.241201939752,0.8,0.165270364467));
#10453 = LINE('',#10454,#10455);
#10454 = CARTESIAN_POINT('',(-2.148480775301,0.8,0.717364817767));
#10455 = VECTOR('',#10456,1.);
#10456 = DIRECTION('',(-0.165624877661,1.895142365679E-18,
    -0.986188825682));
#10457 = ORIENTED_EDGE('',*,*,#10458,.T.);
#10458 = EDGE_CURVE('',#10451,#10459,#10461,.T.);
#10459 = VERTEX_POINT('',#10460);
#10460 = CARTESIAN_POINT('',(-2.438163490354,0.8,-1.387778780781E-16));
#10461 = CIRCLE('',#10462,0.2);
#10462 = AXIS2_PLACEMENT_3D('',#10463,#10464,#10465);
#10463 = CARTESIAN_POINT('',(-2.438163490354,0.8,0.2));
#10464 = DIRECTION('',(1.144237745222E-17,1.,3.08148791102E-33));
#10465 = DIRECTION('',(0.984807753012,-1.126854202784E-17,
    -0.173648177667));
#10466 = ORIENTED_EDGE('',*,*,#10467,.T.);
#10467 = EDGE_CURVE('',#10459,#10468,#10470,.T.);
#10468 = VERTEX_POINT('',#10469);
#10469 = CARTESIAN_POINT('',(-3.,0.8,-1.387778780781E-16));
#10470 = LINE('',#10471,#10472);
#10471 = CARTESIAN_POINT('',(-2.438163490354,0.8,-1.387778780781E-16));
#10472 = VECTOR('',#10473,1.);
#10473 = DIRECTION('',(-1.,1.144237745222E-17,0.));
#10474 = ORIENTED_EDGE('',*,*,#10475,.T.);
#10475 = EDGE_CURVE('',#10468,#10476,#10478,.T.);
#10476 = VERTEX_POINT('',#10477);
#10477 = CARTESIAN_POINT('',(-3.,0.8,0.1));
#10478 = LINE('',#10479,#10480);
#10479 = CARTESIAN_POINT('',(-3.,0.8,-1.387778780781E-16));
#10480 = VECTOR('',#10481,1.);
#10481 = DIRECTION('',(0.,0.,1.));
#10482 = ORIENTED_EDGE('',*,*,#10483,.T.);
#10483 = EDGE_CURVE('',#10476,#10484,#10486,.T.);
#10484 = VERTEX_POINT('',#10485);
#10485 = CARTESIAN_POINT('',(-2.438163490354,0.8,0.1));
#10486 = LINE('',#10487,#10488);
#10487 = CARTESIAN_POINT('',(-3.,0.8,0.1));
#10488 = VECTOR('',#10489,1.);
#10489 = DIRECTION('',(1.,-1.144237745222E-17,0.));
#10490 = ORIENTED_EDGE('',*,*,#10491,.T.);
#10491 = EDGE_CURVE('',#10484,#10492,#10494,.T.);
#10492 = VERTEX_POINT('',#10493);
#10493 = CARTESIAN_POINT('',(-2.339682715053,0.8,0.182635182233));
#10494 = CIRCLE('',#10495,0.1);
#10495 = AXIS2_PLACEMENT_3D('',#10496,#10497,#10498);
#10496 = CARTESIAN_POINT('',(-2.438163490354,0.8,0.2));
#10497 = DIRECTION('',(-1.144237745222E-17,-1.,4.379057701015E-47));
#10498 = DIRECTION('',(8.881784197001E-15,-1.016287272312E-31,-1.));
#10499 = ORIENTED_EDGE('',*,*,#10500,.T.);
#10500 = EDGE_CURVE('',#10492,#10501,#10503,.T.);
#10501 = VERTEX_POINT('',#10502);
#10502 = CARTESIAN_POINT('',(-2.246961550602,0.8,0.734729635533));
#10503 = LINE('',#10504,#10505);
#10504 = CARTESIAN_POINT('',(-2.339682715053,0.8,0.182635182233));
#10505 = VECTOR('',#10506,1.);
#10506 = DIRECTION('',(0.165624877661,-1.895142365679E-18,0.986188825682
    ));
#10507 = ORIENTED_EDGE('',*,*,#10508,.T.);
#10508 = EDGE_CURVE('',#10501,#10509,#10511,.T.);
#10509 = VERTEX_POINT('',#10510);
#10510 = CARTESIAN_POINT('',(-2.05,0.8,0.9));
#10511 = CIRCLE('',#10512,0.2);
#10512 = AXIS2_PLACEMENT_3D('',#10513,#10514,#10515);
#10513 = CARTESIAN_POINT('',(-2.05,0.8,0.7));
#10514 = DIRECTION('',(1.144237745222E-17,1.,7.703719777549E-34));
#10515 = DIRECTION('',(-0.984807753012,1.126854202784E-17,0.173648177667
    ));
#10516 = ORIENTED_EDGE('',*,*,#10517,.T.);
#10517 = EDGE_CURVE('',#10509,#8832,#10518,.T.);
#10518 = LINE('',#10519,#10520);
#10519 = CARTESIAN_POINT('',(-2.05,0.8,0.9));
#10520 = VECTOR('',#10521,1.);
#10521 = DIRECTION('',(1.,-1.144237745222E-17,0.));
#10522 = PLANE('',#10523);
#10523 = AXIS2_PLACEMENT_3D('',#10524,#10525,#10526);
#10524 = CARTESIAN_POINT('',(-2.351510622064,0.8,0.383889921916));
#10525 = DIRECTION('',(1.144237745222E-17,1.,0.));
#10526 = DIRECTION('',(0.,-0.,1.));
#10527 = ADVANCED_FACE('',(#10528),#10547,.F.);
#10528 = FACE_BOUND('',#10529,.F.);
#10529 = EDGE_LOOP('',(#10530,#10531,#10540,#10546));
#10530 = ORIENTED_EDGE('',*,*,#8870,.T.);
#10531 = ORIENTED_EDGE('',*,*,#10532,.T.);
#10532 = EDGE_CURVE('',#8863,#10533,#10535,.T.);
#10533 = VERTEX_POINT('',#10534);
#10534 = CARTESIAN_POINT('',(-2.148480775301,1.2,0.717364817767));
#10535 = CIRCLE('',#10536,0.1);
#10536 = AXIS2_PLACEMENT_3D('',#10537,#10538,#10539);
#10537 = CARTESIAN_POINT('',(-2.05,1.2,0.7));
#10538 = DIRECTION('',(-1.144237745222E-17,-1.,-2.189528850508E-47));
#10539 = DIRECTION('',(4.440892098501E-15,-5.081436361563E-32,1.));
#10540 = ORIENTED_EDGE('',*,*,#10541,.F.);
#10541 = EDGE_CURVE('',#10442,#10533,#10542,.T.);
#10542 = LINE('',#10543,#10544);
#10543 = CARTESIAN_POINT('',(-2.148480775301,0.8,0.717364817767));
#10544 = VECTOR('',#10545,1.);
#10545 = DIRECTION('',(1.144237745222E-17,1.,0.));
#10546 = ORIENTED_EDGE('',*,*,#10441,.F.);
#10547 = CYLINDRICAL_SURFACE('',#10548,0.1);
#10548 = AXIS2_PLACEMENT_3D('',#10549,#10550,#10551);
#10549 = CARTESIAN_POINT('',(-2.05,0.8,0.7));
#10550 = DIRECTION('',(-1.144237745222E-17,-1.,0.));
#10551 = DIRECTION('',(4.440892098501E-15,-5.081436361563E-32,1.));
#10552 = ADVANCED_FACE('',(#10553),#10631,.T.);
#10553 = FACE_BOUND('',#10554,.T.);
#10554 = EDGE_LOOP('',(#10555,#10556,#10557,#10558,#10566,#10575,#10583,
    #10591,#10599,#10608,#10616,#10625));
#10555 = ORIENTED_EDGE('',*,*,#8884,.F.);
#10556 = ORIENTED_EDGE('',*,*,#8862,.T.);
#10557 = ORIENTED_EDGE('',*,*,#10532,.T.);
#10558 = ORIENTED_EDGE('',*,*,#10559,.T.);
#10559 = EDGE_CURVE('',#10533,#10560,#10562,.T.);
#10560 = VERTEX_POINT('',#10561);
#10561 = CARTESIAN_POINT('',(-2.241201939752,1.2,0.165270364467));
#10562 = LINE('',#10563,#10564);
#10563 = CARTESIAN_POINT('',(-2.148480775301,1.2,0.717364817767));
#10564 = VECTOR('',#10565,1.);
#10565 = DIRECTION('',(-0.165624877661,1.895142365679E-18,
    -0.986188825682));
#10566 = ORIENTED_EDGE('',*,*,#10567,.T.);
#10567 = EDGE_CURVE('',#10560,#10568,#10570,.T.);
#10568 = VERTEX_POINT('',#10569);
#10569 = CARTESIAN_POINT('',(-2.438163490354,1.2,-1.387778780781E-16));
#10570 = CIRCLE('',#10571,0.2);
#10571 = AXIS2_PLACEMENT_3D('',#10572,#10573,#10574);
#10572 = CARTESIAN_POINT('',(-2.438163490354,1.2,0.2));
#10573 = DIRECTION('',(1.144237745222E-17,1.,3.08148791102E-33));
#10574 = DIRECTION('',(0.984807753012,-1.126854202784E-17,
    -0.173648177667));
#10575 = ORIENTED_EDGE('',*,*,#10576,.T.);
#10576 = EDGE_CURVE('',#10568,#10577,#10579,.T.);
#10577 = VERTEX_POINT('',#10578);
#10578 = CARTESIAN_POINT('',(-3.,1.2,-1.387778780781E-16));
#10579 = LINE('',#10580,#10581);
#10580 = CARTESIAN_POINT('',(-2.438163490354,1.2,-1.387778780781E-16));
#10581 = VECTOR('',#10582,1.);
#10582 = DIRECTION('',(-1.,1.144237745222E-17,0.));
#10583 = ORIENTED_EDGE('',*,*,#10584,.T.);
#10584 = EDGE_CURVE('',#10577,#10585,#10587,.T.);
#10585 = VERTEX_POINT('',#10586);
#10586 = CARTESIAN_POINT('',(-3.,1.2,0.1));
#10587 = LINE('',#10588,#10589);
#10588 = CARTESIAN_POINT('',(-3.,1.2,-1.387778780781E-16));
#10589 = VECTOR('',#10590,1.);
#10590 = DIRECTION('',(0.,0.,1.));
#10591 = ORIENTED_EDGE('',*,*,#10592,.T.);
#10592 = EDGE_CURVE('',#10585,#10593,#10595,.T.);
#10593 = VERTEX_POINT('',#10594);
#10594 = CARTESIAN_POINT('',(-2.438163490354,1.2,0.1));
#10595 = LINE('',#10596,#10597);
#10596 = CARTESIAN_POINT('',(-3.,1.2,0.1));
#10597 = VECTOR('',#10598,1.);
#10598 = DIRECTION('',(1.,-1.144237745222E-17,0.));
#10599 = ORIENTED_EDGE('',*,*,#10600,.T.);
#10600 = EDGE_CURVE('',#10593,#10601,#10603,.T.);
#10601 = VERTEX_POINT('',#10602);
#10602 = CARTESIAN_POINT('',(-2.339682715053,1.2,0.182635182233));
#10603 = CIRCLE('',#10604,0.1);
#10604 = AXIS2_PLACEMENT_3D('',#10605,#10606,#10607);
#10605 = CARTESIAN_POINT('',(-2.438163490354,1.2,0.2));
#10606 = DIRECTION('',(-1.144237745222E-17,-1.,4.379057701015E-47));
#10607 = DIRECTION('',(8.881784197001E-15,-1.016287272312E-31,-1.));
#10608 = ORIENTED_EDGE('',*,*,#10609,.T.);
#10609 = EDGE_CURVE('',#10601,#10610,#10612,.T.);
#10610 = VERTEX_POINT('',#10611);
#10611 = CARTESIAN_POINT('',(-2.246961550602,1.2,0.734729635533));
#10612 = LINE('',#10613,#10614);
#10613 = CARTESIAN_POINT('',(-2.339682715053,1.2,0.182635182233));
#10614 = VECTOR('',#10615,1.);
#10615 = DIRECTION('',(0.165624877661,-1.895142365679E-18,0.986188825682
    ));
#10616 = ORIENTED_EDGE('',*,*,#10617,.T.);
#10617 = EDGE_CURVE('',#10610,#10618,#10620,.T.);
#10618 = VERTEX_POINT('',#10619);
#10619 = CARTESIAN_POINT('',(-2.05,1.2,0.9));
#10620 = CIRCLE('',#10621,0.2);
#10621 = AXIS2_PLACEMENT_3D('',#10622,#10623,#10624);
#10622 = CARTESIAN_POINT('',(-2.05,1.2,0.7));
#10623 = DIRECTION('',(1.144237745222E-17,1.,7.703719777549E-34));
#10624 = DIRECTION('',(-0.984807753012,1.126854202784E-17,0.173648177667
    ));
#10625 = ORIENTED_EDGE('',*,*,#10626,.T.);
#10626 = EDGE_CURVE('',#10618,#8885,#10627,.T.);
#10627 = LINE('',#10628,#10629);
#10628 = CARTESIAN_POINT('',(-2.05,1.2,0.9));
#10629 = VECTOR('',#10630,1.);
#10630 = DIRECTION('',(1.,-1.144237745222E-17,0.));
#10631 = PLANE('',#10632);
#10632 = AXIS2_PLACEMENT_3D('',#10633,#10634,#10635);
#10633 = CARTESIAN_POINT('',(-2.351510622064,1.2,0.383889921916));
#10634 = DIRECTION('',(1.144237745222E-17,1.,0.));
#10635 = DIRECTION('',(0.,-0.,1.));
#10636 = ADVANCED_FACE('',(#10637),#10648,.F.);
#10637 = FACE_BOUND('',#10638,.F.);
#10638 = EDGE_LOOP('',(#10639,#10640,#10641,#10642));
#10639 = ORIENTED_EDGE('',*,*,#8901,.T.);
#10640 = ORIENTED_EDGE('',*,*,#9395,.T.);
#10641 = ORIENTED_EDGE('',*,*,#9475,.F.);
#10642 = ORIENTED_EDGE('',*,*,#10643,.F.);
#10643 = EDGE_CURVE('',#8885,#9468,#10644,.T.);
#10644 = LINE('',#10645,#10646);
#10645 = CARTESIAN_POINT('',(-2.05,1.2,0.9));
#10646 = VECTOR('',#10647,1.);
#10647 = DIRECTION('',(1.,-1.144237745222E-17,0.));
#10648 = PLANE('',#10649);
#10649 = AXIS2_PLACEMENT_3D('',#10650,#10651,#10652);
#10650 = CARTESIAN_POINT('',(-3.027078129022E-16,2.4125,0.9));
#10651 = DIRECTION('',(5.019797556113E-32,-5.609677548238E-27,-1.));
#10652 = DIRECTION('',(1.,1.112083013911E-16,5.019797556051E-32));
#10653 = ADVANCED_FACE('',(#10654),#10733,.F.);
#10654 = FACE_BOUND('',#10655,.F.);
#10655 = EDGE_LOOP('',(#10656,#10657,#10658,#10667,#10675,#10684,#10692,
    #10700,#10708,#10717,#10725,#10732));
#10656 = ORIENTED_EDGE('',*,*,#8893,.F.);
#10657 = ORIENTED_EDGE('',*,*,#8915,.T.);
#10658 = ORIENTED_EDGE('',*,*,#10659,.T.);
#10659 = EDGE_CURVE('',#8916,#10660,#10662,.T.);
#10660 = VERTEX_POINT('',#10661);
#10661 = CARTESIAN_POINT('',(-2.148480775301,1.8,0.717364817767));
#10662 = CIRCLE('',#10663,0.1);
#10663 = AXIS2_PLACEMENT_3D('',#10664,#10665,#10666);
#10664 = CARTESIAN_POINT('',(-2.05,1.8,0.7));
#10665 = DIRECTION('',(-1.144237745222E-17,-1.,-2.189528850508E-47));
#10666 = DIRECTION('',(4.440892098501E-15,-5.081436361563E-32,1.));
#10667 = ORIENTED_EDGE('',*,*,#10668,.T.);
#10668 = EDGE_CURVE('',#10660,#10669,#10671,.T.);
#10669 = VERTEX_POINT('',#10670);
#10670 = CARTESIAN_POINT('',(-2.241201939752,1.8,0.165270364467));
#10671 = LINE('',#10672,#10673);
#10672 = CARTESIAN_POINT('',(-2.148480775301,1.8,0.717364817767));
#10673 = VECTOR('',#10674,1.);
#10674 = DIRECTION('',(-0.165624877661,1.895142365679E-18,
    -0.986188825682));
#10675 = ORIENTED_EDGE('',*,*,#10676,.T.);
#10676 = EDGE_CURVE('',#10669,#10677,#10679,.T.);
#10677 = VERTEX_POINT('',#10678);
#10678 = CARTESIAN_POINT('',(-2.438163490354,1.8,-1.387778780781E-16));
#10679 = CIRCLE('',#10680,0.2);
#10680 = AXIS2_PLACEMENT_3D('',#10681,#10682,#10683);
#10681 = CARTESIAN_POINT('',(-2.438163490354,1.8,0.2));
#10682 = DIRECTION('',(1.144237745222E-17,1.,3.08148791102E-33));
#10683 = DIRECTION('',(0.984807753012,-1.126854202784E-17,
    -0.173648177667));
#10684 = ORIENTED_EDGE('',*,*,#10685,.T.);
#10685 = EDGE_CURVE('',#10677,#10686,#10688,.T.);
#10686 = VERTEX_POINT('',#10687);
#10687 = CARTESIAN_POINT('',(-3.,1.8,-1.387778780781E-16));
#10688 = LINE('',#10689,#10690);
#10689 = CARTESIAN_POINT('',(-2.438163490354,1.8,-1.387778780781E-16));
#10690 = VECTOR('',#10691,1.);
#10691 = DIRECTION('',(-1.,1.144237745222E-17,0.));
#10692 = ORIENTED_EDGE('',*,*,#10693,.T.);
#10693 = EDGE_CURVE('',#10686,#10694,#10696,.T.);
#10694 = VERTEX_POINT('',#10695);
#10695 = CARTESIAN_POINT('',(-3.,1.8,0.1));
#10696 = LINE('',#10697,#10698);
#10697 = CARTESIAN_POINT('',(-3.,1.8,-1.387778780781E-16));
#10698 = VECTOR('',#10699,1.);
#10699 = DIRECTION('',(0.,0.,1.));
#10700 = ORIENTED_EDGE('',*,*,#10701,.T.);
#10701 = EDGE_CURVE('',#10694,#10702,#10704,.T.);
#10702 = VERTEX_POINT('',#10703);
#10703 = CARTESIAN_POINT('',(-2.438163490354,1.8,0.1));
#10704 = LINE('',#10705,#10706);
#10705 = CARTESIAN_POINT('',(-3.,1.8,0.1));
#10706 = VECTOR('',#10707,1.);
#10707 = DIRECTION('',(1.,-1.144237745222E-17,0.));
#10708 = ORIENTED_EDGE('',*,*,#10709,.T.);
#10709 = EDGE_CURVE('',#10702,#10710,#10712,.T.);
#10710 = VERTEX_POINT('',#10711);
#10711 = CARTESIAN_POINT('',(-2.339682715053,1.8,0.182635182233));
#10712 = CIRCLE('',#10713,0.1);
#10713 = AXIS2_PLACEMENT_3D('',#10714,#10715,#10716);
#10714 = CARTESIAN_POINT('',(-2.438163490354,1.8,0.2));
#10715 = DIRECTION('',(-1.144237745222E-17,-1.,4.379057701015E-47));
#10716 = DIRECTION('',(8.881784197001E-15,-1.016287272312E-31,-1.));
#10717 = ORIENTED_EDGE('',*,*,#10718,.T.);
#10718 = EDGE_CURVE('',#10710,#10719,#10721,.T.);
#10719 = VERTEX_POINT('',#10720);
#10720 = CARTESIAN_POINT('',(-2.246961550602,1.8,0.734729635533));
#10721 = LINE('',#10722,#10723);
#10722 = CARTESIAN_POINT('',(-2.339682715053,1.8,0.182635182233));
#10723 = VECTOR('',#10724,1.);
#10724 = DIRECTION('',(0.165624877661,-1.895142365679E-18,0.986188825682
    ));
#10725 = ORIENTED_EDGE('',*,*,#10726,.T.);
#10726 = EDGE_CURVE('',#10719,#9365,#10727,.T.);
#10727 = CIRCLE('',#10728,0.2);
#10728 = AXIS2_PLACEMENT_3D('',#10729,#10730,#10731);
#10729 = CARTESIAN_POINT('',(-2.05,1.8,0.7));
#10730 = DIRECTION('',(1.144237745222E-17,1.,7.703719777549E-34));
#10731 = DIRECTION('',(-0.984807753012,1.126854202784E-17,0.173648177667
    ));
#10732 = ORIENTED_EDGE('',*,*,#9364,.T.);
#10733 = PLANE('',#10734);
#10734 = AXIS2_PLACEMENT_3D('',#10735,#10736,#10737);
#10735 = CARTESIAN_POINT('',(-2.351510622064,1.8,0.383889921916));
#10736 = DIRECTION('',(1.144237745222E-17,1.,0.));
#10737 = DIRECTION('',(0.,-0.,1.));
#10738 = ADVANCED_FACE('',(#10739),#10758,.F.);
#10739 = FACE_BOUND('',#10740,.F.);
#10740 = EDGE_LOOP('',(#10741,#10742,#10751,#10757));
#10741 = ORIENTED_EDGE('',*,*,#8932,.T.);
#10742 = ORIENTED_EDGE('',*,*,#10743,.T.);
#10743 = EDGE_CURVE('',#8925,#10744,#10746,.T.);
#10744 = VERTEX_POINT('',#10745);
#10745 = CARTESIAN_POINT('',(-2.148480775301,2.2,0.717364817767));
#10746 = CIRCLE('',#10747,0.1);
#10747 = AXIS2_PLACEMENT_3D('',#10748,#10749,#10750);
#10748 = CARTESIAN_POINT('',(-2.05,2.2,0.7));
#10749 = DIRECTION('',(-1.144237745222E-17,-1.,-2.189528850508E-47));
#10750 = DIRECTION('',(4.440892098501E-15,-5.081436361563E-32,1.));
#10751 = ORIENTED_EDGE('',*,*,#10752,.F.);
#10752 = EDGE_CURVE('',#10660,#10744,#10753,.T.);
#10753 = LINE('',#10754,#10755);
#10754 = CARTESIAN_POINT('',(-2.148480775301,1.8,0.717364817767));
#10755 = VECTOR('',#10756,1.);
#10756 = DIRECTION('',(1.144237745222E-17,1.,0.));
#10757 = ORIENTED_EDGE('',*,*,#10659,.F.);
#10758 = CYLINDRICAL_SURFACE('',#10759,0.1);
#10759 = AXIS2_PLACEMENT_3D('',#10760,#10761,#10762);
#10760 = CARTESIAN_POINT('',(-2.05,1.8,0.7));
#10761 = DIRECTION('',(-1.144237745222E-17,-1.,0.));
#10762 = DIRECTION('',(4.440892098501E-15,-5.081436361563E-32,1.));
#10763 = ADVANCED_FACE('',(#10764),#10835,.T.);
#10764 = FACE_BOUND('',#10765,.T.);
#10765 = EDGE_LOOP('',(#10766,#10767,#10768,#10769,#10777,#10786,#10794,
    #10802,#10810,#10819,#10827,#10834));
#10766 = ORIENTED_EDGE('',*,*,#8946,.F.);
#10767 = ORIENTED_EDGE('',*,*,#8924,.T.);
#10768 = ORIENTED_EDGE('',*,*,#10743,.T.);
#10769 = ORIENTED_EDGE('',*,*,#10770,.T.);
#10770 = EDGE_CURVE('',#10744,#10771,#10773,.T.);
#10771 = VERTEX_POINT('',#10772);
#10772 = CARTESIAN_POINT('',(-2.241201939752,2.2,0.165270364467));
#10773 = LINE('',#10774,#10775);
#10774 = CARTESIAN_POINT('',(-2.148480775301,2.2,0.717364817767));
#10775 = VECTOR('',#10776,1.);
#10776 = DIRECTION('',(-0.165624877661,1.895142365679E-18,
    -0.986188825682));
#10777 = ORIENTED_EDGE('',*,*,#10778,.T.);
#10778 = EDGE_CURVE('',#10771,#10779,#10781,.T.);
#10779 = VERTEX_POINT('',#10780);
#10780 = CARTESIAN_POINT('',(-2.438163490354,2.2,-1.387778780781E-16));
#10781 = CIRCLE('',#10782,0.2);
#10782 = AXIS2_PLACEMENT_3D('',#10783,#10784,#10785);
#10783 = CARTESIAN_POINT('',(-2.438163490354,2.2,0.2));
#10784 = DIRECTION('',(1.144237745222E-17,1.,3.08148791102E-33));
#10785 = DIRECTION('',(0.984807753012,-1.126854202784E-17,
    -0.173648177667));
#10786 = ORIENTED_EDGE('',*,*,#10787,.T.);
#10787 = EDGE_CURVE('',#10779,#10788,#10790,.T.);
#10788 = VERTEX_POINT('',#10789);
#10789 = CARTESIAN_POINT('',(-3.,2.2,-1.387778780781E-16));
#10790 = LINE('',#10791,#10792);
#10791 = CARTESIAN_POINT('',(-2.438163490354,2.2,-1.387778780781E-16));
#10792 = VECTOR('',#10793,1.);
#10793 = DIRECTION('',(-1.,1.144237745222E-17,0.));
#10794 = ORIENTED_EDGE('',*,*,#10795,.T.);
#10795 = EDGE_CURVE('',#10788,#10796,#10798,.T.);
#10796 = VERTEX_POINT('',#10797);
#10797 = CARTESIAN_POINT('',(-3.,2.2,0.1));
#10798 = LINE('',#10799,#10800);
#10799 = CARTESIAN_POINT('',(-3.,2.2,-1.387778780781E-16));
#10800 = VECTOR('',#10801,1.);
#10801 = DIRECTION('',(0.,0.,1.));
#10802 = ORIENTED_EDGE('',*,*,#10803,.T.);
#10803 = EDGE_CURVE('',#10796,#10804,#10806,.T.);
#10804 = VERTEX_POINT('',#10805);
#10805 = CARTESIAN_POINT('',(-2.438163490354,2.2,0.1));
#10806 = LINE('',#10807,#10808);
#10807 = CARTESIAN_POINT('',(-3.,2.2,0.1));
#10808 = VECTOR('',#10809,1.);
#10809 = DIRECTION('',(1.,-1.144237745222E-17,0.));
#10810 = ORIENTED_EDGE('',*,*,#10811,.T.);
#10811 = EDGE_CURVE('',#10804,#10812,#10814,.T.);
#10812 = VERTEX_POINT('',#10813);
#10813 = CARTESIAN_POINT('',(-2.339682715053,2.2,0.182635182233));
#10814 = CIRCLE('',#10815,0.1);
#10815 = AXIS2_PLACEMENT_3D('',#10816,#10817,#10818);
#10816 = CARTESIAN_POINT('',(-2.438163490354,2.2,0.2));
#10817 = DIRECTION('',(-1.144237745222E-17,-1.,4.379057701015E-47));
#10818 = DIRECTION('',(8.881784197001E-15,-1.016287272312E-31,-1.));
#10819 = ORIENTED_EDGE('',*,*,#10820,.T.);
#10820 = EDGE_CURVE('',#10812,#10821,#10823,.T.);
#10821 = VERTEX_POINT('',#10822);
#10822 = CARTESIAN_POINT('',(-2.246961550602,2.2,0.734729635533));
#10823 = LINE('',#10824,#10825);
#10824 = CARTESIAN_POINT('',(-2.339682715053,2.2,0.182635182233));
#10825 = VECTOR('',#10826,1.);
#10826 = DIRECTION('',(0.165624877661,-1.895142365679E-18,0.986188825682
    ));
#10827 = ORIENTED_EDGE('',*,*,#10828,.T.);
#10828 = EDGE_CURVE('',#10821,#9373,#10829,.T.);
#10829 = CIRCLE('',#10830,0.2);
#10830 = AXIS2_PLACEMENT_3D('',#10831,#10832,#10833);
#10831 = CARTESIAN_POINT('',(-2.05,2.2,0.7));
#10832 = DIRECTION('',(1.144237745222E-17,1.,7.703719777549E-34));
#10833 = DIRECTION('',(-0.984807753012,1.126854202784E-17,0.173648177667
    ));
#10834 = ORIENTED_EDGE('',*,*,#9380,.T.);
#10835 = PLANE('',#10836);
#10836 = AXIS2_PLACEMENT_3D('',#10837,#10838,#10839);
#10837 = CARTESIAN_POINT('',(-2.351510622064,2.2,0.383889921916));
#10838 = DIRECTION('',(1.144237745222E-17,1.,0.));
#10839 = DIRECTION('',(0.,-0.,1.));
#10840 = ADVANCED_FACE('',(#10841),#10920,.F.);
#10841 = FACE_BOUND('',#10842,.F.);
#10842 = EDGE_LOOP('',(#10843,#10844,#10845,#10854,#10862,#10871,#10879,
    #10887,#10895,#10904,#10912,#10919));
#10843 = ORIENTED_EDGE('',*,*,#8965,.F.);
#10844 = ORIENTED_EDGE('',*,*,#8980,.T.);
#10845 = ORIENTED_EDGE('',*,*,#10846,.T.);
#10846 = EDGE_CURVE('',#8981,#10847,#10849,.T.);
#10847 = VERTEX_POINT('',#10848);
#10848 = CARTESIAN_POINT('',(2.148480775301,2.2,0.717364817767));
#10849 = CIRCLE('',#10850,0.1);
#10850 = AXIS2_PLACEMENT_3D('',#10851,#10852,#10853);
#10851 = CARTESIAN_POINT('',(2.05,2.2,0.7));
#10852 = DIRECTION('',(-1.110223024625E-16,1.,0.));
#10853 = DIRECTION('',(-4.440892098501E-15,-4.930380657631E-31,1.));
#10854 = ORIENTED_EDGE('',*,*,#10855,.T.);
#10855 = EDGE_CURVE('',#10847,#10856,#10858,.T.);
#10856 = VERTEX_POINT('',#10857);
#10857 = CARTESIAN_POINT('',(2.241201939752,2.2,0.165270364467));
#10858 = LINE('',#10859,#10860);
#10859 = CARTESIAN_POINT('',(2.148480775301,2.2,0.717364817767));
#10860 = VECTOR('',#10861,1.);
#10861 = DIRECTION('',(0.165624877661,1.838805526304E-17,-0.986188825682
    ));
#10862 = ORIENTED_EDGE('',*,*,#10863,.T.);
#10863 = EDGE_CURVE('',#10856,#10864,#10866,.T.);
#10864 = VERTEX_POINT('',#10865);
#10865 = CARTESIAN_POINT('',(2.438163490354,2.2,-1.387778780781E-16));
#10866 = CIRCLE('',#10867,0.2);
#10867 = AXIS2_PLACEMENT_3D('',#10868,#10869,#10870);
#10868 = CARTESIAN_POINT('',(2.438163490354,2.2,0.2));
#10869 = DIRECTION('',(1.110223024625E-16,-1.,0.));
#10870 = DIRECTION('',(-0.984807753012,-1.093356242223E-16,
    -0.173648177667));
#10871 = ORIENTED_EDGE('',*,*,#10872,.T.);
#10872 = EDGE_CURVE('',#10864,#10873,#10875,.T.);
#10873 = VERTEX_POINT('',#10874);
#10874 = CARTESIAN_POINT('',(3.,2.2,-1.387778780781E-16));
#10875 = LINE('',#10876,#10877);
#10876 = CARTESIAN_POINT('',(2.438163490354,2.2,-1.387778780781E-16));
#10877 = VECTOR('',#10878,1.);
#10878 = DIRECTION('',(1.,1.110223024625E-16,0.));
#10879 = ORIENTED_EDGE('',*,*,#10880,.T.);
#10880 = EDGE_CURVE('',#10873,#10881,#10883,.T.);
#10881 = VERTEX_POINT('',#10882);
#10882 = CARTESIAN_POINT('',(3.,2.2,0.1));
#10883 = LINE('',#10884,#10885);
#10884 = CARTESIAN_POINT('',(3.,2.2,-1.387778780781E-16));
#10885 = VECTOR('',#10886,1.);
#10886 = DIRECTION('',(0.,0.,1.));
#10887 = ORIENTED_EDGE('',*,*,#10888,.T.);
#10888 = EDGE_CURVE('',#10881,#10889,#10891,.T.);
#10889 = VERTEX_POINT('',#10890);
#10890 = CARTESIAN_POINT('',(2.438163490354,2.2,0.1));
#10891 = LINE('',#10892,#10893);
#10892 = CARTESIAN_POINT('',(3.,2.2,0.1));
#10893 = VECTOR('',#10894,1.);
#10894 = DIRECTION('',(-1.,-1.110223024625E-16,0.));
#10895 = ORIENTED_EDGE('',*,*,#10896,.T.);
#10896 = EDGE_CURVE('',#10889,#10897,#10899,.T.);
#10897 = VERTEX_POINT('',#10898);
#10898 = CARTESIAN_POINT('',(2.339682715053,2.2,0.182635182233));
#10899 = CIRCLE('',#10900,0.1);
#10900 = AXIS2_PLACEMENT_3D('',#10901,#10902,#10903);
#10901 = CARTESIAN_POINT('',(2.438163490354,2.2,0.2));
#10902 = DIRECTION('',(-1.110223024625E-16,1.,0.));
#10903 = DIRECTION('',(-8.881784197001E-15,-9.860761315261E-31,-1.));
#10904 = ORIENTED_EDGE('',*,*,#10905,.T.);
#10905 = EDGE_CURVE('',#10897,#10906,#10908,.T.);
#10906 = VERTEX_POINT('',#10907);
#10907 = CARTESIAN_POINT('',(2.246961550602,2.2,0.734729635533));
#10908 = LINE('',#10909,#10910);
#10909 = CARTESIAN_POINT('',(2.339682715053,2.2,0.182635182233));
#10910 = VECTOR('',#10911,1.);
#10911 = DIRECTION('',(-0.165624877661,-1.838805526304E-17,
    0.986188825682));
#10912 = ORIENTED_EDGE('',*,*,#10913,.T.);
#10913 = EDGE_CURVE('',#10906,#9684,#10914,.T.);
#10914 = CIRCLE('',#10915,0.2);
#10915 = AXIS2_PLACEMENT_3D('',#10916,#10917,#10918);
#10916 = CARTESIAN_POINT('',(2.05,2.2,0.7));
#10917 = DIRECTION('',(1.110223024625E-16,-1.,0.));
#10918 = DIRECTION('',(0.984807753012,1.093356242223E-16,0.173648177667)
  );
#10919 = ORIENTED_EDGE('',*,*,#9683,.T.);
#10920 = PLANE('',#10921);
#10921 = AXIS2_PLACEMENT_3D('',#10922,#10923,#10924);
#10922 = CARTESIAN_POINT('',(2.351510622064,2.2,0.383889921916));
#10923 = DIRECTION('',(1.110223024625E-16,-1.,0.));
#10924 = DIRECTION('',(0.,0.,1.));
#10925 = ADVANCED_FACE('',(#10926),#10945,.F.);
#10926 = FACE_BOUND('',#10927,.F.);
#10927 = EDGE_LOOP('',(#10928,#10929,#10938,#10944));
#10928 = ORIENTED_EDGE('',*,*,#8997,.T.);
#10929 = ORIENTED_EDGE('',*,*,#10930,.T.);
#10930 = EDGE_CURVE('',#8990,#10931,#10933,.T.);
#10931 = VERTEX_POINT('',#10932);
#10932 = CARTESIAN_POINT('',(2.148480775301,1.8,0.717364817767));
#10933 = CIRCLE('',#10934,0.1);
#10934 = AXIS2_PLACEMENT_3D('',#10935,#10936,#10937);
#10935 = CARTESIAN_POINT('',(2.05,1.8,0.7));
#10936 = DIRECTION('',(-1.110223024625E-16,1.,0.));
#10937 = DIRECTION('',(-4.440892098501E-15,-4.930380657631E-31,1.));
#10938 = ORIENTED_EDGE('',*,*,#10939,.F.);
#10939 = EDGE_CURVE('',#10847,#10931,#10940,.T.);
#10940 = LINE('',#10941,#10942);
#10941 = CARTESIAN_POINT('',(2.148480775301,2.2,0.717364817767));
#10942 = VECTOR('',#10943,1.);
#10943 = DIRECTION('',(1.110223024625E-16,-1.,0.));
#10944 = ORIENTED_EDGE('',*,*,#10846,.F.);
#10945 = CYLINDRICAL_SURFACE('',#10946,0.1);
#10946 = AXIS2_PLACEMENT_3D('',#10947,#10948,#10949);
#10947 = CARTESIAN_POINT('',(2.05,2.2,0.7));
#10948 = DIRECTION('',(-1.110223024625E-16,1.,0.));
#10949 = DIRECTION('',(-4.440892098501E-15,-4.930380657631E-31,1.));
#10950 = ADVANCED_FACE('',(#10951),#11022,.T.);
#10951 = FACE_BOUND('',#10952,.T.);
#10952 = EDGE_LOOP('',(#10953,#10954,#10955,#10956,#10964,#10973,#10981,
    #10989,#10997,#11006,#11014,#11021));
#10953 = ORIENTED_EDGE('',*,*,#9011,.F.);
#10954 = ORIENTED_EDGE('',*,*,#8989,.T.);
#10955 = ORIENTED_EDGE('',*,*,#10930,.T.);
#10956 = ORIENTED_EDGE('',*,*,#10957,.T.);
#10957 = EDGE_CURVE('',#10931,#10958,#10960,.T.);
#10958 = VERTEX_POINT('',#10959);
#10959 = CARTESIAN_POINT('',(2.241201939752,1.8,0.165270364467));
#10960 = LINE('',#10961,#10962);
#10961 = CARTESIAN_POINT('',(2.148480775301,1.8,0.717364817767));
#10962 = VECTOR('',#10963,1.);
#10963 = DIRECTION('',(0.165624877661,1.838805526304E-17,-0.986188825682
    ));
#10964 = ORIENTED_EDGE('',*,*,#10965,.T.);
#10965 = EDGE_CURVE('',#10958,#10966,#10968,.T.);
#10966 = VERTEX_POINT('',#10967);
#10967 = CARTESIAN_POINT('',(2.438163490354,1.8,-1.387778780781E-16));
#10968 = CIRCLE('',#10969,0.2);
#10969 = AXIS2_PLACEMENT_3D('',#10970,#10971,#10972);
#10970 = CARTESIAN_POINT('',(2.438163490354,1.8,0.2));
#10971 = DIRECTION('',(1.110223024625E-16,-1.,0.));
#10972 = DIRECTION('',(-0.984807753012,-1.093356242223E-16,
    -0.173648177667));
#10973 = ORIENTED_EDGE('',*,*,#10974,.T.);
#10974 = EDGE_CURVE('',#10966,#10975,#10977,.T.);
#10975 = VERTEX_POINT('',#10976);
#10976 = CARTESIAN_POINT('',(3.,1.8,-1.387778780781E-16));
#10977 = LINE('',#10978,#10979);
#10978 = CARTESIAN_POINT('',(2.438163490354,1.8,-1.387778780781E-16));
#10979 = VECTOR('',#10980,1.);
#10980 = DIRECTION('',(1.,1.110223024625E-16,0.));
#10981 = ORIENTED_EDGE('',*,*,#10982,.T.);
#10982 = EDGE_CURVE('',#10975,#10983,#10985,.T.);
#10983 = VERTEX_POINT('',#10984);
#10984 = CARTESIAN_POINT('',(3.,1.8,0.1));
#10985 = LINE('',#10986,#10987);
#10986 = CARTESIAN_POINT('',(3.,1.8,-1.387778780781E-16));
#10987 = VECTOR('',#10988,1.);
#10988 = DIRECTION('',(0.,0.,1.));
#10989 = ORIENTED_EDGE('',*,*,#10990,.T.);
#10990 = EDGE_CURVE('',#10983,#10991,#10993,.T.);
#10991 = VERTEX_POINT('',#10992);
#10992 = CARTESIAN_POINT('',(2.438163490354,1.8,0.1));
#10993 = LINE('',#10994,#10995);
#10994 = CARTESIAN_POINT('',(3.,1.8,0.1));
#10995 = VECTOR('',#10996,1.);
#10996 = DIRECTION('',(-1.,-1.110223024625E-16,0.));
#10997 = ORIENTED_EDGE('',*,*,#10998,.T.);
#10998 = EDGE_CURVE('',#10991,#10999,#11001,.T.);
#10999 = VERTEX_POINT('',#11000);
#11000 = CARTESIAN_POINT('',(2.339682715053,1.8,0.182635182233));
#11001 = CIRCLE('',#11002,0.1);
#11002 = AXIS2_PLACEMENT_3D('',#11003,#11004,#11005);
#11003 = CARTESIAN_POINT('',(2.438163490354,1.8,0.2));
#11004 = DIRECTION('',(-1.110223024625E-16,1.,0.));
#11005 = DIRECTION('',(-8.881784197001E-15,-9.860761315261E-31,-1.));
#11006 = ORIENTED_EDGE('',*,*,#11007,.T.);
#11007 = EDGE_CURVE('',#10999,#11008,#11010,.T.);
#11008 = VERTEX_POINT('',#11009);
#11009 = CARTESIAN_POINT('',(2.246961550602,1.8,0.734729635533));
#11010 = LINE('',#11011,#11012);
#11011 = CARTESIAN_POINT('',(2.339682715053,1.8,0.182635182233));
#11012 = VECTOR('',#11013,1.);
#11013 = DIRECTION('',(-0.165624877661,-1.838805526304E-17,
    0.986188825682));
#11014 = ORIENTED_EDGE('',*,*,#11015,.T.);
#11015 = EDGE_CURVE('',#11008,#9692,#11016,.T.);
#11016 = CIRCLE('',#11017,0.2);
#11017 = AXIS2_PLACEMENT_3D('',#11018,#11019,#11020);
#11018 = CARTESIAN_POINT('',(2.05,1.8,0.7));
#11019 = DIRECTION('',(1.110223024625E-16,-1.,0.));
#11020 = DIRECTION('',(0.984807753012,1.093356242223E-16,0.173648177667)
  );
#11021 = ORIENTED_EDGE('',*,*,#9699,.T.);
#11022 = PLANE('',#11023);
#11023 = AXIS2_PLACEMENT_3D('',#11024,#11025,#11026);
#11024 = CARTESIAN_POINT('',(2.351510622064,1.8,0.383889921916));
#11025 = DIRECTION('',(1.110223024625E-16,-1.,0.));
#11026 = DIRECTION('',(0.,0.,1.));
#11027 = ADVANCED_FACE('',(#11028),#11039,.F.);
#11028 = FACE_BOUND('',#11029,.F.);
#11029 = EDGE_LOOP('',(#11030,#11031,#11032,#11038));
#11030 = ORIENTED_EDGE('',*,*,#9705,.F.);
#11031 = ORIENTED_EDGE('',*,*,#9028,.T.);
#11032 = ORIENTED_EDGE('',*,*,#11033,.T.);
#11033 = EDGE_CURVE('',#9021,#9590,#11034,.T.);
#11034 = LINE('',#11035,#11036);
#11035 = CARTESIAN_POINT('',(2.05,1.2,0.9));
#11036 = VECTOR('',#11037,1.);
#11037 = DIRECTION('',(-1.,-1.110223024625E-16,0.));
#11038 = ORIENTED_EDGE('',*,*,#9589,.F.);
#11039 = PLANE('',#11040);
#11040 = AXIS2_PLACEMENT_3D('',#11041,#11042,#11043);
#11041 = CARTESIAN_POINT('',(-3.027078129022E-16,2.4125,0.9));
#11042 = DIRECTION('',(5.019797556113E-32,-5.609677548238E-27,-1.));
#11043 = DIRECTION('',(1.,1.112083013911E-16,5.019797556051E-32));
#11044 = ADVANCED_FACE('',(#11045),#11131,.F.);
#11045 = FACE_BOUND('',#11046,.F.);
#11046 = EDGE_LOOP('',(#11047,#11048,#11049,#11058,#11066,#11075,#11083,
    #11091,#11099,#11108,#11116,#11125));
#11047 = ORIENTED_EDGE('',*,*,#9020,.F.);
#11048 = ORIENTED_EDGE('',*,*,#9042,.T.);
#11049 = ORIENTED_EDGE('',*,*,#11050,.T.);
#11050 = EDGE_CURVE('',#9043,#11051,#11053,.T.);
#11051 = VERTEX_POINT('',#11052);
#11052 = CARTESIAN_POINT('',(2.148480775301,1.2,0.717364817767));
#11053 = CIRCLE('',#11054,0.1);
#11054 = AXIS2_PLACEMENT_3D('',#11055,#11056,#11057);
#11055 = CARTESIAN_POINT('',(2.05,1.2,0.7));
#11056 = DIRECTION('',(-1.110223024625E-16,1.,0.));
#11057 = DIRECTION('',(-4.440892098501E-15,-4.930380657631E-31,1.));
#11058 = ORIENTED_EDGE('',*,*,#11059,.T.);
#11059 = EDGE_CURVE('',#11051,#11060,#11062,.T.);
#11060 = VERTEX_POINT('',#11061);
#11061 = CARTESIAN_POINT('',(2.241201939752,1.2,0.165270364467));
#11062 = LINE('',#11063,#11064);
#11063 = CARTESIAN_POINT('',(2.148480775301,1.2,0.717364817767));
#11064 = VECTOR('',#11065,1.);
#11065 = DIRECTION('',(0.165624877661,1.838805526304E-17,-0.986188825682
    ));
#11066 = ORIENTED_EDGE('',*,*,#11067,.T.);
#11067 = EDGE_CURVE('',#11060,#11068,#11070,.T.);
#11068 = VERTEX_POINT('',#11069);
#11069 = CARTESIAN_POINT('',(2.438163490354,1.2,-1.387778780781E-16));
#11070 = CIRCLE('',#11071,0.2);
#11071 = AXIS2_PLACEMENT_3D('',#11072,#11073,#11074);
#11072 = CARTESIAN_POINT('',(2.438163490354,1.2,0.2));
#11073 = DIRECTION('',(1.110223024625E-16,-1.,0.));
#11074 = DIRECTION('',(-0.984807753012,-1.093356242223E-16,
    -0.173648177667));
#11075 = ORIENTED_EDGE('',*,*,#11076,.T.);
#11076 = EDGE_CURVE('',#11068,#11077,#11079,.T.);
#11077 = VERTEX_POINT('',#11078);
#11078 = CARTESIAN_POINT('',(3.,1.2,-1.387778780781E-16));
#11079 = LINE('',#11080,#11081);
#11080 = CARTESIAN_POINT('',(2.438163490354,1.2,-1.387778780781E-16));
#11081 = VECTOR('',#11082,1.);
#11082 = DIRECTION('',(1.,1.110223024625E-16,0.));
#11083 = ORIENTED_EDGE('',*,*,#11084,.T.);
#11084 = EDGE_CURVE('',#11077,#11085,#11087,.T.);
#11085 = VERTEX_POINT('',#11086);
#11086 = CARTESIAN_POINT('',(3.,1.2,0.1));
#11087 = LINE('',#11088,#11089);
#11088 = CARTESIAN_POINT('',(3.,1.2,-1.387778780781E-16));
#11089 = VECTOR('',#11090,1.);
#11090 = DIRECTION('',(0.,0.,1.));
#11091 = ORIENTED_EDGE('',*,*,#11092,.T.);
#11092 = EDGE_CURVE('',#11085,#11093,#11095,.T.);
#11093 = VERTEX_POINT('',#11094);
#11094 = CARTESIAN_POINT('',(2.438163490354,1.2,0.1));
#11095 = LINE('',#11096,#11097);
#11096 = CARTESIAN_POINT('',(3.,1.2,0.1));
#11097 = VECTOR('',#11098,1.);
#11098 = DIRECTION('',(-1.,-1.110223024625E-16,0.));
#11099 = ORIENTED_EDGE('',*,*,#11100,.T.);
#11100 = EDGE_CURVE('',#11093,#11101,#11103,.T.);
#11101 = VERTEX_POINT('',#11102);
#11102 = CARTESIAN_POINT('',(2.339682715053,1.2,0.182635182233));
#11103 = CIRCLE('',#11104,0.1);
#11104 = AXIS2_PLACEMENT_3D('',#11105,#11106,#11107);
#11105 = CARTESIAN_POINT('',(2.438163490354,1.2,0.2));
#11106 = DIRECTION('',(-1.110223024625E-16,1.,0.));
#11107 = DIRECTION('',(-8.881784197001E-15,-9.860761315261E-31,-1.));
#11108 = ORIENTED_EDGE('',*,*,#11109,.T.);
#11109 = EDGE_CURVE('',#11101,#11110,#11112,.T.);
#11110 = VERTEX_POINT('',#11111);
#11111 = CARTESIAN_POINT('',(2.246961550602,1.2,0.734729635533));
#11112 = LINE('',#11113,#11114);
#11113 = CARTESIAN_POINT('',(2.339682715053,1.2,0.182635182233));
#11114 = VECTOR('',#11115,1.);
#11115 = DIRECTION('',(-0.165624877661,-1.838805526304E-17,
    0.986188825682));
#11116 = ORIENTED_EDGE('',*,*,#11117,.T.);
#11117 = EDGE_CURVE('',#11110,#11118,#11120,.T.);
#11118 = VERTEX_POINT('',#11119);
#11119 = CARTESIAN_POINT('',(2.05,1.2,0.9));
#11120 = CIRCLE('',#11121,0.2);
#11121 = AXIS2_PLACEMENT_3D('',#11122,#11123,#11124);
#11122 = CARTESIAN_POINT('',(2.05,1.2,0.7));
#11123 = DIRECTION('',(1.110223024625E-16,-1.,0.));
#11124 = DIRECTION('',(0.984807753012,1.093356242223E-16,0.173648177667)
  );
#11125 = ORIENTED_EDGE('',*,*,#11126,.T.);
#11126 = EDGE_CURVE('',#11118,#9021,#11127,.T.);
#11127 = LINE('',#11128,#11129);
#11128 = CARTESIAN_POINT('',(2.05,1.2,0.9));
#11129 = VECTOR('',#11130,1.);
#11130 = DIRECTION('',(-1.,-1.110223024625E-16,0.));
#11131 = PLANE('',#11132);
#11132 = AXIS2_PLACEMENT_3D('',#11133,#11134,#11135);
#11133 = CARTESIAN_POINT('',(2.351510622064,1.2,0.383889921916));
#11134 = DIRECTION('',(1.110223024625E-16,-1.,0.));
#11135 = DIRECTION('',(0.,0.,1.));
#11136 = ADVANCED_FACE('',(#11137),#11156,.F.);
#11137 = FACE_BOUND('',#11138,.F.);
#11138 = EDGE_LOOP('',(#11139,#11140,#11149,#11155));
#11139 = ORIENTED_EDGE('',*,*,#9059,.T.);
#11140 = ORIENTED_EDGE('',*,*,#11141,.T.);
#11141 = EDGE_CURVE('',#9052,#11142,#11144,.T.);
#11142 = VERTEX_POINT('',#11143);
#11143 = CARTESIAN_POINT('',(2.148480775301,0.8,0.717364817767));
#11144 = CIRCLE('',#11145,0.1);
#11145 = AXIS2_PLACEMENT_3D('',#11146,#11147,#11148);
#11146 = CARTESIAN_POINT('',(2.05,0.8,0.7));
#11147 = DIRECTION('',(-1.110223024625E-16,1.,0.));
#11148 = DIRECTION('',(-4.440892098501E-15,-4.930380657631E-31,1.));
#11149 = ORIENTED_EDGE('',*,*,#11150,.F.);
#11150 = EDGE_CURVE('',#11051,#11142,#11151,.T.);
#11151 = LINE('',#11152,#11153);
#11152 = CARTESIAN_POINT('',(2.148480775301,1.2,0.717364817767));
#11153 = VECTOR('',#11154,1.);
#11154 = DIRECTION('',(1.110223024625E-16,-1.,0.));
#11155 = ORIENTED_EDGE('',*,*,#11050,.F.);
#11156 = CYLINDRICAL_SURFACE('',#11157,0.1);
#11157 = AXIS2_PLACEMENT_3D('',#11158,#11159,#11160);
#11158 = CARTESIAN_POINT('',(2.05,1.2,0.7));
#11159 = DIRECTION('',(-1.110223024625E-16,1.,0.));
#11160 = DIRECTION('',(-4.440892098501E-15,-4.930380657631E-31,1.));
#11161 = ADVANCED_FACE('',(#11162),#11240,.T.);
#11162 = FACE_BOUND('',#11163,.T.);
#11163 = EDGE_LOOP('',(#11164,#11165,#11166,#11167,#11175,#11184,#11192,
    #11200,#11208,#11217,#11225,#11234));
#11164 = ORIENTED_EDGE('',*,*,#9073,.F.);
#11165 = ORIENTED_EDGE('',*,*,#9051,.T.);
#11166 = ORIENTED_EDGE('',*,*,#11141,.T.);
#11167 = ORIENTED_EDGE('',*,*,#11168,.T.);
#11168 = EDGE_CURVE('',#11142,#11169,#11171,.T.);
#11169 = VERTEX_POINT('',#11170);
#11170 = CARTESIAN_POINT('',(2.241201939752,0.8,0.165270364467));
#11171 = LINE('',#11172,#11173);
#11172 = CARTESIAN_POINT('',(2.148480775301,0.8,0.717364817767));
#11173 = VECTOR('',#11174,1.);
#11174 = DIRECTION('',(0.165624877661,1.838805526304E-17,-0.986188825682
    ));
#11175 = ORIENTED_EDGE('',*,*,#11176,.T.);
#11176 = EDGE_CURVE('',#11169,#11177,#11179,.T.);
#11177 = VERTEX_POINT('',#11178);
#11178 = CARTESIAN_POINT('',(2.438163490354,0.8,-1.387778780781E-16));
#11179 = CIRCLE('',#11180,0.2);
#11180 = AXIS2_PLACEMENT_3D('',#11181,#11182,#11183);
#11181 = CARTESIAN_POINT('',(2.438163490354,0.8,0.2));
#11182 = DIRECTION('',(1.110223024625E-16,-1.,0.));
#11183 = DIRECTION('',(-0.984807753012,-1.093356242223E-16,
    -0.173648177667));
#11184 = ORIENTED_EDGE('',*,*,#11185,.T.);
#11185 = EDGE_CURVE('',#11177,#11186,#11188,.T.);
#11186 = VERTEX_POINT('',#11187);
#11187 = CARTESIAN_POINT('',(3.,0.8,-1.387778780781E-16));
#11188 = LINE('',#11189,#11190);
#11189 = CARTESIAN_POINT('',(2.438163490354,0.8,-1.387778780781E-16));
#11190 = VECTOR('',#11191,1.);
#11191 = DIRECTION('',(1.,1.110223024625E-16,0.));
#11192 = ORIENTED_EDGE('',*,*,#11193,.T.);
#11193 = EDGE_CURVE('',#11186,#11194,#11196,.T.);
#11194 = VERTEX_POINT('',#11195);
#11195 = CARTESIAN_POINT('',(3.,0.8,0.1));
#11196 = LINE('',#11197,#11198);
#11197 = CARTESIAN_POINT('',(3.,0.8,-1.387778780781E-16));
#11198 = VECTOR('',#11199,1.);
#11199 = DIRECTION('',(0.,0.,1.));
#11200 = ORIENTED_EDGE('',*,*,#11201,.T.);
#11201 = EDGE_CURVE('',#11194,#11202,#11204,.T.);
#11202 = VERTEX_POINT('',#11203);
#11203 = CARTESIAN_POINT('',(2.438163490354,0.8,0.1));
#11204 = LINE('',#11205,#11206);
#11205 = CARTESIAN_POINT('',(3.,0.8,0.1));
#11206 = VECTOR('',#11207,1.);
#11207 = DIRECTION('',(-1.,-1.110223024625E-16,0.));
#11208 = ORIENTED_EDGE('',*,*,#11209,.T.);
#11209 = EDGE_CURVE('',#11202,#11210,#11212,.T.);
#11210 = VERTEX_POINT('',#11211);
#11211 = CARTESIAN_POINT('',(2.339682715053,0.8,0.182635182233));
#11212 = CIRCLE('',#11213,0.1);
#11213 = AXIS2_PLACEMENT_3D('',#11214,#11215,#11216);
#11214 = CARTESIAN_POINT('',(2.438163490354,0.8,0.2));
#11215 = DIRECTION('',(-1.110223024625E-16,1.,0.));
#11216 = DIRECTION('',(-8.881784197001E-15,-9.860761315261E-31,-1.));
#11217 = ORIENTED_EDGE('',*,*,#11218,.T.);
#11218 = EDGE_CURVE('',#11210,#11219,#11221,.T.);
#11219 = VERTEX_POINT('',#11220);
#11220 = CARTESIAN_POINT('',(2.246961550602,0.8,0.734729635533));
#11221 = LINE('',#11222,#11223);
#11222 = CARTESIAN_POINT('',(2.339682715053,0.8,0.182635182233));
#11223 = VECTOR('',#11224,1.);
#11224 = DIRECTION('',(-0.165624877661,-1.838805526304E-17,
    0.986188825682));
#11225 = ORIENTED_EDGE('',*,*,#11226,.T.);
#11226 = EDGE_CURVE('',#11219,#11227,#11229,.T.);
#11227 = VERTEX_POINT('',#11228);
#11228 = CARTESIAN_POINT('',(2.05,0.8,0.9));
#11229 = CIRCLE('',#11230,0.2);
#11230 = AXIS2_PLACEMENT_3D('',#11231,#11232,#11233);
#11231 = CARTESIAN_POINT('',(2.05,0.8,0.7));
#11232 = DIRECTION('',(1.110223024625E-16,-1.,0.));
#11233 = DIRECTION('',(0.984807753012,1.093356242223E-16,0.173648177667)
  );
#11234 = ORIENTED_EDGE('',*,*,#11235,.T.);
#11235 = EDGE_CURVE('',#11227,#9074,#11236,.T.);
#11236 = LINE('',#11237,#11238);
#11237 = CARTESIAN_POINT('',(2.05,0.8,0.9));
#11238 = VECTOR('',#11239,1.);
#11239 = DIRECTION('',(-1.,-1.110223024625E-16,0.));
#11240 = PLANE('',#11241);
#11241 = AXIS2_PLACEMENT_3D('',#11242,#11243,#11244);
#11242 = CARTESIAN_POINT('',(2.351510622064,0.8,0.383889921916));
#11243 = DIRECTION('',(1.110223024625E-16,-1.,0.));
#11244 = DIRECTION('',(0.,0.,1.));
#11245 = ADVANCED_FACE('',(#11246),#11262,.F.);
#11246 = FACE_BOUND('',#11247,.F.);
#11247 = EDGE_LOOP('',(#11248,#11254,#11255,#11261));
#11248 = ORIENTED_EDGE('',*,*,#11249,.F.);
#11249 = EDGE_CURVE('',#9074,#9598,#11250,.T.);
#11250 = LINE('',#11251,#11252);
#11251 = CARTESIAN_POINT('',(2.05,0.8,0.9));
#11252 = VECTOR('',#11253,1.);
#11253 = DIRECTION('',(-1.,-1.110223024625E-16,0.));
#11254 = ORIENTED_EDGE('',*,*,#9090,.T.);
#11255 = ORIENTED_EDGE('',*,*,#11256,.T.);
#11256 = EDGE_CURVE('',#9083,#9606,#11257,.T.);
#11257 = LINE('',#11258,#11259);
#11258 = CARTESIAN_POINT('',(2.05,0.2,0.9));
#11259 = VECTOR('',#11260,1.);
#11260 = DIRECTION('',(-1.,-1.110223024625E-16,0.));
#11261 = ORIENTED_EDGE('',*,*,#9605,.F.);
#11262 = PLANE('',#11263);
#11263 = AXIS2_PLACEMENT_3D('',#11264,#11265,#11266);
#11264 = CARTESIAN_POINT('',(-3.027078129022E-16,2.4125,0.9));
#11265 = DIRECTION('',(5.019797556113E-32,-5.609677548238E-27,-1.));
#11266 = DIRECTION('',(1.,1.112083013911E-16,5.019797556051E-32));
#11267 = ADVANCED_FACE('',(#11268),#11354,.F.);
#11268 = FACE_BOUND('',#11269,.F.);
#11269 = EDGE_LOOP('',(#11270,#11271,#11272,#11281,#11289,#11298,#11306,
    #11314,#11322,#11331,#11339,#11348));
#11270 = ORIENTED_EDGE('',*,*,#9082,.F.);
#11271 = ORIENTED_EDGE('',*,*,#9104,.T.);
#11272 = ORIENTED_EDGE('',*,*,#11273,.T.);
#11273 = EDGE_CURVE('',#9105,#11274,#11276,.T.);
#11274 = VERTEX_POINT('',#11275);
#11275 = CARTESIAN_POINT('',(2.148480775301,0.2,0.717364817767));
#11276 = CIRCLE('',#11277,0.1);
#11277 = AXIS2_PLACEMENT_3D('',#11278,#11279,#11280);
#11278 = CARTESIAN_POINT('',(2.05,0.2,0.7));
#11279 = DIRECTION('',(-1.110223024625E-16,1.,0.));
#11280 = DIRECTION('',(-4.440892098501E-15,-4.930380657631E-31,1.));
#11281 = ORIENTED_EDGE('',*,*,#11282,.T.);
#11282 = EDGE_CURVE('',#11274,#11283,#11285,.T.);
#11283 = VERTEX_POINT('',#11284);
#11284 = CARTESIAN_POINT('',(2.241201939752,0.2,0.165270364467));
#11285 = LINE('',#11286,#11287);
#11286 = CARTESIAN_POINT('',(2.148480775301,0.2,0.717364817767));
#11287 = VECTOR('',#11288,1.);
#11288 = DIRECTION('',(0.165624877661,1.838805526304E-17,-0.986188825682
    ));
#11289 = ORIENTED_EDGE('',*,*,#11290,.T.);
#11290 = EDGE_CURVE('',#11283,#11291,#11293,.T.);
#11291 = VERTEX_POINT('',#11292);
#11292 = CARTESIAN_POINT('',(2.438163490354,0.2,-1.387778780781E-16));
#11293 = CIRCLE('',#11294,0.2);
#11294 = AXIS2_PLACEMENT_3D('',#11295,#11296,#11297);
#11295 = CARTESIAN_POINT('',(2.438163490354,0.2,0.2));
#11296 = DIRECTION('',(1.110223024625E-16,-1.,0.));
#11297 = DIRECTION('',(-0.984807753012,-1.093356242223E-16,
    -0.173648177667));
#11298 = ORIENTED_EDGE('',*,*,#11299,.T.);
#11299 = EDGE_CURVE('',#11291,#11300,#11302,.T.);
#11300 = VERTEX_POINT('',#11301);
#11301 = CARTESIAN_POINT('',(3.,0.2,-1.387778780781E-16));
#11302 = LINE('',#11303,#11304);
#11303 = CARTESIAN_POINT('',(2.438163490354,0.2,-1.387778780781E-16));
#11304 = VECTOR('',#11305,1.);
#11305 = DIRECTION('',(1.,1.110223024625E-16,0.));
#11306 = ORIENTED_EDGE('',*,*,#11307,.T.);
#11307 = EDGE_CURVE('',#11300,#11308,#11310,.T.);
#11308 = VERTEX_POINT('',#11309);
#11309 = CARTESIAN_POINT('',(3.,0.2,0.1));
#11310 = LINE('',#11311,#11312);
#11311 = CARTESIAN_POINT('',(3.,0.2,-1.387778780781E-16));
#11312 = VECTOR('',#11313,1.);
#11313 = DIRECTION('',(0.,0.,1.));
#11314 = ORIENTED_EDGE('',*,*,#11315,.T.);
#11315 = EDGE_CURVE('',#11308,#11316,#11318,.T.);
#11316 = VERTEX_POINT('',#11317);
#11317 = CARTESIAN_POINT('',(2.438163490354,0.2,0.1));
#11318 = LINE('',#11319,#11320);
#11319 = CARTESIAN_POINT('',(3.,0.2,0.1));
#11320 = VECTOR('',#11321,1.);
#11321 = DIRECTION('',(-1.,-1.110223024625E-16,0.));
#11322 = ORIENTED_EDGE('',*,*,#11323,.T.);
#11323 = EDGE_CURVE('',#11316,#11324,#11326,.T.);
#11324 = VERTEX_POINT('',#11325);
#11325 = CARTESIAN_POINT('',(2.339682715053,0.2,0.182635182233));
#11326 = CIRCLE('',#11327,0.1);
#11327 = AXIS2_PLACEMENT_3D('',#11328,#11329,#11330);
#11328 = CARTESIAN_POINT('',(2.438163490354,0.2,0.2));
#11329 = DIRECTION('',(-1.110223024625E-16,1.,0.));
#11330 = DIRECTION('',(-8.881784197001E-15,-9.860761315261E-31,-1.));
#11331 = ORIENTED_EDGE('',*,*,#11332,.T.);
#11332 = EDGE_CURVE('',#11324,#11333,#11335,.T.);
#11333 = VERTEX_POINT('',#11334);
#11334 = CARTESIAN_POINT('',(2.246961550602,0.2,0.734729635533));
#11335 = LINE('',#11336,#11337);
#11336 = CARTESIAN_POINT('',(2.339682715053,0.2,0.182635182233));
#11337 = VECTOR('',#11338,1.);
#11338 = DIRECTION('',(-0.165624877661,-1.838805526304E-17,
    0.986188825682));
#11339 = ORIENTED_EDGE('',*,*,#11340,.T.);
#11340 = EDGE_CURVE('',#11333,#11341,#11343,.T.);
#11341 = VERTEX_POINT('',#11342);
#11342 = CARTESIAN_POINT('',(2.05,0.2,0.9));
#11343 = CIRCLE('',#11344,0.2);
#11344 = AXIS2_PLACEMENT_3D('',#11345,#11346,#11347);
#11345 = CARTESIAN_POINT('',(2.05,0.2,0.7));
#11346 = DIRECTION('',(1.110223024625E-16,-1.,0.));
#11347 = DIRECTION('',(0.984807753012,1.093356242223E-16,0.173648177667)
  );
#11348 = ORIENTED_EDGE('',*,*,#11349,.T.);
#11349 = EDGE_CURVE('',#11341,#9083,#11350,.T.);
#11350 = LINE('',#11351,#11352);
#11351 = CARTESIAN_POINT('',(2.05,0.2,0.9));
#11352 = VECTOR('',#11353,1.);
#11353 = DIRECTION('',(-1.,-1.110223024625E-16,0.));
#11354 = PLANE('',#11355);
#11355 = AXIS2_PLACEMENT_3D('',#11356,#11357,#11358);
#11356 = CARTESIAN_POINT('',(2.351510622064,0.2,0.383889921916));
#11357 = DIRECTION('',(1.110223024625E-16,-1.,0.));
#11358 = DIRECTION('',(0.,0.,1.));
#11359 = ADVANCED_FACE('',(#11360),#11379,.F.);
#11360 = FACE_BOUND('',#11361,.F.);
#11361 = EDGE_LOOP('',(#11362,#11363,#11372,#11378));
#11362 = ORIENTED_EDGE('',*,*,#9121,.T.);
#11363 = ORIENTED_EDGE('',*,*,#11364,.T.);
#11364 = EDGE_CURVE('',#9114,#11365,#11367,.T.);
#11365 = VERTEX_POINT('',#11366);
#11366 = CARTESIAN_POINT('',(2.148480775301,-0.2,0.717364817767));
#11367 = CIRCLE('',#11368,0.1);
#11368 = AXIS2_PLACEMENT_3D('',#11369,#11370,#11371);
#11369 = CARTESIAN_POINT('',(2.05,-0.2,0.7));
#11370 = DIRECTION('',(-1.110223024625E-16,1.,0.));
#11371 = DIRECTION('',(-4.440892098501E-15,-4.930380657631E-31,1.));
#11372 = ORIENTED_EDGE('',*,*,#11373,.F.);
#11373 = EDGE_CURVE('',#11274,#11365,#11374,.T.);
#11374 = LINE('',#11375,#11376);
#11375 = CARTESIAN_POINT('',(2.148480775301,0.2,0.717364817767));
#11376 = VECTOR('',#11377,1.);
#11377 = DIRECTION('',(1.110223024625E-16,-1.,0.));
#11378 = ORIENTED_EDGE('',*,*,#11273,.F.);
#11379 = CYLINDRICAL_SURFACE('',#11380,0.1);
#11380 = AXIS2_PLACEMENT_3D('',#11381,#11382,#11383);
#11381 = CARTESIAN_POINT('',(2.05,0.2,0.7));
#11382 = DIRECTION('',(-1.110223024625E-16,1.,0.));
#11383 = DIRECTION('',(-4.440892098501E-15,-4.930380657631E-31,1.));
#11384 = ADVANCED_FACE('',(#11385),#11463,.T.);
#11385 = FACE_BOUND('',#11386,.T.);
#11386 = EDGE_LOOP('',(#11387,#11388,#11389,#11390,#11398,#11407,#11415,
    #11423,#11431,#11440,#11448,#11457));
#11387 = ORIENTED_EDGE('',*,*,#9135,.F.);
#11388 = ORIENTED_EDGE('',*,*,#9113,.T.);
#11389 = ORIENTED_EDGE('',*,*,#11364,.T.);
#11390 = ORIENTED_EDGE('',*,*,#11391,.T.);
#11391 = EDGE_CURVE('',#11365,#11392,#11394,.T.);
#11392 = VERTEX_POINT('',#11393);
#11393 = CARTESIAN_POINT('',(2.241201939752,-0.2,0.165270364467));
#11394 = LINE('',#11395,#11396);
#11395 = CARTESIAN_POINT('',(2.148480775301,-0.2,0.717364817767));
#11396 = VECTOR('',#11397,1.);
#11397 = DIRECTION('',(0.165624877661,1.838805526304E-17,-0.986188825682
    ));
#11398 = ORIENTED_EDGE('',*,*,#11399,.T.);
#11399 = EDGE_CURVE('',#11392,#11400,#11402,.T.);
#11400 = VERTEX_POINT('',#11401);
#11401 = CARTESIAN_POINT('',(2.438163490354,-0.2,-1.387778780781E-16));
#11402 = CIRCLE('',#11403,0.2);
#11403 = AXIS2_PLACEMENT_3D('',#11404,#11405,#11406);
#11404 = CARTESIAN_POINT('',(2.438163490354,-0.2,0.2));
#11405 = DIRECTION('',(1.110223024625E-16,-1.,0.));
#11406 = DIRECTION('',(-0.984807753012,-1.093356242223E-16,
    -0.173648177667));
#11407 = ORIENTED_EDGE('',*,*,#11408,.T.);
#11408 = EDGE_CURVE('',#11400,#11409,#11411,.T.);
#11409 = VERTEX_POINT('',#11410);
#11410 = CARTESIAN_POINT('',(3.,-0.2,-1.387778780781E-16));
#11411 = LINE('',#11412,#11413);
#11412 = CARTESIAN_POINT('',(2.438163490354,-0.2,-1.387778780781E-16));
#11413 = VECTOR('',#11414,1.);
#11414 = DIRECTION('',(1.,1.110223024625E-16,0.));
#11415 = ORIENTED_EDGE('',*,*,#11416,.T.);
#11416 = EDGE_CURVE('',#11409,#11417,#11419,.T.);
#11417 = VERTEX_POINT('',#11418);
#11418 = CARTESIAN_POINT('',(3.,-0.2,0.1));
#11419 = LINE('',#11420,#11421);
#11420 = CARTESIAN_POINT('',(3.,-0.2,-1.387778780781E-16));
#11421 = VECTOR('',#11422,1.);
#11422 = DIRECTION('',(0.,0.,1.));
#11423 = ORIENTED_EDGE('',*,*,#11424,.T.);
#11424 = EDGE_CURVE('',#11417,#11425,#11427,.T.);
#11425 = VERTEX_POINT('',#11426);
#11426 = CARTESIAN_POINT('',(2.438163490354,-0.2,0.1));
#11427 = LINE('',#11428,#11429);
#11428 = CARTESIAN_POINT('',(3.,-0.2,0.1));
#11429 = VECTOR('',#11430,1.);
#11430 = DIRECTION('',(-1.,-1.110223024625E-16,0.));
#11431 = ORIENTED_EDGE('',*,*,#11432,.T.);
#11432 = EDGE_CURVE('',#11425,#11433,#11435,.T.);
#11433 = VERTEX_POINT('',#11434);
#11434 = CARTESIAN_POINT('',(2.339682715053,-0.2,0.182635182233));
#11435 = CIRCLE('',#11436,0.1);
#11436 = AXIS2_PLACEMENT_3D('',#11437,#11438,#11439);
#11437 = CARTESIAN_POINT('',(2.438163490354,-0.2,0.2));
#11438 = DIRECTION('',(-1.110223024625E-16,1.,0.));
#11439 = DIRECTION('',(-8.881784197001E-15,-9.860761315261E-31,-1.));
#11440 = ORIENTED_EDGE('',*,*,#11441,.T.);
#11441 = EDGE_CURVE('',#11433,#11442,#11444,.T.);
#11442 = VERTEX_POINT('',#11443);
#11443 = CARTESIAN_POINT('',(2.246961550602,-0.2,0.734729635533));
#11444 = LINE('',#11445,#11446);
#11445 = CARTESIAN_POINT('',(2.339682715053,-0.2,0.182635182233));
#11446 = VECTOR('',#11447,1.);
#11447 = DIRECTION('',(-0.165624877661,-1.838805526304E-17,
    0.986188825682));
#11448 = ORIENTED_EDGE('',*,*,#11449,.T.);
#11449 = EDGE_CURVE('',#11442,#11450,#11452,.T.);
#11450 = VERTEX_POINT('',#11451);
#11451 = CARTESIAN_POINT('',(2.05,-0.2,0.9));
#11452 = CIRCLE('',#11453,0.2);
#11453 = AXIS2_PLACEMENT_3D('',#11454,#11455,#11456);
#11454 = CARTESIAN_POINT('',(2.05,-0.2,0.7));
#11455 = DIRECTION('',(1.110223024625E-16,-1.,0.));
#11456 = DIRECTION('',(0.984807753012,1.093356242223E-16,0.173648177667)
  );
#11457 = ORIENTED_EDGE('',*,*,#11458,.T.);
#11458 = EDGE_CURVE('',#11450,#9136,#11459,.T.);
#11459 = LINE('',#11460,#11461);
#11460 = CARTESIAN_POINT('',(2.05,-0.2,0.9));
#11461 = VECTOR('',#11462,1.);
#11462 = DIRECTION('',(-1.,-1.110223024625E-16,0.));
#11463 = PLANE('',#11464);
#11464 = AXIS2_PLACEMENT_3D('',#11465,#11466,#11467);
#11465 = CARTESIAN_POINT('',(2.351510622064,-0.2,0.383889921916));
#11466 = DIRECTION('',(1.110223024625E-16,-1.,0.));
#11467 = DIRECTION('',(0.,0.,1.));
#11468 = ADVANCED_FACE('',(#11469),#11485,.F.);
#11469 = FACE_BOUND('',#11470,.F.);
#11470 = EDGE_LOOP('',(#11471,#11477,#11478,#11484));
#11471 = ORIENTED_EDGE('',*,*,#11472,.F.);
#11472 = EDGE_CURVE('',#9136,#9614,#11473,.T.);
#11473 = LINE('',#11474,#11475);
#11474 = CARTESIAN_POINT('',(2.05,-0.2,0.9));
#11475 = VECTOR('',#11476,1.);
#11476 = DIRECTION('',(-1.,-1.110223024625E-16,0.));
#11477 = ORIENTED_EDGE('',*,*,#9152,.T.);
#11478 = ORIENTED_EDGE('',*,*,#11479,.T.);
#11479 = EDGE_CURVE('',#9145,#9622,#11480,.T.);
#11480 = LINE('',#11481,#11482);
#11481 = CARTESIAN_POINT('',(2.05,-0.8,0.9));
#11482 = VECTOR('',#11483,1.);
#11483 = DIRECTION('',(-1.,-1.110223024625E-16,0.));
#11484 = ORIENTED_EDGE('',*,*,#9621,.F.);
#11485 = PLANE('',#11486);
#11486 = AXIS2_PLACEMENT_3D('',#11487,#11488,#11489);
#11487 = CARTESIAN_POINT('',(-3.027078129022E-16,2.4125,0.9));
#11488 = DIRECTION('',(5.019797556113E-32,-5.609677548238E-27,-1.));
#11489 = DIRECTION('',(1.,1.112083013911E-16,5.019797556051E-32));
#11490 = ADVANCED_FACE('',(#11491),#11577,.F.);
#11491 = FACE_BOUND('',#11492,.F.);
#11492 = EDGE_LOOP('',(#11493,#11494,#11495,#11504,#11512,#11521,#11529,
    #11537,#11545,#11554,#11562,#11571));
#11493 = ORIENTED_EDGE('',*,*,#9144,.F.);
#11494 = ORIENTED_EDGE('',*,*,#9166,.T.);
#11495 = ORIENTED_EDGE('',*,*,#11496,.T.);
#11496 = EDGE_CURVE('',#9167,#11497,#11499,.T.);
#11497 = VERTEX_POINT('',#11498);
#11498 = CARTESIAN_POINT('',(2.148480775301,-0.8,0.717364817767));
#11499 = CIRCLE('',#11500,0.1);
#11500 = AXIS2_PLACEMENT_3D('',#11501,#11502,#11503);
#11501 = CARTESIAN_POINT('',(2.05,-0.8,0.7));
#11502 = DIRECTION('',(-1.110223024625E-16,1.,0.));
#11503 = DIRECTION('',(-4.440892098501E-15,-4.930380657631E-31,1.));
#11504 = ORIENTED_EDGE('',*,*,#11505,.T.);
#11505 = EDGE_CURVE('',#11497,#11506,#11508,.T.);
#11506 = VERTEX_POINT('',#11507);
#11507 = CARTESIAN_POINT('',(2.241201939752,-0.8,0.165270364467));
#11508 = LINE('',#11509,#11510);
#11509 = CARTESIAN_POINT('',(2.148480775301,-0.8,0.717364817767));
#11510 = VECTOR('',#11511,1.);
#11511 = DIRECTION('',(0.165624877661,1.838805526304E-17,-0.986188825682
    ));
#11512 = ORIENTED_EDGE('',*,*,#11513,.T.);
#11513 = EDGE_CURVE('',#11506,#11514,#11516,.T.);
#11514 = VERTEX_POINT('',#11515);
#11515 = CARTESIAN_POINT('',(2.438163490354,-0.8,-1.387778780781E-16));
#11516 = CIRCLE('',#11517,0.2);
#11517 = AXIS2_PLACEMENT_3D('',#11518,#11519,#11520);
#11518 = CARTESIAN_POINT('',(2.438163490354,-0.8,0.2));
#11519 = DIRECTION('',(1.110223024625E-16,-1.,0.));
#11520 = DIRECTION('',(-0.984807753012,-1.093356242223E-16,
    -0.173648177667));
#11521 = ORIENTED_EDGE('',*,*,#11522,.T.);
#11522 = EDGE_CURVE('',#11514,#11523,#11525,.T.);
#11523 = VERTEX_POINT('',#11524);
#11524 = CARTESIAN_POINT('',(3.,-0.8,-1.387778780781E-16));
#11525 = LINE('',#11526,#11527);
#11526 = CARTESIAN_POINT('',(2.438163490354,-0.8,-1.387778780781E-16));
#11527 = VECTOR('',#11528,1.);
#11528 = DIRECTION('',(1.,1.110223024625E-16,0.));
#11529 = ORIENTED_EDGE('',*,*,#11530,.T.);
#11530 = EDGE_CURVE('',#11523,#11531,#11533,.T.);
#11531 = VERTEX_POINT('',#11532);
#11532 = CARTESIAN_POINT('',(3.,-0.8,0.1));
#11533 = LINE('',#11534,#11535);
#11534 = CARTESIAN_POINT('',(3.,-0.8,-1.387778780781E-16));
#11535 = VECTOR('',#11536,1.);
#11536 = DIRECTION('',(0.,0.,1.));
#11537 = ORIENTED_EDGE('',*,*,#11538,.T.);
#11538 = EDGE_CURVE('',#11531,#11539,#11541,.T.);
#11539 = VERTEX_POINT('',#11540);
#11540 = CARTESIAN_POINT('',(2.438163490354,-0.8,0.1));
#11541 = LINE('',#11542,#11543);
#11542 = CARTESIAN_POINT('',(3.,-0.8,0.1));
#11543 = VECTOR('',#11544,1.);
#11544 = DIRECTION('',(-1.,-1.110223024625E-16,0.));
#11545 = ORIENTED_EDGE('',*,*,#11546,.T.);
#11546 = EDGE_CURVE('',#11539,#11547,#11549,.T.);
#11547 = VERTEX_POINT('',#11548);
#11548 = CARTESIAN_POINT('',(2.339682715053,-0.8,0.182635182233));
#11549 = CIRCLE('',#11550,0.1);
#11550 = AXIS2_PLACEMENT_3D('',#11551,#11552,#11553);
#11551 = CARTESIAN_POINT('',(2.438163490354,-0.8,0.2));
#11552 = DIRECTION('',(-1.110223024625E-16,1.,0.));
#11553 = DIRECTION('',(-8.881784197001E-15,-9.860761315261E-31,-1.));
#11554 = ORIENTED_EDGE('',*,*,#11555,.T.);
#11555 = EDGE_CURVE('',#11547,#11556,#11558,.T.);
#11556 = VERTEX_POINT('',#11557);
#11557 = CARTESIAN_POINT('',(2.246961550602,-0.8,0.734729635533));
#11558 = LINE('',#11559,#11560);
#11559 = CARTESIAN_POINT('',(2.339682715053,-0.8,0.182635182233));
#11560 = VECTOR('',#11561,1.);
#11561 = DIRECTION('',(-0.165624877661,-1.838805526304E-17,
    0.986188825682));
#11562 = ORIENTED_EDGE('',*,*,#11563,.T.);
#11563 = EDGE_CURVE('',#11556,#11564,#11566,.T.);
#11564 = VERTEX_POINT('',#11565);
#11565 = CARTESIAN_POINT('',(2.05,-0.8,0.9));
#11566 = CIRCLE('',#11567,0.2);
#11567 = AXIS2_PLACEMENT_3D('',#11568,#11569,#11570);
#11568 = CARTESIAN_POINT('',(2.05,-0.8,0.7));
#11569 = DIRECTION('',(1.110223024625E-16,-1.,0.));
#11570 = DIRECTION('',(0.984807753012,1.093356242223E-16,0.173648177667)
  );
#11571 = ORIENTED_EDGE('',*,*,#11572,.T.);
#11572 = EDGE_CURVE('',#11564,#9145,#11573,.T.);
#11573 = LINE('',#11574,#11575);
#11574 = CARTESIAN_POINT('',(2.05,-0.8,0.9));
#11575 = VECTOR('',#11576,1.);
#11576 = DIRECTION('',(-1.,-1.110223024625E-16,0.));
#11577 = PLANE('',#11578);
#11578 = AXIS2_PLACEMENT_3D('',#11579,#11580,#11581);
#11579 = CARTESIAN_POINT('',(2.351510622064,-0.8,0.383889921916));
#11580 = DIRECTION('',(1.110223024625E-16,-1.,0.));
#11581 = DIRECTION('',(0.,0.,1.));
#11582 = ADVANCED_FACE('',(#11583),#11602,.F.);
#11583 = FACE_BOUND('',#11584,.F.);
#11584 = EDGE_LOOP('',(#11585,#11586,#11595,#11601));
#11585 = ORIENTED_EDGE('',*,*,#9183,.T.);
#11586 = ORIENTED_EDGE('',*,*,#11587,.T.);
#11587 = EDGE_CURVE('',#9176,#11588,#11590,.T.);
#11588 = VERTEX_POINT('',#11589);
#11589 = CARTESIAN_POINT('',(2.148480775301,-1.2,0.717364817767));
#11590 = CIRCLE('',#11591,0.1);
#11591 = AXIS2_PLACEMENT_3D('',#11592,#11593,#11594);
#11592 = CARTESIAN_POINT('',(2.05,-1.2,0.7));
#11593 = DIRECTION('',(-1.110223024625E-16,1.,0.));
#11594 = DIRECTION('',(-4.440892098501E-15,-4.930380657631E-31,1.));
#11595 = ORIENTED_EDGE('',*,*,#11596,.F.);
#11596 = EDGE_CURVE('',#11497,#11588,#11597,.T.);
#11597 = LINE('',#11598,#11599);
#11598 = CARTESIAN_POINT('',(2.148480775301,-0.8,0.717364817767));
#11599 = VECTOR('',#11600,1.);
#11600 = DIRECTION('',(1.110223024625E-16,-1.,0.));
#11601 = ORIENTED_EDGE('',*,*,#11496,.F.);
#11602 = CYLINDRICAL_SURFACE('',#11603,0.1);
#11603 = AXIS2_PLACEMENT_3D('',#11604,#11605,#11606);
#11604 = CARTESIAN_POINT('',(2.05,-0.8,0.7));
#11605 = DIRECTION('',(-1.110223024625E-16,1.,0.));
#11606 = DIRECTION('',(-4.440892098501E-15,-4.930380657631E-31,1.));
#11607 = ADVANCED_FACE('',(#11608),#11686,.T.);
#11608 = FACE_BOUND('',#11609,.T.);
#11609 = EDGE_LOOP('',(#11610,#11611,#11612,#11613,#11621,#11630,#11638,
    #11646,#11654,#11663,#11671,#11680));
#11610 = ORIENTED_EDGE('',*,*,#9197,.F.);
#11611 = ORIENTED_EDGE('',*,*,#9175,.T.);
#11612 = ORIENTED_EDGE('',*,*,#11587,.T.);
#11613 = ORIENTED_EDGE('',*,*,#11614,.T.);
#11614 = EDGE_CURVE('',#11588,#11615,#11617,.T.);
#11615 = VERTEX_POINT('',#11616);
#11616 = CARTESIAN_POINT('',(2.241201939752,-1.2,0.165270364467));
#11617 = LINE('',#11618,#11619);
#11618 = CARTESIAN_POINT('',(2.148480775301,-1.2,0.717364817767));
#11619 = VECTOR('',#11620,1.);
#11620 = DIRECTION('',(0.165624877661,1.838805526304E-17,-0.986188825682
    ));
#11621 = ORIENTED_EDGE('',*,*,#11622,.T.);
#11622 = EDGE_CURVE('',#11615,#11623,#11625,.T.);
#11623 = VERTEX_POINT('',#11624);
#11624 = CARTESIAN_POINT('',(2.438163490354,-1.2,-1.387778780781E-16));
#11625 = CIRCLE('',#11626,0.2);
#11626 = AXIS2_PLACEMENT_3D('',#11627,#11628,#11629);
#11627 = CARTESIAN_POINT('',(2.438163490354,-1.2,0.2));
#11628 = DIRECTION('',(1.110223024625E-16,-1.,0.));
#11629 = DIRECTION('',(-0.984807753012,-1.093356242223E-16,
    -0.173648177667));
#11630 = ORIENTED_EDGE('',*,*,#11631,.T.);
#11631 = EDGE_CURVE('',#11623,#11632,#11634,.T.);
#11632 = VERTEX_POINT('',#11633);
#11633 = CARTESIAN_POINT('',(3.,-1.2,-1.387778780781E-16));
#11634 = LINE('',#11635,#11636);
#11635 = CARTESIAN_POINT('',(2.438163490354,-1.2,-1.387778780781E-16));
#11636 = VECTOR('',#11637,1.);
#11637 = DIRECTION('',(1.,1.110223024625E-16,0.));
#11638 = ORIENTED_EDGE('',*,*,#11639,.T.);
#11639 = EDGE_CURVE('',#11632,#11640,#11642,.T.);
#11640 = VERTEX_POINT('',#11641);
#11641 = CARTESIAN_POINT('',(3.,-1.2,0.1));
#11642 = LINE('',#11643,#11644);
#11643 = CARTESIAN_POINT('',(3.,-1.2,-1.387778780781E-16));
#11644 = VECTOR('',#11645,1.);
#11645 = DIRECTION('',(0.,0.,1.));
#11646 = ORIENTED_EDGE('',*,*,#11647,.T.);
#11647 = EDGE_CURVE('',#11640,#11648,#11650,.T.);
#11648 = VERTEX_POINT('',#11649);
#11649 = CARTESIAN_POINT('',(2.438163490354,-1.2,0.1));
#11650 = LINE('',#11651,#11652);
#11651 = CARTESIAN_POINT('',(3.,-1.2,0.1));
#11652 = VECTOR('',#11653,1.);
#11653 = DIRECTION('',(-1.,-1.110223024625E-16,0.));
#11654 = ORIENTED_EDGE('',*,*,#11655,.T.);
#11655 = EDGE_CURVE('',#11648,#11656,#11658,.T.);
#11656 = VERTEX_POINT('',#11657);
#11657 = CARTESIAN_POINT('',(2.339682715053,-1.2,0.182635182233));
#11658 = CIRCLE('',#11659,0.1);
#11659 = AXIS2_PLACEMENT_3D('',#11660,#11661,#11662);
#11660 = CARTESIAN_POINT('',(2.438163490354,-1.2,0.2));
#11661 = DIRECTION('',(-1.110223024625E-16,1.,0.));
#11662 = DIRECTION('',(-8.881784197001E-15,-9.860761315261E-31,-1.));
#11663 = ORIENTED_EDGE('',*,*,#11664,.T.);
#11664 = EDGE_CURVE('',#11656,#11665,#11667,.T.);
#11665 = VERTEX_POINT('',#11666);
#11666 = CARTESIAN_POINT('',(2.246961550602,-1.2,0.734729635533));
#11667 = LINE('',#11668,#11669);
#11668 = CARTESIAN_POINT('',(2.339682715053,-1.2,0.182635182233));
#11669 = VECTOR('',#11670,1.);
#11670 = DIRECTION('',(-0.165624877661,-1.838805526304E-17,
    0.986188825682));
#11671 = ORIENTED_EDGE('',*,*,#11672,.T.);
#11672 = EDGE_CURVE('',#11665,#11673,#11675,.T.);
#11673 = VERTEX_POINT('',#11674);
#11674 = CARTESIAN_POINT('',(2.05,-1.2,0.9));
#11675 = CIRCLE('',#11676,0.2);
#11676 = AXIS2_PLACEMENT_3D('',#11677,#11678,#11679);
#11677 = CARTESIAN_POINT('',(2.05,-1.2,0.7));
#11678 = DIRECTION('',(1.110223024625E-16,-1.,0.));
#11679 = DIRECTION('',(0.984807753012,1.093356242223E-16,0.173648177667)
  );
#11680 = ORIENTED_EDGE('',*,*,#11681,.T.);
#11681 = EDGE_CURVE('',#11673,#9198,#11682,.T.);
#11682 = LINE('',#11683,#11684);
#11683 = CARTESIAN_POINT('',(2.05,-1.2,0.9));
#11684 = VECTOR('',#11685,1.);
#11685 = DIRECTION('',(-1.,-1.110223024625E-16,0.));
#11686 = PLANE('',#11687);
#11687 = AXIS2_PLACEMENT_3D('',#11688,#11689,#11690);
#11688 = CARTESIAN_POINT('',(2.351510622064,-1.2,0.383889921916));
#11689 = DIRECTION('',(1.110223024625E-16,-1.,0.));
#11690 = DIRECTION('',(0.,0.,1.));
#11691 = ADVANCED_FACE('',(#11692),#11708,.F.);
#11692 = FACE_BOUND('',#11693,.F.);
#11693 = EDGE_LOOP('',(#11694,#11700,#11701,#11707));
#11694 = ORIENTED_EDGE('',*,*,#11695,.F.);
#11695 = EDGE_CURVE('',#9198,#9630,#11696,.T.);
#11696 = LINE('',#11697,#11698);
#11697 = CARTESIAN_POINT('',(2.05,-1.2,0.9));
#11698 = VECTOR('',#11699,1.);
#11699 = DIRECTION('',(-1.,-1.110223024625E-16,0.));
#11700 = ORIENTED_EDGE('',*,*,#9214,.T.);
#11701 = ORIENTED_EDGE('',*,*,#11702,.T.);
#11702 = EDGE_CURVE('',#9207,#9638,#11703,.T.);
#11703 = LINE('',#11704,#11705);
#11704 = CARTESIAN_POINT('',(2.05,-1.8,0.9));
#11705 = VECTOR('',#11706,1.);
#11706 = DIRECTION('',(-1.,-1.110223024625E-16,0.));
#11707 = ORIENTED_EDGE('',*,*,#9637,.F.);
#11708 = PLANE('',#11709);
#11709 = AXIS2_PLACEMENT_3D('',#11710,#11711,#11712);
#11710 = CARTESIAN_POINT('',(-3.027078129022E-16,2.4125,0.9));
#11711 = DIRECTION('',(5.019797556113E-32,-5.609677548238E-27,-1.));
#11712 = DIRECTION('',(1.,1.112083013911E-16,5.019797556051E-32));
#11713 = ADVANCED_FACE('',(#11714),#11800,.F.);
#11714 = FACE_BOUND('',#11715,.F.);
#11715 = EDGE_LOOP('',(#11716,#11717,#11718,#11727,#11735,#11744,#11752,
    #11760,#11768,#11777,#11785,#11794));
#11716 = ORIENTED_EDGE('',*,*,#9206,.F.);
#11717 = ORIENTED_EDGE('',*,*,#9228,.T.);
#11718 = ORIENTED_EDGE('',*,*,#11719,.T.);
#11719 = EDGE_CURVE('',#9229,#11720,#11722,.T.);
#11720 = VERTEX_POINT('',#11721);
#11721 = CARTESIAN_POINT('',(2.148480775301,-1.8,0.717364817767));
#11722 = CIRCLE('',#11723,0.1);
#11723 = AXIS2_PLACEMENT_3D('',#11724,#11725,#11726);
#11724 = CARTESIAN_POINT('',(2.05,-1.8,0.7));
#11725 = DIRECTION('',(-1.110223024625E-16,1.,0.));
#11726 = DIRECTION('',(-4.440892098501E-15,-4.930380657631E-31,1.));
#11727 = ORIENTED_EDGE('',*,*,#11728,.T.);
#11728 = EDGE_CURVE('',#11720,#11729,#11731,.T.);
#11729 = VERTEX_POINT('',#11730);
#11730 = CARTESIAN_POINT('',(2.241201939752,-1.8,0.165270364467));
#11731 = LINE('',#11732,#11733);
#11732 = CARTESIAN_POINT('',(2.148480775301,-1.8,0.717364817767));
#11733 = VECTOR('',#11734,1.);
#11734 = DIRECTION('',(0.165624877661,1.838805526304E-17,-0.986188825682
    ));
#11735 = ORIENTED_EDGE('',*,*,#11736,.T.);
#11736 = EDGE_CURVE('',#11729,#11737,#11739,.T.);
#11737 = VERTEX_POINT('',#11738);
#11738 = CARTESIAN_POINT('',(2.438163490354,-1.8,-1.387778780781E-16));
#11739 = CIRCLE('',#11740,0.2);
#11740 = AXIS2_PLACEMENT_3D('',#11741,#11742,#11743);
#11741 = CARTESIAN_POINT('',(2.438163490354,-1.8,0.2));
#11742 = DIRECTION('',(1.110223024625E-16,-1.,0.));
#11743 = DIRECTION('',(-0.984807753012,-1.093356242223E-16,
    -0.173648177667));
#11744 = ORIENTED_EDGE('',*,*,#11745,.T.);
#11745 = EDGE_CURVE('',#11737,#11746,#11748,.T.);
#11746 = VERTEX_POINT('',#11747);
#11747 = CARTESIAN_POINT('',(3.,-1.8,-1.387778780781E-16));
#11748 = LINE('',#11749,#11750);
#11749 = CARTESIAN_POINT('',(2.438163490354,-1.8,-1.387778780781E-16));
#11750 = VECTOR('',#11751,1.);
#11751 = DIRECTION('',(1.,1.110223024625E-16,0.));
#11752 = ORIENTED_EDGE('',*,*,#11753,.T.);
#11753 = EDGE_CURVE('',#11746,#11754,#11756,.T.);
#11754 = VERTEX_POINT('',#11755);
#11755 = CARTESIAN_POINT('',(3.,-1.8,0.1));
#11756 = LINE('',#11757,#11758);
#11757 = CARTESIAN_POINT('',(3.,-1.8,-1.387778780781E-16));
#11758 = VECTOR('',#11759,1.);
#11759 = DIRECTION('',(0.,0.,1.));
#11760 = ORIENTED_EDGE('',*,*,#11761,.T.);
#11761 = EDGE_CURVE('',#11754,#11762,#11764,.T.);
#11762 = VERTEX_POINT('',#11763);
#11763 = CARTESIAN_POINT('',(2.438163490354,-1.8,0.1));
#11764 = LINE('',#11765,#11766);
#11765 = CARTESIAN_POINT('',(3.,-1.8,0.1));
#11766 = VECTOR('',#11767,1.);
#11767 = DIRECTION('',(-1.,-1.110223024625E-16,0.));
#11768 = ORIENTED_EDGE('',*,*,#11769,.T.);
#11769 = EDGE_CURVE('',#11762,#11770,#11772,.T.);
#11770 = VERTEX_POINT('',#11771);
#11771 = CARTESIAN_POINT('',(2.339682715053,-1.8,0.182635182233));
#11772 = CIRCLE('',#11773,0.1);
#11773 = AXIS2_PLACEMENT_3D('',#11774,#11775,#11776);
#11774 = CARTESIAN_POINT('',(2.438163490354,-1.8,0.2));
#11775 = DIRECTION('',(-1.110223024625E-16,1.,0.));
#11776 = DIRECTION('',(-8.881784197001E-15,-9.860761315261E-31,-1.));
#11777 = ORIENTED_EDGE('',*,*,#11778,.T.);
#11778 = EDGE_CURVE('',#11770,#11779,#11781,.T.);
#11779 = VERTEX_POINT('',#11780);
#11780 = CARTESIAN_POINT('',(2.246961550602,-1.8,0.734729635533));
#11781 = LINE('',#11782,#11783);
#11782 = CARTESIAN_POINT('',(2.339682715053,-1.8,0.182635182233));
#11783 = VECTOR('',#11784,1.);
#11784 = DIRECTION('',(-0.165624877661,-1.838805526304E-17,
    0.986188825682));
#11785 = ORIENTED_EDGE('',*,*,#11786,.T.);
#11786 = EDGE_CURVE('',#11779,#11787,#11789,.T.);
#11787 = VERTEX_POINT('',#11788);
#11788 = CARTESIAN_POINT('',(2.05,-1.8,0.9));
#11789 = CIRCLE('',#11790,0.2);
#11790 = AXIS2_PLACEMENT_3D('',#11791,#11792,#11793);
#11791 = CARTESIAN_POINT('',(2.05,-1.8,0.7));
#11792 = DIRECTION('',(1.110223024625E-16,-1.,0.));
#11793 = DIRECTION('',(0.984807753012,1.093356242223E-16,0.173648177667)
  );
#11794 = ORIENTED_EDGE('',*,*,#11795,.T.);
#11795 = EDGE_CURVE('',#11787,#9207,#11796,.T.);
#11796 = LINE('',#11797,#11798);
#11797 = CARTESIAN_POINT('',(2.05,-1.8,0.9));
#11798 = VECTOR('',#11799,1.);
#11799 = DIRECTION('',(-1.,-1.110223024625E-16,0.));
#11800 = PLANE('',#11801);
#11801 = AXIS2_PLACEMENT_3D('',#11802,#11803,#11804);
#11802 = CARTESIAN_POINT('',(2.351510622064,-1.8,0.383889921916));
#11803 = DIRECTION('',(1.110223024625E-16,-1.,0.));
#11804 = DIRECTION('',(0.,0.,1.));
#11805 = ADVANCED_FACE('',(#11806),#11825,.F.);
#11806 = FACE_BOUND('',#11807,.F.);
#11807 = EDGE_LOOP('',(#11808,#11809,#11818,#11824));
#11808 = ORIENTED_EDGE('',*,*,#9245,.T.);
#11809 = ORIENTED_EDGE('',*,*,#11810,.T.);
#11810 = EDGE_CURVE('',#9238,#11811,#11813,.T.);
#11811 = VERTEX_POINT('',#11812);
#11812 = CARTESIAN_POINT('',(2.148480775301,-2.2,0.717364817767));
#11813 = CIRCLE('',#11814,0.1);
#11814 = AXIS2_PLACEMENT_3D('',#11815,#11816,#11817);
#11815 = CARTESIAN_POINT('',(2.05,-2.2,0.7));
#11816 = DIRECTION('',(-1.110223024625E-16,1.,0.));
#11817 = DIRECTION('',(-4.440892098501E-15,-4.930380657631E-31,1.));
#11818 = ORIENTED_EDGE('',*,*,#11819,.F.);
#11819 = EDGE_CURVE('',#11720,#11811,#11820,.T.);
#11820 = LINE('',#11821,#11822);
#11821 = CARTESIAN_POINT('',(2.148480775301,-1.8,0.717364817767));
#11822 = VECTOR('',#11823,1.);
#11823 = DIRECTION('',(1.110223024625E-16,-1.,0.));
#11824 = ORIENTED_EDGE('',*,*,#11719,.F.);
#11825 = CYLINDRICAL_SURFACE('',#11826,0.1);
#11826 = AXIS2_PLACEMENT_3D('',#11827,#11828,#11829);
#11827 = CARTESIAN_POINT('',(2.05,-1.8,0.7));
#11828 = DIRECTION('',(-1.110223024625E-16,1.,0.));
#11829 = DIRECTION('',(-4.440892098501E-15,-4.930380657631E-31,1.));
#11830 = ADVANCED_FACE('',(#11831),#11909,.T.);
#11831 = FACE_BOUND('',#11832,.T.);
#11832 = EDGE_LOOP('',(#11833,#11834,#11835,#11836,#11844,#11853,#11861,
    #11869,#11877,#11886,#11894,#11903));
#11833 = ORIENTED_EDGE('',*,*,#9259,.F.);
#11834 = ORIENTED_EDGE('',*,*,#9237,.T.);
#11835 = ORIENTED_EDGE('',*,*,#11810,.T.);
#11836 = ORIENTED_EDGE('',*,*,#11837,.T.);
#11837 = EDGE_CURVE('',#11811,#11838,#11840,.T.);
#11838 = VERTEX_POINT('',#11839);
#11839 = CARTESIAN_POINT('',(2.241201939752,-2.2,0.165270364467));
#11840 = LINE('',#11841,#11842);
#11841 = CARTESIAN_POINT('',(2.148480775301,-2.2,0.717364817767));
#11842 = VECTOR('',#11843,1.);
#11843 = DIRECTION('',(0.165624877661,1.838805526304E-17,-0.986188825682
    ));
#11844 = ORIENTED_EDGE('',*,*,#11845,.T.);
#11845 = EDGE_CURVE('',#11838,#11846,#11848,.T.);
#11846 = VERTEX_POINT('',#11847);
#11847 = CARTESIAN_POINT('',(2.438163490354,-2.2,-1.387778780781E-16));
#11848 = CIRCLE('',#11849,0.2);
#11849 = AXIS2_PLACEMENT_3D('',#11850,#11851,#11852);
#11850 = CARTESIAN_POINT('',(2.438163490354,-2.2,0.2));
#11851 = DIRECTION('',(1.110223024625E-16,-1.,0.));
#11852 = DIRECTION('',(-0.984807753012,-1.093356242223E-16,
    -0.173648177667));
#11853 = ORIENTED_EDGE('',*,*,#11854,.T.);
#11854 = EDGE_CURVE('',#11846,#11855,#11857,.T.);
#11855 = VERTEX_POINT('',#11856);
#11856 = CARTESIAN_POINT('',(3.,-2.2,-1.387778780781E-16));
#11857 = LINE('',#11858,#11859);
#11858 = CARTESIAN_POINT('',(2.438163490354,-2.2,-1.387778780781E-16));
#11859 = VECTOR('',#11860,1.);
#11860 = DIRECTION('',(1.,1.110223024625E-16,0.));
#11861 = ORIENTED_EDGE('',*,*,#11862,.T.);
#11862 = EDGE_CURVE('',#11855,#11863,#11865,.T.);
#11863 = VERTEX_POINT('',#11864);
#11864 = CARTESIAN_POINT('',(3.,-2.2,0.1));
#11865 = LINE('',#11866,#11867);
#11866 = CARTESIAN_POINT('',(3.,-2.2,-1.387778780781E-16));
#11867 = VECTOR('',#11868,1.);
#11868 = DIRECTION('',(0.,0.,1.));
#11869 = ORIENTED_EDGE('',*,*,#11870,.T.);
#11870 = EDGE_CURVE('',#11863,#11871,#11873,.T.);
#11871 = VERTEX_POINT('',#11872);
#11872 = CARTESIAN_POINT('',(2.438163490354,-2.2,0.1));
#11873 = LINE('',#11874,#11875);
#11874 = CARTESIAN_POINT('',(3.,-2.2,0.1));
#11875 = VECTOR('',#11876,1.);
#11876 = DIRECTION('',(-1.,-1.110223024625E-16,0.));
#11877 = ORIENTED_EDGE('',*,*,#11878,.T.);
#11878 = EDGE_CURVE('',#11871,#11879,#11881,.T.);
#11879 = VERTEX_POINT('',#11880);
#11880 = CARTESIAN_POINT('',(2.339682715053,-2.2,0.182635182233));
#11881 = CIRCLE('',#11882,0.1);
#11882 = AXIS2_PLACEMENT_3D('',#11883,#11884,#11885);
#11883 = CARTESIAN_POINT('',(2.438163490354,-2.2,0.2));
#11884 = DIRECTION('',(-1.110223024625E-16,1.,0.));
#11885 = DIRECTION('',(-8.881784197001E-15,-9.860761315261E-31,-1.));
#11886 = ORIENTED_EDGE('',*,*,#11887,.T.);
#11887 = EDGE_CURVE('',#11879,#11888,#11890,.T.);
#11888 = VERTEX_POINT('',#11889);
#11889 = CARTESIAN_POINT('',(2.246961550602,-2.2,0.734729635533));
#11890 = LINE('',#11891,#11892);
#11891 = CARTESIAN_POINT('',(2.339682715053,-2.2,0.182635182233));
#11892 = VECTOR('',#11893,1.);
#11893 = DIRECTION('',(-0.165624877661,-1.838805526304E-17,
    0.986188825682));
#11894 = ORIENTED_EDGE('',*,*,#11895,.T.);
#11895 = EDGE_CURVE('',#11888,#11896,#11898,.T.);
#11896 = VERTEX_POINT('',#11897);
#11897 = CARTESIAN_POINT('',(2.05,-2.2,0.9));
#11898 = CIRCLE('',#11899,0.2);
#11899 = AXIS2_PLACEMENT_3D('',#11900,#11901,#11902);
#11900 = CARTESIAN_POINT('',(2.05,-2.2,0.7));
#11901 = DIRECTION('',(1.110223024625E-16,-1.,0.));
#11902 = DIRECTION('',(0.984807753012,1.093356242223E-16,0.173648177667)
  );
#11903 = ORIENTED_EDGE('',*,*,#11904,.T.);
#11904 = EDGE_CURVE('',#11896,#9260,#11905,.T.);
#11905 = LINE('',#11906,#11907);
#11906 = CARTESIAN_POINT('',(2.05,-2.2,0.9));
#11907 = VECTOR('',#11908,1.);
#11908 = DIRECTION('',(-1.,-1.110223024625E-16,0.));
#11909 = PLANE('',#11910);
#11910 = AXIS2_PLACEMENT_3D('',#11911,#11912,#11913);
#11911 = CARTESIAN_POINT('',(2.351510622064,-2.2,0.383889921916));
#11912 = DIRECTION('',(1.110223024625E-16,-1.,0.));
#11913 = DIRECTION('',(0.,0.,1.));
#11914 = ADVANCED_FACE('',(#11915),#11926,.T.);
#11915 = FACE_BOUND('',#11916,.T.);
#11916 = EDGE_LOOP('',(#11917,#11918,#11919,#11920));
#11917 = ORIENTED_EDGE('',*,*,#10726,.T.);
#11918 = ORIENTED_EDGE('',*,*,#9372,.T.);
#11919 = ORIENTED_EDGE('',*,*,#10828,.F.);
#11920 = ORIENTED_EDGE('',*,*,#11921,.F.);
#11921 = EDGE_CURVE('',#10719,#10821,#11922,.T.);
#11922 = LINE('',#11923,#11924);
#11923 = CARTESIAN_POINT('',(-2.246961550602,1.8,0.734729635533));
#11924 = VECTOR('',#11925,1.);
#11925 = DIRECTION('',(1.144237745222E-17,1.,0.));
#11926 = CYLINDRICAL_SURFACE('',#11927,0.2);
#11927 = AXIS2_PLACEMENT_3D('',#11928,#11929,#11930);
#11928 = CARTESIAN_POINT('',(-2.05,1.8,0.7));
#11929 = DIRECTION('',(-1.144237745222E-17,-1.,0.));
#11930 = DIRECTION('',(-0.984807753012,1.126854202784E-17,0.173648177667
    ));
#11931 = ADVANCED_FACE('',(#11932),#11945,.F.);
#11932 = FACE_BOUND('',#11933,.F.);
#11933 = EDGE_LOOP('',(#11934,#11935,#11941,#11942,#11943,#11944));
#11934 = ORIENTED_EDGE('',*,*,#9848,.F.);
#11935 = ORIENTED_EDGE('',*,*,#11936,.T.);
#11936 = EDGE_CURVE('',#9840,#9949,#11937,.T.);
#11937 = LINE('',#11938,#11939);
#11938 = CARTESIAN_POINT('',(-2.05,-2.2,0.9));
#11939 = VECTOR('',#11940,1.);
#11940 = DIRECTION('',(1.144237745222E-17,1.,0.));
#11941 = ORIENTED_EDGE('',*,*,#9957,.T.);
#11942 = ORIENTED_EDGE('',*,*,#9979,.T.);
#11943 = ORIENTED_EDGE('',*,*,#9419,.F.);
#11944 = ORIENTED_EDGE('',*,*,#9722,.F.);
#11945 = PLANE('',#11946);
#11946 = AXIS2_PLACEMENT_3D('',#11947,#11948,#11949);
#11947 = CARTESIAN_POINT('',(-2.05,-2.2,0.9));
#11948 = DIRECTION('',(0.,0.,-1.));
#11949 = DIRECTION('',(1.,-1.144237745222E-17,0.));
#11950 = ADVANCED_FACE('',(#11951),#11964,.F.);
#11951 = FACE_BOUND('',#11952,.F.);
#11952 = EDGE_LOOP('',(#11953,#11954,#11960,#11961,#11962,#11963));
#11953 = ORIENTED_EDGE('',*,*,#10071,.F.);
#11954 = ORIENTED_EDGE('',*,*,#11955,.T.);
#11955 = EDGE_CURVE('',#10063,#10172,#11956,.T.);
#11956 = LINE('',#11957,#11958);
#11957 = CARTESIAN_POINT('',(-2.05,-1.2,0.9));
#11958 = VECTOR('',#11959,1.);
#11959 = DIRECTION('',(1.144237745222E-17,1.,0.));
#11960 = ORIENTED_EDGE('',*,*,#10180,.T.);
#11961 = ORIENTED_EDGE('',*,*,#10202,.T.);
#11962 = ORIENTED_EDGE('',*,*,#9435,.F.);
#11963 = ORIENTED_EDGE('',*,*,#9972,.F.);
#11964 = PLANE('',#11965);
#11965 = AXIS2_PLACEMENT_3D('',#11966,#11967,#11968);
#11966 = CARTESIAN_POINT('',(-2.05,-1.2,0.9));
#11967 = DIRECTION('',(0.,0.,-1.));
#11968 = DIRECTION('',(1.,-1.144237745222E-17,0.));
#11969 = ADVANCED_FACE('',(#11970),#11983,.F.);
#11970 = FACE_BOUND('',#11971,.F.);
#11971 = EDGE_LOOP('',(#11972,#11973,#11979,#11980,#11981,#11982));
#11972 = ORIENTED_EDGE('',*,*,#10294,.F.);
#11973 = ORIENTED_EDGE('',*,*,#11974,.T.);
#11974 = EDGE_CURVE('',#10286,#10395,#11975,.T.);
#11975 = LINE('',#11976,#11977);
#11976 = CARTESIAN_POINT('',(-2.05,-0.2,0.9));
#11977 = VECTOR('',#11978,1.);
#11978 = DIRECTION('',(1.144237745222E-17,1.,0.));
#11979 = ORIENTED_EDGE('',*,*,#10403,.T.);
#11980 = ORIENTED_EDGE('',*,*,#10425,.T.);
#11981 = ORIENTED_EDGE('',*,*,#9451,.F.);
#11982 = ORIENTED_EDGE('',*,*,#10195,.F.);
#11983 = PLANE('',#11984);
#11984 = AXIS2_PLACEMENT_3D('',#11985,#11986,#11987);
#11985 = CARTESIAN_POINT('',(-2.05,-0.2,0.9));
#11986 = DIRECTION('',(0.,0.,-1.));
#11987 = DIRECTION('',(1.,-1.144237745222E-17,0.));
#11988 = ADVANCED_FACE('',(#11989),#12002,.F.);
#11989 = FACE_BOUND('',#11990,.F.);
#11990 = EDGE_LOOP('',(#11991,#11992,#11998,#11999,#12000,#12001));
#11991 = ORIENTED_EDGE('',*,*,#10517,.F.);
#11992 = ORIENTED_EDGE('',*,*,#11993,.T.);
#11993 = EDGE_CURVE('',#10509,#10618,#11994,.T.);
#11994 = LINE('',#11995,#11996);
#11995 = CARTESIAN_POINT('',(-2.05,0.8,0.9));
#11996 = VECTOR('',#11997,1.);
#11997 = DIRECTION('',(1.144237745222E-17,1.,0.));
#11998 = ORIENTED_EDGE('',*,*,#10626,.T.);
#11999 = ORIENTED_EDGE('',*,*,#10643,.T.);
#12000 = ORIENTED_EDGE('',*,*,#9467,.F.);
#12001 = ORIENTED_EDGE('',*,*,#10418,.F.);
#12002 = PLANE('',#12003);
#12003 = AXIS2_PLACEMENT_3D('',#12004,#12005,#12006);
#12004 = CARTESIAN_POINT('',(-2.05,0.8,0.9));
#12005 = DIRECTION('',(0.,0.,-1.));
#12006 = DIRECTION('',(1.,-1.144237745222E-17,0.));
#12007 = ADVANCED_FACE('',(#12008,#12037),#12048,.F.);
#12008 = FACE_BOUND('',#12009,.F.);
#12009 = EDGE_LOOP('',(#12010,#12011,#12012,#12013,#12021,#12029,#12035,
    #12036));
#12010 = ORIENTED_EDGE('',*,*,#9542,.T.);
#12011 = ORIENTED_EDGE('',*,*,#9565,.T.);
#12012 = ORIENTED_EDGE('',*,*,#9668,.T.);
#12013 = ORIENTED_EDGE('',*,*,#12014,.T.);
#12014 = EDGE_CURVE('',#9662,#12015,#12017,.T.);
#12015 = VERTEX_POINT('',#12016);
#12016 = CARTESIAN_POINT('',(1.682065445886,-2.264130891773,1.6));
#12017 = LINE('',#12018,#12019);
#12018 = CARTESIAN_POINT('',(1.764130891773,-2.182065445886,1.6));
#12019 = VECTOR('',#12020,1.);
#12020 = DIRECTION('',(-0.707106781187,-0.707106781187,0.));
#12021 = ORIENTED_EDGE('',*,*,#12022,.T.);
#12022 = EDGE_CURVE('',#12015,#12023,#12025,.T.);
#12023 = VERTEX_POINT('',#12024);
#12024 = CARTESIAN_POINT('',(-1.682065445886,-2.264130891773,1.6));
#12025 = LINE('',#12026,#12027);
#12026 = CARTESIAN_POINT('',(1.682065445886,-2.264130891773,1.6));
#12027 = VECTOR('',#12028,1.);
#12028 = DIRECTION('',(-1.,-1.110223024625E-16,0.));
#12029 = ORIENTED_EDGE('',*,*,#12030,.T.);
#12030 = EDGE_CURVE('',#12023,#9491,#12031,.T.);
#12031 = LINE('',#12032,#12033);
#12032 = CARTESIAN_POINT('',(-1.682065445886,-2.264130891773,1.6));
#12033 = VECTOR('',#12034,1.);
#12034 = DIRECTION('',(-0.707106781187,0.707106781187,0.));
#12035 = ORIENTED_EDGE('',*,*,#9490,.T.);
#12036 = ORIENTED_EDGE('',*,*,#9519,.T.);
#12037 = FACE_BOUND('',#12038,.F.);
#12038 = EDGE_LOOP('',(#12039));
#12039 = ORIENTED_EDGE('',*,*,#12040,.F.);
#12040 = EDGE_CURVE('',#12041,#12041,#12043,.T.);
#12041 = VERTEX_POINT('',#12042);
#12042 = CARTESIAN_POINT('',(-1.264130891773,1.664130891773,1.6));
#12043 = CIRCLE('',#12044,0.1);
#12044 = AXIS2_PLACEMENT_3D('',#12045,#12046,#12047);
#12045 = CARTESIAN_POINT('',(-1.264130891773,1.764130891773,1.6));
#12046 = DIRECTION('',(0.,-0.,-1.));
#12047 = DIRECTION('',(1.110223024625E-16,-1.,0.));
#12048 = PLANE('',#12049);
#12049 = AXIS2_PLACEMENT_3D('',#12050,#12051,#12052);
#12050 = CARTESIAN_POINT('',(-1.682065445886,2.264130891773,1.6));
#12051 = DIRECTION('',(0.,0.,-1.));
#12052 = DIRECTION('',(0.596355903624,-0.80272014813,0.));
#12053 = ADVANCED_FACE('',(#12054),#12064,.F.);
#12054 = FACE_BOUND('',#12055,.F.);
#12055 = EDGE_LOOP('',(#12056,#12057,#12058,#12059));
#12056 = ORIENTED_EDGE('',*,*,#9729,.T.);
#12057 = ORIENTED_EDGE('',*,*,#9498,.T.);
#12058 = ORIENTED_EDGE('',*,*,#12030,.F.);
#12059 = ORIENTED_EDGE('',*,*,#12060,.F.);
#12060 = EDGE_CURVE('',#9730,#12023,#12061,.T.);
#12061 = B_SPLINE_CURVE_WITH_KNOTS('',1,(#12062,#12063),.UNSPECIFIED.,
  .F.,.F.,(2,2),(0.,1.),.PIECEWISE_BEZIER_KNOTS.);
#12062 = CARTESIAN_POINT('',(-1.7375,-2.375,0.9));
#12063 = CARTESIAN_POINT('',(-1.682065445886,-2.264130891773,1.6));
#12064 = B_SPLINE_SURFACE_WITH_KNOTS('',1,1,(
    (#12065,#12066)
    ,(#12067,#12068
    )),.UNSPECIFIED.,.F.,.F.,.F.,(2,2),(2,2),(0.,0.194454364826),(0.,1.)
  ,.PIECEWISE_BEZIER_KNOTS.);
#12065 = CARTESIAN_POINT('',(-1.7375,-2.375,0.9));
#12066 = CARTESIAN_POINT('',(-1.682065445886,-2.264130891773,1.6));
#12067 = CARTESIAN_POINT('',(-1.875,-2.2375,0.9));
#12068 = CARTESIAN_POINT('',(-1.764130891773,-2.182065445886,1.6));
#12069 = ADVANCED_FACE('',(#12070),#12083,.F.);
#12070 = FACE_BOUND('',#12071,.F.);
#12071 = EDGE_LOOP('',(#12072,#12073,#12079,#12080,#12081,#12082));
#12072 = ORIENTED_EDGE('',*,*,#11126,.F.);
#12073 = ORIENTED_EDGE('',*,*,#12074,.T.);
#12074 = EDGE_CURVE('',#11118,#11227,#12075,.T.);
#12075 = LINE('',#12076,#12077);
#12076 = CARTESIAN_POINT('',(2.05,1.2,0.9));
#12077 = VECTOR('',#12078,1.);
#12078 = DIRECTION('',(1.110223024625E-16,-1.,0.));
#12079 = ORIENTED_EDGE('',*,*,#11235,.T.);
#12080 = ORIENTED_EDGE('',*,*,#11249,.T.);
#12081 = ORIENTED_EDGE('',*,*,#9597,.F.);
#12082 = ORIENTED_EDGE('',*,*,#11033,.F.);
#12083 = PLANE('',#12084);
#12084 = AXIS2_PLACEMENT_3D('',#12085,#12086,#12087);
#12085 = CARTESIAN_POINT('',(2.05,1.2,0.9));
#12086 = DIRECTION('',(0.,0.,-1.));
#12087 = DIRECTION('',(-1.,-1.110223024625E-16,-0.));
#12088 = ADVANCED_FACE('',(#12089),#12102,.F.);
#12089 = FACE_BOUND('',#12090,.F.);
#12090 = EDGE_LOOP('',(#12091,#12092,#12098,#12099,#12100,#12101));
#12091 = ORIENTED_EDGE('',*,*,#11349,.F.);
#12092 = ORIENTED_EDGE('',*,*,#12093,.T.);
#12093 = EDGE_CURVE('',#11341,#11450,#12094,.T.);
#12094 = LINE('',#12095,#12096);
#12095 = CARTESIAN_POINT('',(2.05,0.2,0.9));
#12096 = VECTOR('',#12097,1.);
#12097 = DIRECTION('',(1.110223024625E-16,-1.,0.));
#12098 = ORIENTED_EDGE('',*,*,#11458,.T.);
#12099 = ORIENTED_EDGE('',*,*,#11472,.T.);
#12100 = ORIENTED_EDGE('',*,*,#9613,.F.);
#12101 = ORIENTED_EDGE('',*,*,#11256,.F.);
#12102 = PLANE('',#12103);
#12103 = AXIS2_PLACEMENT_3D('',#12104,#12105,#12106);
#12104 = CARTESIAN_POINT('',(2.05,0.2,0.9));
#12105 = DIRECTION('',(0.,0.,-1.));
#12106 = DIRECTION('',(-1.,-1.110223024625E-16,-0.));
#12107 = ADVANCED_FACE('',(#12108),#12121,.F.);
#12108 = FACE_BOUND('',#12109,.F.);
#12109 = EDGE_LOOP('',(#12110,#12111,#12117,#12118,#12119,#12120));
#12110 = ORIENTED_EDGE('',*,*,#11572,.F.);
#12111 = ORIENTED_EDGE('',*,*,#12112,.T.);
#12112 = EDGE_CURVE('',#11564,#11673,#12113,.T.);
#12113 = LINE('',#12114,#12115);
#12114 = CARTESIAN_POINT('',(2.05,-0.8,0.9));
#12115 = VECTOR('',#12116,1.);
#12116 = DIRECTION('',(1.110223024625E-16,-1.,0.));
#12117 = ORIENTED_EDGE('',*,*,#11681,.T.);
#12118 = ORIENTED_EDGE('',*,*,#11695,.T.);
#12119 = ORIENTED_EDGE('',*,*,#9629,.F.);
#12120 = ORIENTED_EDGE('',*,*,#11479,.F.);
#12121 = PLANE('',#12122);
#12122 = AXIS2_PLACEMENT_3D('',#12123,#12124,#12125);
#12123 = CARTESIAN_POINT('',(2.05,-0.8,0.9));
#12124 = DIRECTION('',(0.,0.,-1.));
#12125 = DIRECTION('',(-1.,-1.110223024625E-16,-0.));
#12126 = ADVANCED_FACE('',(#12127),#12140,.F.);
#12127 = FACE_BOUND('',#12128,.F.);
#12128 = EDGE_LOOP('',(#12129,#12130,#12136,#12137,#12138,#12139));
#12129 = ORIENTED_EDGE('',*,*,#11795,.F.);
#12130 = ORIENTED_EDGE('',*,*,#12131,.T.);
#12131 = EDGE_CURVE('',#11787,#11896,#12132,.T.);
#12132 = LINE('',#12133,#12134);
#12133 = CARTESIAN_POINT('',(2.05,-1.8,0.9));
#12134 = VECTOR('',#12135,1.);
#12135 = DIRECTION('',(1.110223024625E-16,-1.,0.));
#12136 = ORIENTED_EDGE('',*,*,#11904,.T.);
#12137 = ORIENTED_EDGE('',*,*,#9752,.T.);
#12138 = ORIENTED_EDGE('',*,*,#9645,.F.);
#12139 = ORIENTED_EDGE('',*,*,#11702,.F.);
#12140 = PLANE('',#12141);
#12141 = AXIS2_PLACEMENT_3D('',#12142,#12143,#12144);
#12142 = CARTESIAN_POINT('',(2.05,-1.8,0.9));
#12143 = DIRECTION('',(0.,0.,-1.));
#12144 = DIRECTION('',(-1.,-1.110223024625E-16,-0.));
#12145 = ADVANCED_FACE('',(#12146),#12156,.F.);
#12146 = FACE_BOUND('',#12147,.F.);
#12147 = EDGE_LOOP('',(#12148,#12149,#12154,#12155));
#12148 = ORIENTED_EDGE('',*,*,#9745,.T.);
#12149 = ORIENTED_EDGE('',*,*,#12150,.T.);
#12150 = EDGE_CURVE('',#9738,#12015,#12151,.T.);
#12151 = B_SPLINE_CURVE_WITH_KNOTS('',1,(#12152,#12153),.UNSPECIFIED.,
  .F.,.F.,(2,2),(0.,1.),.PIECEWISE_BEZIER_KNOTS.);
#12152 = CARTESIAN_POINT('',(1.7375,-2.375,0.9));
#12153 = CARTESIAN_POINT('',(1.682065445886,-2.264130891773,1.6));
#12154 = ORIENTED_EDGE('',*,*,#12014,.F.);
#12155 = ORIENTED_EDGE('',*,*,#9661,.F.);
#12156 = B_SPLINE_SURFACE_WITH_KNOTS('',1,1,(
    (#12157,#12158)
    ,(#12159,#12160
    )),.UNSPECIFIED.,.F.,.F.,.F.,(2,2),(2,2),(0.,0.194454364826),(0.,1.)
  ,.PIECEWISE_BEZIER_KNOTS.);
#12157 = CARTESIAN_POINT('',(1.875,-2.2375,0.9));
#12158 = CARTESIAN_POINT('',(1.764130891773,-2.182065445886,1.6));
#12159 = CARTESIAN_POINT('',(1.7375,-2.375,0.9));
#12160 = CARTESIAN_POINT('',(1.682065445886,-2.264130891773,1.6));
#12161 = ADVANCED_FACE('',(#12162),#12173,.T.);
#12162 = FACE_BOUND('',#12163,.T.);
#12163 = EDGE_LOOP('',(#12164,#12165,#12166,#12167));
#12164 = ORIENTED_EDGE('',*,*,#10913,.T.);
#12165 = ORIENTED_EDGE('',*,*,#9691,.T.);
#12166 = ORIENTED_EDGE('',*,*,#11015,.F.);
#12167 = ORIENTED_EDGE('',*,*,#12168,.F.);
#12168 = EDGE_CURVE('',#10906,#11008,#12169,.T.);
#12169 = LINE('',#12170,#12171);
#12170 = CARTESIAN_POINT('',(2.246961550602,2.2,0.734729635533));
#12171 = VECTOR('',#12172,1.);
#12172 = DIRECTION('',(1.110223024625E-16,-1.,0.));
#12173 = CYLINDRICAL_SURFACE('',#12174,0.2);
#12174 = AXIS2_PLACEMENT_3D('',#12175,#12176,#12177);
#12175 = CARTESIAN_POINT('',(2.05,2.2,0.7));
#12176 = DIRECTION('',(-1.110223024625E-16,1.,0.));
#12177 = DIRECTION('',(0.984807753012,1.093356242223E-16,0.173648177667)
  );
#12178 = ADVANCED_FACE('',(#12179),#12185,.F.);
#12179 = FACE_BOUND('',#12180,.F.);
#12180 = EDGE_LOOP('',(#12181,#12182,#12183,#12184));
#12181 = ORIENTED_EDGE('',*,*,#9737,.T.);
#12182 = ORIENTED_EDGE('',*,*,#12060,.T.);
#12183 = ORIENTED_EDGE('',*,*,#12022,.F.);
#12184 = ORIENTED_EDGE('',*,*,#12150,.F.);
#12185 = B_SPLINE_SURFACE_WITH_KNOTS('',1,1,(
    (#12186,#12187)
    ,(#12188,#12189
    )),.UNSPECIFIED.,.F.,.F.,.F.,(2,2),(2,2),(0.,3.475),(0.,1.),
  .PIECEWISE_BEZIER_KNOTS.);
#12186 = CARTESIAN_POINT('',(1.7375,-2.375,0.9));
#12187 = CARTESIAN_POINT('',(1.682065445886,-2.264130891773,1.6));
#12188 = CARTESIAN_POINT('',(-1.7375,-2.375,0.9));
#12189 = CARTESIAN_POINT('',(-1.682065445886,-2.264130891773,1.6));
#12190 = ADVANCED_FACE('',(#12191),#12202,.T.);
#12191 = FACE_BOUND('',#12192,.T.);
#12192 = EDGE_LOOP('',(#12193,#12194,#12195,#12196));
#12193 = ORIENTED_EDGE('',*,*,#9839,.T.);
#12194 = ORIENTED_EDGE('',*,*,#11936,.T.);
#12195 = ORIENTED_EDGE('',*,*,#9948,.F.);
#12196 = ORIENTED_EDGE('',*,*,#12197,.F.);
#12197 = EDGE_CURVE('',#9832,#9941,#12198,.T.);
#12198 = LINE('',#12199,#12200);
#12199 = CARTESIAN_POINT('',(-2.246961550602,-2.2,0.734729635533));
#12200 = VECTOR('',#12201,1.);
#12201 = DIRECTION('',(1.144237745222E-17,1.,0.));
#12202 = CYLINDRICAL_SURFACE('',#12203,0.2);
#12203 = AXIS2_PLACEMENT_3D('',#12204,#12205,#12206);
#12204 = CARTESIAN_POINT('',(-2.05,-2.2,0.7));
#12205 = DIRECTION('',(-1.144237745222E-17,-1.,0.));
#12206 = DIRECTION('',(-0.984807753012,1.126854202784E-17,0.173648177667
    ));
#12207 = ADVANCED_FACE('',(#12208),#12219,.F.);
#12208 = FACE_BOUND('',#12209,.F.);
#12209 = EDGE_LOOP('',(#12210,#12216,#12217,#12218));
#12210 = ORIENTED_EDGE('',*,*,#12211,.T.);
#12211 = EDGE_CURVE('',#9823,#9932,#12212,.T.);
#12212 = LINE('',#12213,#12214);
#12213 = CARTESIAN_POINT('',(-2.339682715053,-2.2,0.182635182233));
#12214 = VECTOR('',#12215,1.);
#12215 = DIRECTION('',(1.144237745222E-17,1.,0.));
#12216 = ORIENTED_EDGE('',*,*,#9940,.T.);
#12217 = ORIENTED_EDGE('',*,*,#12197,.F.);
#12218 = ORIENTED_EDGE('',*,*,#9831,.F.);
#12219 = PLANE('',#12220);
#12220 = AXIS2_PLACEMENT_3D('',#12221,#12222,#12223);
#12221 = CARTESIAN_POINT('',(-2.339682715053,-2.2,0.182635182233));
#12222 = DIRECTION('',(0.986188825682,-1.128434478261E-17,
    -0.165624877661));
#12223 = DIRECTION('',(0.165624877661,-1.895142365679E-18,0.986188825682
    ));
#12224 = ADVANCED_FACE('',(#12225),#12236,.F.);
#12225 = FACE_BOUND('',#12226,.F.);
#12226 = EDGE_LOOP('',(#12227,#12233,#12234,#12235));
#12227 = ORIENTED_EDGE('',*,*,#12228,.T.);
#12228 = EDGE_CURVE('',#9815,#9924,#12229,.T.);
#12229 = LINE('',#12230,#12231);
#12230 = CARTESIAN_POINT('',(-2.438163490354,-2.2,0.1));
#12231 = VECTOR('',#12232,1.);
#12232 = DIRECTION('',(1.144237745222E-17,1.,0.));
#12233 = ORIENTED_EDGE('',*,*,#9931,.T.);
#12234 = ORIENTED_EDGE('',*,*,#12211,.F.);
#12235 = ORIENTED_EDGE('',*,*,#9822,.F.);
#12236 = CYLINDRICAL_SURFACE('',#12237,0.1);
#12237 = AXIS2_PLACEMENT_3D('',#12238,#12239,#12240);
#12238 = CARTESIAN_POINT('',(-2.438163490354,-2.2,0.2));
#12239 = DIRECTION('',(-1.144237745222E-17,-1.,0.));
#12240 = DIRECTION('',(8.881784197001E-15,-1.016287272312E-31,-1.));
#12241 = ADVANCED_FACE('',(#12242),#12253,.F.);
#12242 = FACE_BOUND('',#12243,.F.);
#12243 = EDGE_LOOP('',(#12244,#12250,#12251,#12252));
#12244 = ORIENTED_EDGE('',*,*,#12245,.T.);
#12245 = EDGE_CURVE('',#9807,#9916,#12246,.T.);
#12246 = LINE('',#12247,#12248);
#12247 = CARTESIAN_POINT('',(-3.,-2.2,0.1));
#12248 = VECTOR('',#12249,1.);
#12249 = DIRECTION('',(1.144237745222E-17,1.,0.));
#12250 = ORIENTED_EDGE('',*,*,#9923,.T.);
#12251 = ORIENTED_EDGE('',*,*,#12228,.F.);
#12252 = ORIENTED_EDGE('',*,*,#9814,.F.);
#12253 = PLANE('',#12254);
#12254 = AXIS2_PLACEMENT_3D('',#12255,#12256,#12257);
#12255 = CARTESIAN_POINT('',(-3.,-2.2,0.1));
#12256 = DIRECTION('',(0.,0.,-1.));
#12257 = DIRECTION('',(1.,-1.144237745222E-17,0.));
#12258 = ADVANCED_FACE('',(#12259),#12270,.F.);
#12259 = FACE_BOUND('',#12260,.F.);
#12260 = EDGE_LOOP('',(#12261,#12267,#12268,#12269));
#12261 = ORIENTED_EDGE('',*,*,#12262,.T.);
#12262 = EDGE_CURVE('',#9799,#9908,#12263,.T.);
#12263 = LINE('',#12264,#12265);
#12264 = CARTESIAN_POINT('',(-3.,-2.2,-1.387778780781E-16));
#12265 = VECTOR('',#12266,1.);
#12266 = DIRECTION('',(1.144237745222E-17,1.,0.));
#12267 = ORIENTED_EDGE('',*,*,#9915,.T.);
#12268 = ORIENTED_EDGE('',*,*,#12245,.F.);
#12269 = ORIENTED_EDGE('',*,*,#9806,.F.);
#12270 = PLANE('',#12271);
#12271 = AXIS2_PLACEMENT_3D('',#12272,#12273,#12274);
#12272 = CARTESIAN_POINT('',(-3.,-2.2,-1.387778780781E-16));
#12273 = DIRECTION('',(1.,-1.144237745222E-17,0.));
#12274 = DIRECTION('',(0.,0.,1.));
#12275 = ADVANCED_FACE('',(#12276),#12287,.F.);
#12276 = FACE_BOUND('',#12277,.F.);
#12277 = EDGE_LOOP('',(#12278,#12284,#12285,#12286));
#12278 = ORIENTED_EDGE('',*,*,#12279,.T.);
#12279 = EDGE_CURVE('',#9790,#9899,#12280,.T.);
#12280 = LINE('',#12281,#12282);
#12281 = CARTESIAN_POINT('',(-2.438163490354,-2.2,-1.387778780781E-16));
#12282 = VECTOR('',#12283,1.);
#12283 = DIRECTION('',(1.144237745222E-17,1.,0.));
#12284 = ORIENTED_EDGE('',*,*,#9907,.T.);
#12285 = ORIENTED_EDGE('',*,*,#12262,.F.);
#12286 = ORIENTED_EDGE('',*,*,#9798,.F.);
#12287 = PLANE('',#12288);
#12288 = AXIS2_PLACEMENT_3D('',#12289,#12290,#12291);
#12289 = CARTESIAN_POINT('',(-2.438163490354,-2.2,-1.387778780781E-16));
#12290 = DIRECTION('',(0.,0.,1.));
#12291 = DIRECTION('',(-1.,1.144237745222E-17,0.));
#12292 = ADVANCED_FACE('',(#12293),#12304,.T.);
#12293 = FACE_BOUND('',#12294,.T.);
#12294 = EDGE_LOOP('',(#12295,#12296,#12297,#12298));
#12295 = ORIENTED_EDGE('',*,*,#9789,.T.);
#12296 = ORIENTED_EDGE('',*,*,#12279,.T.);
#12297 = ORIENTED_EDGE('',*,*,#9898,.F.);
#12298 = ORIENTED_EDGE('',*,*,#12299,.F.);
#12299 = EDGE_CURVE('',#9782,#9891,#12300,.T.);
#12300 = LINE('',#12301,#12302);
#12301 = CARTESIAN_POINT('',(-2.241201939752,-2.2,0.165270364467));
#12302 = VECTOR('',#12303,1.);
#12303 = DIRECTION('',(1.144237745222E-17,1.,0.));
#12304 = CYLINDRICAL_SURFACE('',#12305,0.2);
#12305 = AXIS2_PLACEMENT_3D('',#12306,#12307,#12308);
#12306 = CARTESIAN_POINT('',(-2.438163490354,-2.2,0.2));
#12307 = DIRECTION('',(-1.144237745222E-17,-1.,0.));
#12308 = DIRECTION('',(0.984807753012,-1.126854202784E-17,
    -0.173648177667));
#12309 = ADVANCED_FACE('',(#12310),#12316,.F.);
#12310 = FACE_BOUND('',#12311,.F.);
#12311 = EDGE_LOOP('',(#12312,#12313,#12314,#12315));
#12312 = ORIENTED_EDGE('',*,*,#9872,.T.);
#12313 = ORIENTED_EDGE('',*,*,#9890,.T.);
#12314 = ORIENTED_EDGE('',*,*,#12299,.F.);
#12315 = ORIENTED_EDGE('',*,*,#9781,.F.);
#12316 = PLANE('',#12317);
#12317 = AXIS2_PLACEMENT_3D('',#12318,#12319,#12320);
#12318 = CARTESIAN_POINT('',(-2.148480775301,-2.2,0.717364817767));
#12319 = DIRECTION('',(-0.986188825682,1.128434478261E-17,0.165624877661
    ));
#12320 = DIRECTION('',(-0.165624877661,1.895142365679E-18,
    -0.986188825682));
#12321 = ADVANCED_FACE('',(#12322),#12333,.T.);
#12322 = FACE_BOUND('',#12323,.T.);
#12323 = EDGE_LOOP('',(#12324,#12325,#12326,#12327));
#12324 = ORIENTED_EDGE('',*,*,#10062,.T.);
#12325 = ORIENTED_EDGE('',*,*,#11955,.T.);
#12326 = ORIENTED_EDGE('',*,*,#10171,.F.);
#12327 = ORIENTED_EDGE('',*,*,#12328,.F.);
#12328 = EDGE_CURVE('',#10055,#10164,#12329,.T.);
#12329 = LINE('',#12330,#12331);
#12330 = CARTESIAN_POINT('',(-2.246961550602,-1.2,0.734729635533));
#12331 = VECTOR('',#12332,1.);
#12332 = DIRECTION('',(1.144237745222E-17,1.,0.));
#12333 = CYLINDRICAL_SURFACE('',#12334,0.2);
#12334 = AXIS2_PLACEMENT_3D('',#12335,#12336,#12337);
#12335 = CARTESIAN_POINT('',(-2.05,-1.2,0.7));
#12336 = DIRECTION('',(-1.144237745222E-17,-1.,0.));
#12337 = DIRECTION('',(-0.984807753012,1.126854202784E-17,0.173648177667
    ));
#12338 = ADVANCED_FACE('',(#12339),#12350,.F.);
#12339 = FACE_BOUND('',#12340,.F.);
#12340 = EDGE_LOOP('',(#12341,#12347,#12348,#12349));
#12341 = ORIENTED_EDGE('',*,*,#12342,.T.);
#12342 = EDGE_CURVE('',#10046,#10155,#12343,.T.);
#12343 = LINE('',#12344,#12345);
#12344 = CARTESIAN_POINT('',(-2.339682715053,-1.2,0.182635182233));
#12345 = VECTOR('',#12346,1.);
#12346 = DIRECTION('',(1.144237745222E-17,1.,0.));
#12347 = ORIENTED_EDGE('',*,*,#10163,.T.);
#12348 = ORIENTED_EDGE('',*,*,#12328,.F.);
#12349 = ORIENTED_EDGE('',*,*,#10054,.F.);
#12350 = PLANE('',#12351);
#12351 = AXIS2_PLACEMENT_3D('',#12352,#12353,#12354);
#12352 = CARTESIAN_POINT('',(-2.339682715053,-1.2,0.182635182233));
#12353 = DIRECTION('',(0.986188825682,-1.128434478261E-17,
    -0.165624877661));
#12354 = DIRECTION('',(0.165624877661,-1.895142365679E-18,0.986188825682
    ));
#12355 = ADVANCED_FACE('',(#12356),#12367,.F.);
#12356 = FACE_BOUND('',#12357,.F.);
#12357 = EDGE_LOOP('',(#12358,#12364,#12365,#12366));
#12358 = ORIENTED_EDGE('',*,*,#12359,.T.);
#12359 = EDGE_CURVE('',#10038,#10147,#12360,.T.);
#12360 = LINE('',#12361,#12362);
#12361 = CARTESIAN_POINT('',(-2.438163490354,-1.2,0.1));
#12362 = VECTOR('',#12363,1.);
#12363 = DIRECTION('',(1.144237745222E-17,1.,0.));
#12364 = ORIENTED_EDGE('',*,*,#10154,.T.);
#12365 = ORIENTED_EDGE('',*,*,#12342,.F.);
#12366 = ORIENTED_EDGE('',*,*,#10045,.F.);
#12367 = CYLINDRICAL_SURFACE('',#12368,0.1);
#12368 = AXIS2_PLACEMENT_3D('',#12369,#12370,#12371);
#12369 = CARTESIAN_POINT('',(-2.438163490354,-1.2,0.2));
#12370 = DIRECTION('',(-1.144237745222E-17,-1.,0.));
#12371 = DIRECTION('',(8.881784197001E-15,-1.016287272312E-31,-1.));
#12372 = ADVANCED_FACE('',(#12373),#12384,.F.);
#12373 = FACE_BOUND('',#12374,.F.);
#12374 = EDGE_LOOP('',(#12375,#12381,#12382,#12383));
#12375 = ORIENTED_EDGE('',*,*,#12376,.T.);
#12376 = EDGE_CURVE('',#10030,#10139,#12377,.T.);
#12377 = LINE('',#12378,#12379);
#12378 = CARTESIAN_POINT('',(-3.,-1.2,0.1));
#12379 = VECTOR('',#12380,1.);
#12380 = DIRECTION('',(1.144237745222E-17,1.,0.));
#12381 = ORIENTED_EDGE('',*,*,#10146,.T.);
#12382 = ORIENTED_EDGE('',*,*,#12359,.F.);
#12383 = ORIENTED_EDGE('',*,*,#10037,.F.);
#12384 = PLANE('',#12385);
#12385 = AXIS2_PLACEMENT_3D('',#12386,#12387,#12388);
#12386 = CARTESIAN_POINT('',(-3.,-1.2,0.1));
#12387 = DIRECTION('',(0.,0.,-1.));
#12388 = DIRECTION('',(1.,-1.144237745222E-17,0.));
#12389 = ADVANCED_FACE('',(#12390),#12401,.F.);
#12390 = FACE_BOUND('',#12391,.F.);
#12391 = EDGE_LOOP('',(#12392,#12398,#12399,#12400));
#12392 = ORIENTED_EDGE('',*,*,#12393,.T.);
#12393 = EDGE_CURVE('',#10022,#10131,#12394,.T.);
#12394 = LINE('',#12395,#12396);
#12395 = CARTESIAN_POINT('',(-3.,-1.2,-1.387778780781E-16));
#12396 = VECTOR('',#12397,1.);
#12397 = DIRECTION('',(1.144237745222E-17,1.,0.));
#12398 = ORIENTED_EDGE('',*,*,#10138,.T.);
#12399 = ORIENTED_EDGE('',*,*,#12376,.F.);
#12400 = ORIENTED_EDGE('',*,*,#10029,.F.);
#12401 = PLANE('',#12402);
#12402 = AXIS2_PLACEMENT_3D('',#12403,#12404,#12405);
#12403 = CARTESIAN_POINT('',(-3.,-1.2,-1.387778780781E-16));
#12404 = DIRECTION('',(1.,-1.144237745222E-17,0.));
#12405 = DIRECTION('',(0.,0.,1.));
#12406 = ADVANCED_FACE('',(#12407),#12418,.F.);
#12407 = FACE_BOUND('',#12408,.F.);
#12408 = EDGE_LOOP('',(#12409,#12415,#12416,#12417));
#12409 = ORIENTED_EDGE('',*,*,#12410,.T.);
#12410 = EDGE_CURVE('',#10013,#10122,#12411,.T.);
#12411 = LINE('',#12412,#12413);
#12412 = CARTESIAN_POINT('',(-2.438163490354,-1.2,-1.387778780781E-16));
#12413 = VECTOR('',#12414,1.);
#12414 = DIRECTION('',(1.144237745222E-17,1.,0.));
#12415 = ORIENTED_EDGE('',*,*,#10130,.T.);
#12416 = ORIENTED_EDGE('',*,*,#12393,.F.);
#12417 = ORIENTED_EDGE('',*,*,#10021,.F.);
#12418 = PLANE('',#12419);
#12419 = AXIS2_PLACEMENT_3D('',#12420,#12421,#12422);
#12420 = CARTESIAN_POINT('',(-2.438163490354,-1.2,-1.387778780781E-16));
#12421 = DIRECTION('',(0.,0.,1.));
#12422 = DIRECTION('',(-1.,1.144237745222E-17,0.));
#12423 = ADVANCED_FACE('',(#12424),#12435,.T.);
#12424 = FACE_BOUND('',#12425,.T.);
#12425 = EDGE_LOOP('',(#12426,#12427,#12428,#12429));
#12426 = ORIENTED_EDGE('',*,*,#10012,.T.);
#12427 = ORIENTED_EDGE('',*,*,#12410,.T.);
#12428 = ORIENTED_EDGE('',*,*,#10121,.F.);
#12429 = ORIENTED_EDGE('',*,*,#12430,.F.);
#12430 = EDGE_CURVE('',#10005,#10114,#12431,.T.);
#12431 = LINE('',#12432,#12433);
#12432 = CARTESIAN_POINT('',(-2.241201939752,-1.2,0.165270364467));
#12433 = VECTOR('',#12434,1.);
#12434 = DIRECTION('',(1.144237745222E-17,1.,0.));
#12435 = CYLINDRICAL_SURFACE('',#12436,0.2);
#12436 = AXIS2_PLACEMENT_3D('',#12437,#12438,#12439);
#12437 = CARTESIAN_POINT('',(-2.438163490354,-1.2,0.2));
#12438 = DIRECTION('',(-1.144237745222E-17,-1.,0.));
#12439 = DIRECTION('',(0.984807753012,-1.126854202784E-17,
    -0.173648177667));
#12440 = ADVANCED_FACE('',(#12441),#12447,.F.);
#12441 = FACE_BOUND('',#12442,.F.);
#12442 = EDGE_LOOP('',(#12443,#12444,#12445,#12446));
#12443 = ORIENTED_EDGE('',*,*,#10095,.T.);
#12444 = ORIENTED_EDGE('',*,*,#10113,.T.);
#12445 = ORIENTED_EDGE('',*,*,#12430,.F.);
#12446 = ORIENTED_EDGE('',*,*,#10004,.F.);
#12447 = PLANE('',#12448);
#12448 = AXIS2_PLACEMENT_3D('',#12449,#12450,#12451);
#12449 = CARTESIAN_POINT('',(-2.148480775301,-1.2,0.717364817767));
#12450 = DIRECTION('',(-0.986188825682,1.128434478261E-17,0.165624877661
    ));
#12451 = DIRECTION('',(-0.165624877661,1.895142365679E-18,
    -0.986188825682));
#12452 = ADVANCED_FACE('',(#12453),#12464,.T.);
#12453 = FACE_BOUND('',#12454,.T.);
#12454 = EDGE_LOOP('',(#12455,#12456,#12457,#12458));
#12455 = ORIENTED_EDGE('',*,*,#10285,.T.);
#12456 = ORIENTED_EDGE('',*,*,#11974,.T.);
#12457 = ORIENTED_EDGE('',*,*,#10394,.F.);
#12458 = ORIENTED_EDGE('',*,*,#12459,.F.);
#12459 = EDGE_CURVE('',#10278,#10387,#12460,.T.);
#12460 = LINE('',#12461,#12462);
#12461 = CARTESIAN_POINT('',(-2.246961550602,-0.2,0.734729635533));
#12462 = VECTOR('',#12463,1.);
#12463 = DIRECTION('',(1.144237745222E-17,1.,0.));
#12464 = CYLINDRICAL_SURFACE('',#12465,0.2);
#12465 = AXIS2_PLACEMENT_3D('',#12466,#12467,#12468);
#12466 = CARTESIAN_POINT('',(-2.05,-0.2,0.7));
#12467 = DIRECTION('',(-1.144237745222E-17,-1.,0.));
#12468 = DIRECTION('',(-0.984807753012,1.126854202784E-17,0.173648177667
    ));
#12469 = ADVANCED_FACE('',(#12470),#12481,.F.);
#12470 = FACE_BOUND('',#12471,.F.);
#12471 = EDGE_LOOP('',(#12472,#12478,#12479,#12480));
#12472 = ORIENTED_EDGE('',*,*,#12473,.T.);
#12473 = EDGE_CURVE('',#10269,#10378,#12474,.T.);
#12474 = LINE('',#12475,#12476);
#12475 = CARTESIAN_POINT('',(-2.339682715053,-0.2,0.182635182233));
#12476 = VECTOR('',#12477,1.);
#12477 = DIRECTION('',(1.144237745222E-17,1.,0.));
#12478 = ORIENTED_EDGE('',*,*,#10386,.T.);
#12479 = ORIENTED_EDGE('',*,*,#12459,.F.);
#12480 = ORIENTED_EDGE('',*,*,#10277,.F.);
#12481 = PLANE('',#12482);
#12482 = AXIS2_PLACEMENT_3D('',#12483,#12484,#12485);
#12483 = CARTESIAN_POINT('',(-2.339682715053,-0.2,0.182635182233));
#12484 = DIRECTION('',(0.986188825682,-1.128434478261E-17,
    -0.165624877661));
#12485 = DIRECTION('',(0.165624877661,-1.895142365679E-18,0.986188825682
    ));
#12486 = ADVANCED_FACE('',(#12487),#12498,.F.);
#12487 = FACE_BOUND('',#12488,.F.);
#12488 = EDGE_LOOP('',(#12489,#12495,#12496,#12497));
#12489 = ORIENTED_EDGE('',*,*,#12490,.T.);
#12490 = EDGE_CURVE('',#10261,#10370,#12491,.T.);
#12491 = LINE('',#12492,#12493);
#12492 = CARTESIAN_POINT('',(-2.438163490354,-0.2,0.1));
#12493 = VECTOR('',#12494,1.);
#12494 = DIRECTION('',(1.144237745222E-17,1.,0.));
#12495 = ORIENTED_EDGE('',*,*,#10377,.T.);
#12496 = ORIENTED_EDGE('',*,*,#12473,.F.);
#12497 = ORIENTED_EDGE('',*,*,#10268,.F.);
#12498 = CYLINDRICAL_SURFACE('',#12499,0.1);
#12499 = AXIS2_PLACEMENT_3D('',#12500,#12501,#12502);
#12500 = CARTESIAN_POINT('',(-2.438163490354,-0.2,0.2));
#12501 = DIRECTION('',(-1.144237745222E-17,-1.,0.));
#12502 = DIRECTION('',(8.881784197001E-15,-1.016287272312E-31,-1.));
#12503 = ADVANCED_FACE('',(#12504),#12515,.F.);
#12504 = FACE_BOUND('',#12505,.F.);
#12505 = EDGE_LOOP('',(#12506,#12512,#12513,#12514));
#12506 = ORIENTED_EDGE('',*,*,#12507,.T.);
#12507 = EDGE_CURVE('',#10253,#10362,#12508,.T.);
#12508 = LINE('',#12509,#12510);
#12509 = CARTESIAN_POINT('',(-3.,-0.2,0.1));
#12510 = VECTOR('',#12511,1.);
#12511 = DIRECTION('',(1.144237745222E-17,1.,0.));
#12512 = ORIENTED_EDGE('',*,*,#10369,.T.);
#12513 = ORIENTED_EDGE('',*,*,#12490,.F.);
#12514 = ORIENTED_EDGE('',*,*,#10260,.F.);
#12515 = PLANE('',#12516);
#12516 = AXIS2_PLACEMENT_3D('',#12517,#12518,#12519);
#12517 = CARTESIAN_POINT('',(-3.,-0.2,0.1));
#12518 = DIRECTION('',(0.,0.,-1.));
#12519 = DIRECTION('',(1.,-1.144237745222E-17,0.));
#12520 = ADVANCED_FACE('',(#12521),#12532,.F.);
#12521 = FACE_BOUND('',#12522,.F.);
#12522 = EDGE_LOOP('',(#12523,#12529,#12530,#12531));
#12523 = ORIENTED_EDGE('',*,*,#12524,.T.);
#12524 = EDGE_CURVE('',#10245,#10354,#12525,.T.);
#12525 = LINE('',#12526,#12527);
#12526 = CARTESIAN_POINT('',(-3.,-0.2,-1.387778780781E-16));
#12527 = VECTOR('',#12528,1.);
#12528 = DIRECTION('',(1.144237745222E-17,1.,0.));
#12529 = ORIENTED_EDGE('',*,*,#10361,.T.);
#12530 = ORIENTED_EDGE('',*,*,#12507,.F.);
#12531 = ORIENTED_EDGE('',*,*,#10252,.F.);
#12532 = PLANE('',#12533);
#12533 = AXIS2_PLACEMENT_3D('',#12534,#12535,#12536);
#12534 = CARTESIAN_POINT('',(-3.,-0.2,-1.387778780781E-16));
#12535 = DIRECTION('',(1.,-1.144237745222E-17,0.));
#12536 = DIRECTION('',(0.,0.,1.));
#12537 = ADVANCED_FACE('',(#12538),#12549,.F.);
#12538 = FACE_BOUND('',#12539,.F.);
#12539 = EDGE_LOOP('',(#12540,#12546,#12547,#12548));
#12540 = ORIENTED_EDGE('',*,*,#12541,.T.);
#12541 = EDGE_CURVE('',#10236,#10345,#12542,.T.);
#12542 = LINE('',#12543,#12544);
#12543 = CARTESIAN_POINT('',(-2.438163490354,-0.2,-1.387778780781E-16));
#12544 = VECTOR('',#12545,1.);
#12545 = DIRECTION('',(1.144237745222E-17,1.,0.));
#12546 = ORIENTED_EDGE('',*,*,#10353,.T.);
#12547 = ORIENTED_EDGE('',*,*,#12524,.F.);
#12548 = ORIENTED_EDGE('',*,*,#10244,.F.);
#12549 = PLANE('',#12550);
#12550 = AXIS2_PLACEMENT_3D('',#12551,#12552,#12553);
#12551 = CARTESIAN_POINT('',(-2.438163490354,-0.2,-1.387778780781E-16));
#12552 = DIRECTION('',(0.,0.,1.));
#12553 = DIRECTION('',(-1.,1.144237745222E-17,0.));
#12554 = ADVANCED_FACE('',(#12555),#12566,.T.);
#12555 = FACE_BOUND('',#12556,.T.);
#12556 = EDGE_LOOP('',(#12557,#12558,#12559,#12560));
#12557 = ORIENTED_EDGE('',*,*,#10235,.T.);
#12558 = ORIENTED_EDGE('',*,*,#12541,.T.);
#12559 = ORIENTED_EDGE('',*,*,#10344,.F.);
#12560 = ORIENTED_EDGE('',*,*,#12561,.F.);
#12561 = EDGE_CURVE('',#10228,#10337,#12562,.T.);
#12562 = LINE('',#12563,#12564);
#12563 = CARTESIAN_POINT('',(-2.241201939752,-0.2,0.165270364467));
#12564 = VECTOR('',#12565,1.);
#12565 = DIRECTION('',(1.144237745222E-17,1.,0.));
#12566 = CYLINDRICAL_SURFACE('',#12567,0.2);
#12567 = AXIS2_PLACEMENT_3D('',#12568,#12569,#12570);
#12568 = CARTESIAN_POINT('',(-2.438163490354,-0.2,0.2));
#12569 = DIRECTION('',(-1.144237745222E-17,-1.,0.));
#12570 = DIRECTION('',(0.984807753012,-1.126854202784E-17,
    -0.173648177667));
#12571 = ADVANCED_FACE('',(#12572),#12578,.F.);
#12572 = FACE_BOUND('',#12573,.F.);
#12573 = EDGE_LOOP('',(#12574,#12575,#12576,#12577));
#12574 = ORIENTED_EDGE('',*,*,#10318,.T.);
#12575 = ORIENTED_EDGE('',*,*,#10336,.T.);
#12576 = ORIENTED_EDGE('',*,*,#12561,.F.);
#12577 = ORIENTED_EDGE('',*,*,#10227,.F.);
#12578 = PLANE('',#12579);
#12579 = AXIS2_PLACEMENT_3D('',#12580,#12581,#12582);
#12580 = CARTESIAN_POINT('',(-2.148480775301,-0.2,0.717364817767));
#12581 = DIRECTION('',(-0.986188825682,1.128434478261E-17,0.165624877661
    ));
#12582 = DIRECTION('',(-0.165624877661,1.895142365679E-18,
    -0.986188825682));
#12583 = ADVANCED_FACE('',(#12584),#12595,.T.);
#12584 = FACE_BOUND('',#12585,.T.);
#12585 = EDGE_LOOP('',(#12586,#12587,#12588,#12589));
#12586 = ORIENTED_EDGE('',*,*,#10508,.T.);
#12587 = ORIENTED_EDGE('',*,*,#11993,.T.);
#12588 = ORIENTED_EDGE('',*,*,#10617,.F.);
#12589 = ORIENTED_EDGE('',*,*,#12590,.F.);
#12590 = EDGE_CURVE('',#10501,#10610,#12591,.T.);
#12591 = LINE('',#12592,#12593);
#12592 = CARTESIAN_POINT('',(-2.246961550602,0.8,0.734729635533));
#12593 = VECTOR('',#12594,1.);
#12594 = DIRECTION('',(1.144237745222E-17,1.,0.));
#12595 = CYLINDRICAL_SURFACE('',#12596,0.2);
#12596 = AXIS2_PLACEMENT_3D('',#12597,#12598,#12599);
#12597 = CARTESIAN_POINT('',(-2.05,0.8,0.7));
#12598 = DIRECTION('',(-1.144237745222E-17,-1.,0.));
#12599 = DIRECTION('',(-0.984807753012,1.126854202784E-17,0.173648177667
    ));
#12600 = ADVANCED_FACE('',(#12601),#12612,.F.);
#12601 = FACE_BOUND('',#12602,.F.);
#12602 = EDGE_LOOP('',(#12603,#12609,#12610,#12611));
#12603 = ORIENTED_EDGE('',*,*,#12604,.T.);
#12604 = EDGE_CURVE('',#10492,#10601,#12605,.T.);
#12605 = LINE('',#12606,#12607);
#12606 = CARTESIAN_POINT('',(-2.339682715053,0.8,0.182635182233));
#12607 = VECTOR('',#12608,1.);
#12608 = DIRECTION('',(1.144237745222E-17,1.,0.));
#12609 = ORIENTED_EDGE('',*,*,#10609,.T.);
#12610 = ORIENTED_EDGE('',*,*,#12590,.F.);
#12611 = ORIENTED_EDGE('',*,*,#10500,.F.);
#12612 = PLANE('',#12613);
#12613 = AXIS2_PLACEMENT_3D('',#12614,#12615,#12616);
#12614 = CARTESIAN_POINT('',(-2.339682715053,0.8,0.182635182233));
#12615 = DIRECTION('',(0.986188825682,-1.128434478261E-17,
    -0.165624877661));
#12616 = DIRECTION('',(0.165624877661,-1.895142365679E-18,0.986188825682
    ));
#12617 = ADVANCED_FACE('',(#12618),#12629,.F.);
#12618 = FACE_BOUND('',#12619,.F.);
#12619 = EDGE_LOOP('',(#12620,#12626,#12627,#12628));
#12620 = ORIENTED_EDGE('',*,*,#12621,.T.);
#12621 = EDGE_CURVE('',#10484,#10593,#12622,.T.);
#12622 = LINE('',#12623,#12624);
#12623 = CARTESIAN_POINT('',(-2.438163490354,0.8,0.1));
#12624 = VECTOR('',#12625,1.);
#12625 = DIRECTION('',(1.144237745222E-17,1.,0.));
#12626 = ORIENTED_EDGE('',*,*,#10600,.T.);
#12627 = ORIENTED_EDGE('',*,*,#12604,.F.);
#12628 = ORIENTED_EDGE('',*,*,#10491,.F.);
#12629 = CYLINDRICAL_SURFACE('',#12630,0.1);
#12630 = AXIS2_PLACEMENT_3D('',#12631,#12632,#12633);
#12631 = CARTESIAN_POINT('',(-2.438163490354,0.8,0.2));
#12632 = DIRECTION('',(-1.144237745222E-17,-1.,0.));
#12633 = DIRECTION('',(8.881784197001E-15,-1.016287272312E-31,-1.));
#12634 = ADVANCED_FACE('',(#12635),#12646,.F.);
#12635 = FACE_BOUND('',#12636,.F.);
#12636 = EDGE_LOOP('',(#12637,#12643,#12644,#12645));
#12637 = ORIENTED_EDGE('',*,*,#12638,.T.);
#12638 = EDGE_CURVE('',#10476,#10585,#12639,.T.);
#12639 = LINE('',#12640,#12641);
#12640 = CARTESIAN_POINT('',(-3.,0.8,0.1));
#12641 = VECTOR('',#12642,1.);
#12642 = DIRECTION('',(1.144237745222E-17,1.,0.));
#12643 = ORIENTED_EDGE('',*,*,#10592,.T.);
#12644 = ORIENTED_EDGE('',*,*,#12621,.F.);
#12645 = ORIENTED_EDGE('',*,*,#10483,.F.);
#12646 = PLANE('',#12647);
#12647 = AXIS2_PLACEMENT_3D('',#12648,#12649,#12650);
#12648 = CARTESIAN_POINT('',(-3.,0.8,0.1));
#12649 = DIRECTION('',(0.,0.,-1.));
#12650 = DIRECTION('',(1.,-1.144237745222E-17,0.));
#12651 = ADVANCED_FACE('',(#12652),#12663,.F.);
#12652 = FACE_BOUND('',#12653,.F.);
#12653 = EDGE_LOOP('',(#12654,#12660,#12661,#12662));
#12654 = ORIENTED_EDGE('',*,*,#12655,.T.);
#12655 = EDGE_CURVE('',#10468,#10577,#12656,.T.);
#12656 = LINE('',#12657,#12658);
#12657 = CARTESIAN_POINT('',(-3.,0.8,-1.387778780781E-16));
#12658 = VECTOR('',#12659,1.);
#12659 = DIRECTION('',(1.144237745222E-17,1.,0.));
#12660 = ORIENTED_EDGE('',*,*,#10584,.T.);
#12661 = ORIENTED_EDGE('',*,*,#12638,.F.);
#12662 = ORIENTED_EDGE('',*,*,#10475,.F.);
#12663 = PLANE('',#12664);
#12664 = AXIS2_PLACEMENT_3D('',#12665,#12666,#12667);
#12665 = CARTESIAN_POINT('',(-3.,0.8,-1.387778780781E-16));
#12666 = DIRECTION('',(1.,-1.144237745222E-17,0.));
#12667 = DIRECTION('',(0.,0.,1.));
#12668 = ADVANCED_FACE('',(#12669),#12680,.F.);
#12669 = FACE_BOUND('',#12670,.F.);
#12670 = EDGE_LOOP('',(#12671,#12677,#12678,#12679));
#12671 = ORIENTED_EDGE('',*,*,#12672,.T.);
#12672 = EDGE_CURVE('',#10459,#10568,#12673,.T.);
#12673 = LINE('',#12674,#12675);
#12674 = CARTESIAN_POINT('',(-2.438163490354,0.8,-1.387778780781E-16));
#12675 = VECTOR('',#12676,1.);
#12676 = DIRECTION('',(1.144237745222E-17,1.,0.));
#12677 = ORIENTED_EDGE('',*,*,#10576,.T.);
#12678 = ORIENTED_EDGE('',*,*,#12655,.F.);
#12679 = ORIENTED_EDGE('',*,*,#10467,.F.);
#12680 = PLANE('',#12681);
#12681 = AXIS2_PLACEMENT_3D('',#12682,#12683,#12684);
#12682 = CARTESIAN_POINT('',(-2.438163490354,0.8,-1.387778780781E-16));
#12683 = DIRECTION('',(0.,0.,1.));
#12684 = DIRECTION('',(-1.,1.144237745222E-17,0.));
#12685 = ADVANCED_FACE('',(#12686),#12697,.T.);
#12686 = FACE_BOUND('',#12687,.T.);
#12687 = EDGE_LOOP('',(#12688,#12689,#12690,#12691));
#12688 = ORIENTED_EDGE('',*,*,#10458,.T.);
#12689 = ORIENTED_EDGE('',*,*,#12672,.T.);
#12690 = ORIENTED_EDGE('',*,*,#10567,.F.);
#12691 = ORIENTED_EDGE('',*,*,#12692,.F.);
#12692 = EDGE_CURVE('',#10451,#10560,#12693,.T.);
#12693 = LINE('',#12694,#12695);
#12694 = CARTESIAN_POINT('',(-2.241201939752,0.8,0.165270364467));
#12695 = VECTOR('',#12696,1.);
#12696 = DIRECTION('',(1.144237745222E-17,1.,0.));
#12697 = CYLINDRICAL_SURFACE('',#12698,0.2);
#12698 = AXIS2_PLACEMENT_3D('',#12699,#12700,#12701);
#12699 = CARTESIAN_POINT('',(-2.438163490354,0.8,0.2));
#12700 = DIRECTION('',(-1.144237745222E-17,-1.,0.));
#12701 = DIRECTION('',(0.984807753012,-1.126854202784E-17,
    -0.173648177667));
#12702 = ADVANCED_FACE('',(#12703),#12709,.F.);
#12703 = FACE_BOUND('',#12704,.F.);
#12704 = EDGE_LOOP('',(#12705,#12706,#12707,#12708));
#12705 = ORIENTED_EDGE('',*,*,#10541,.T.);
#12706 = ORIENTED_EDGE('',*,*,#10559,.T.);
#12707 = ORIENTED_EDGE('',*,*,#12692,.F.);
#12708 = ORIENTED_EDGE('',*,*,#10450,.F.);
#12709 = PLANE('',#12710);
#12710 = AXIS2_PLACEMENT_3D('',#12711,#12712,#12713);
#12711 = CARTESIAN_POINT('',(-2.148480775301,0.8,0.717364817767));
#12712 = DIRECTION('',(-0.986188825682,1.128434478261E-17,0.165624877661
    ));
#12713 = DIRECTION('',(-0.165624877661,1.895142365679E-18,
    -0.986188825682));
#12714 = ADVANCED_FACE('',(#12715),#12726,.F.);
#12715 = FACE_BOUND('',#12716,.F.);
#12716 = EDGE_LOOP('',(#12717,#12723,#12724,#12725));
#12717 = ORIENTED_EDGE('',*,*,#12718,.T.);
#12718 = EDGE_CURVE('',#10710,#10812,#12719,.T.);
#12719 = LINE('',#12720,#12721);
#12720 = CARTESIAN_POINT('',(-2.339682715053,1.8,0.182635182233));
#12721 = VECTOR('',#12722,1.);
#12722 = DIRECTION('',(1.144237745222E-17,1.,0.));
#12723 = ORIENTED_EDGE('',*,*,#10820,.T.);
#12724 = ORIENTED_EDGE('',*,*,#11921,.F.);
#12725 = ORIENTED_EDGE('',*,*,#10718,.F.);
#12726 = PLANE('',#12727);
#12727 = AXIS2_PLACEMENT_3D('',#12728,#12729,#12730);
#12728 = CARTESIAN_POINT('',(-2.339682715053,1.8,0.182635182233));
#12729 = DIRECTION('',(0.986188825682,-1.128434478261E-17,
    -0.165624877661));
#12730 = DIRECTION('',(0.165624877661,-1.895142365679E-18,0.986188825682
    ));
#12731 = ADVANCED_FACE('',(#12732),#12743,.F.);
#12732 = FACE_BOUND('',#12733,.F.);
#12733 = EDGE_LOOP('',(#12734,#12740,#12741,#12742));
#12734 = ORIENTED_EDGE('',*,*,#12735,.T.);
#12735 = EDGE_CURVE('',#10702,#10804,#12736,.T.);
#12736 = LINE('',#12737,#12738);
#12737 = CARTESIAN_POINT('',(-2.438163490354,1.8,0.1));
#12738 = VECTOR('',#12739,1.);
#12739 = DIRECTION('',(1.144237745222E-17,1.,0.));
#12740 = ORIENTED_EDGE('',*,*,#10811,.T.);
#12741 = ORIENTED_EDGE('',*,*,#12718,.F.);
#12742 = ORIENTED_EDGE('',*,*,#10709,.F.);
#12743 = CYLINDRICAL_SURFACE('',#12744,0.1);
#12744 = AXIS2_PLACEMENT_3D('',#12745,#12746,#12747);
#12745 = CARTESIAN_POINT('',(-2.438163490354,1.8,0.2));
#12746 = DIRECTION('',(-1.144237745222E-17,-1.,0.));
#12747 = DIRECTION('',(8.881784197001E-15,-1.016287272312E-31,-1.));
#12748 = ADVANCED_FACE('',(#12749),#12760,.F.);
#12749 = FACE_BOUND('',#12750,.F.);
#12750 = EDGE_LOOP('',(#12751,#12757,#12758,#12759));
#12751 = ORIENTED_EDGE('',*,*,#12752,.T.);
#12752 = EDGE_CURVE('',#10694,#10796,#12753,.T.);
#12753 = LINE('',#12754,#12755);
#12754 = CARTESIAN_POINT('',(-3.,1.8,0.1));
#12755 = VECTOR('',#12756,1.);
#12756 = DIRECTION('',(1.144237745222E-17,1.,0.));
#12757 = ORIENTED_EDGE('',*,*,#10803,.T.);
#12758 = ORIENTED_EDGE('',*,*,#12735,.F.);
#12759 = ORIENTED_EDGE('',*,*,#10701,.F.);
#12760 = PLANE('',#12761);
#12761 = AXIS2_PLACEMENT_3D('',#12762,#12763,#12764);
#12762 = CARTESIAN_POINT('',(-3.,1.8,0.1));
#12763 = DIRECTION('',(0.,0.,-1.));
#12764 = DIRECTION('',(1.,-1.144237745222E-17,0.));
#12765 = ADVANCED_FACE('',(#12766),#12777,.F.);
#12766 = FACE_BOUND('',#12767,.F.);
#12767 = EDGE_LOOP('',(#12768,#12774,#12775,#12776));
#12768 = ORIENTED_EDGE('',*,*,#12769,.T.);
#12769 = EDGE_CURVE('',#10686,#10788,#12770,.T.);
#12770 = LINE('',#12771,#12772);
#12771 = CARTESIAN_POINT('',(-3.,1.8,-1.387778780781E-16));
#12772 = VECTOR('',#12773,1.);
#12773 = DIRECTION('',(1.144237745222E-17,1.,0.));
#12774 = ORIENTED_EDGE('',*,*,#10795,.T.);
#12775 = ORIENTED_EDGE('',*,*,#12752,.F.);
#12776 = ORIENTED_EDGE('',*,*,#10693,.F.);
#12777 = PLANE('',#12778);
#12778 = AXIS2_PLACEMENT_3D('',#12779,#12780,#12781);
#12779 = CARTESIAN_POINT('',(-3.,1.8,-1.387778780781E-16));
#12780 = DIRECTION('',(1.,-1.144237745222E-17,0.));
#12781 = DIRECTION('',(0.,0.,1.));
#12782 = ADVANCED_FACE('',(#12783),#12794,.F.);
#12783 = FACE_BOUND('',#12784,.F.);
#12784 = EDGE_LOOP('',(#12785,#12791,#12792,#12793));
#12785 = ORIENTED_EDGE('',*,*,#12786,.T.);
#12786 = EDGE_CURVE('',#10677,#10779,#12787,.T.);
#12787 = LINE('',#12788,#12789);
#12788 = CARTESIAN_POINT('',(-2.438163490354,1.8,-1.387778780781E-16));
#12789 = VECTOR('',#12790,1.);
#12790 = DIRECTION('',(1.144237745222E-17,1.,0.));
#12791 = ORIENTED_EDGE('',*,*,#10787,.T.);
#12792 = ORIENTED_EDGE('',*,*,#12769,.F.);
#12793 = ORIENTED_EDGE('',*,*,#10685,.F.);
#12794 = PLANE('',#12795);
#12795 = AXIS2_PLACEMENT_3D('',#12796,#12797,#12798);
#12796 = CARTESIAN_POINT('',(-2.438163490354,1.8,-1.387778780781E-16));
#12797 = DIRECTION('',(0.,0.,1.));
#12798 = DIRECTION('',(-1.,1.144237745222E-17,0.));
#12799 = ADVANCED_FACE('',(#12800),#12811,.T.);
#12800 = FACE_BOUND('',#12801,.T.);
#12801 = EDGE_LOOP('',(#12802,#12803,#12804,#12805));
#12802 = ORIENTED_EDGE('',*,*,#10676,.T.);
#12803 = ORIENTED_EDGE('',*,*,#12786,.T.);
#12804 = ORIENTED_EDGE('',*,*,#10778,.F.);
#12805 = ORIENTED_EDGE('',*,*,#12806,.F.);
#12806 = EDGE_CURVE('',#10669,#10771,#12807,.T.);
#12807 = LINE('',#12808,#12809);
#12808 = CARTESIAN_POINT('',(-2.241201939752,1.8,0.165270364467));
#12809 = VECTOR('',#12810,1.);
#12810 = DIRECTION('',(1.144237745222E-17,1.,0.));
#12811 = CYLINDRICAL_SURFACE('',#12812,0.2);
#12812 = AXIS2_PLACEMENT_3D('',#12813,#12814,#12815);
#12813 = CARTESIAN_POINT('',(-2.438163490354,1.8,0.2));
#12814 = DIRECTION('',(-1.144237745222E-17,-1.,0.));
#12815 = DIRECTION('',(0.984807753012,-1.126854202784E-17,
    -0.173648177667));
#12816 = ADVANCED_FACE('',(#12817),#12823,.F.);
#12817 = FACE_BOUND('',#12818,.F.);
#12818 = EDGE_LOOP('',(#12819,#12820,#12821,#12822));
#12819 = ORIENTED_EDGE('',*,*,#10752,.T.);
#12820 = ORIENTED_EDGE('',*,*,#10770,.T.);
#12821 = ORIENTED_EDGE('',*,*,#12806,.F.);
#12822 = ORIENTED_EDGE('',*,*,#10668,.F.);
#12823 = PLANE('',#12824);
#12824 = AXIS2_PLACEMENT_3D('',#12825,#12826,#12827);
#12825 = CARTESIAN_POINT('',(-2.148480775301,1.8,0.717364817767));
#12826 = DIRECTION('',(-0.986188825682,1.128434478261E-17,0.165624877661
    ));
#12827 = DIRECTION('',(-0.165624877661,1.895142365679E-18,
    -0.986188825682));
#12828 = ADVANCED_FACE('',(#12829),#12840,.F.);
#12829 = FACE_BOUND('',#12830,.F.);
#12830 = EDGE_LOOP('',(#12831,#12837,#12838,#12839));
#12831 = ORIENTED_EDGE('',*,*,#12832,.T.);
#12832 = EDGE_CURVE('',#10897,#10999,#12833,.T.);
#12833 = LINE('',#12834,#12835);
#12834 = CARTESIAN_POINT('',(2.339682715053,2.2,0.182635182233));
#12835 = VECTOR('',#12836,1.);
#12836 = DIRECTION('',(1.110223024625E-16,-1.,0.));
#12837 = ORIENTED_EDGE('',*,*,#11007,.T.);
#12838 = ORIENTED_EDGE('',*,*,#12168,.F.);
#12839 = ORIENTED_EDGE('',*,*,#10905,.F.);
#12840 = PLANE('',#12841);
#12841 = AXIS2_PLACEMENT_3D('',#12842,#12843,#12844);
#12842 = CARTESIAN_POINT('',(2.339682715053,2.2,0.182635182233));
#12843 = DIRECTION('',(-0.986188825682,-1.0948895409E-16,-0.165624877661
    ));
#12844 = DIRECTION('',(-0.165624877661,-1.838805526304E-17,
    0.986188825682));
#12845 = ADVANCED_FACE('',(#12846),#12857,.F.);
#12846 = FACE_BOUND('',#12847,.F.);
#12847 = EDGE_LOOP('',(#12848,#12854,#12855,#12856));
#12848 = ORIENTED_EDGE('',*,*,#12849,.T.);
#12849 = EDGE_CURVE('',#10889,#10991,#12850,.T.);
#12850 = LINE('',#12851,#12852);
#12851 = CARTESIAN_POINT('',(2.438163490354,2.2,0.1));
#12852 = VECTOR('',#12853,1.);
#12853 = DIRECTION('',(1.110223024625E-16,-1.,0.));
#12854 = ORIENTED_EDGE('',*,*,#10998,.T.);
#12855 = ORIENTED_EDGE('',*,*,#12832,.F.);
#12856 = ORIENTED_EDGE('',*,*,#10896,.F.);
#12857 = CYLINDRICAL_SURFACE('',#12858,0.1);
#12858 = AXIS2_PLACEMENT_3D('',#12859,#12860,#12861);
#12859 = CARTESIAN_POINT('',(2.438163490354,2.2,0.2));
#12860 = DIRECTION('',(-1.110223024625E-16,1.,0.));
#12861 = DIRECTION('',(-8.881784197001E-15,-9.860761315261E-31,-1.));
#12862 = ADVANCED_FACE('',(#12863),#12874,.F.);
#12863 = FACE_BOUND('',#12864,.F.);
#12864 = EDGE_LOOP('',(#12865,#12871,#12872,#12873));
#12865 = ORIENTED_EDGE('',*,*,#12866,.T.);
#12866 = EDGE_CURVE('',#10881,#10983,#12867,.T.);
#12867 = LINE('',#12868,#12869);
#12868 = CARTESIAN_POINT('',(3.,2.2,0.1));
#12869 = VECTOR('',#12870,1.);
#12870 = DIRECTION('',(1.110223024625E-16,-1.,0.));
#12871 = ORIENTED_EDGE('',*,*,#10990,.T.);
#12872 = ORIENTED_EDGE('',*,*,#12849,.F.);
#12873 = ORIENTED_EDGE('',*,*,#10888,.F.);
#12874 = PLANE('',#12875);
#12875 = AXIS2_PLACEMENT_3D('',#12876,#12877,#12878);
#12876 = CARTESIAN_POINT('',(3.,2.2,0.1));
#12877 = DIRECTION('',(0.,0.,-1.));
#12878 = DIRECTION('',(-1.,-1.110223024625E-16,-0.));
#12879 = ADVANCED_FACE('',(#12880),#12891,.F.);
#12880 = FACE_BOUND('',#12881,.F.);
#12881 = EDGE_LOOP('',(#12882,#12888,#12889,#12890));
#12882 = ORIENTED_EDGE('',*,*,#12883,.T.);
#12883 = EDGE_CURVE('',#10873,#10975,#12884,.T.);
#12884 = LINE('',#12885,#12886);
#12885 = CARTESIAN_POINT('',(3.,2.2,-1.387778780781E-16));
#12886 = VECTOR('',#12887,1.);
#12887 = DIRECTION('',(1.110223024625E-16,-1.,0.));
#12888 = ORIENTED_EDGE('',*,*,#10982,.T.);
#12889 = ORIENTED_EDGE('',*,*,#12866,.F.);
#12890 = ORIENTED_EDGE('',*,*,#10880,.F.);
#12891 = PLANE('',#12892);
#12892 = AXIS2_PLACEMENT_3D('',#12893,#12894,#12895);
#12893 = CARTESIAN_POINT('',(3.,2.2,-1.387778780781E-16));
#12894 = DIRECTION('',(-1.,-1.110223024625E-16,0.));
#12895 = DIRECTION('',(0.,0.,1.));
#12896 = ADVANCED_FACE('',(#12897),#12908,.F.);
#12897 = FACE_BOUND('',#12898,.F.);
#12898 = EDGE_LOOP('',(#12899,#12905,#12906,#12907));
#12899 = ORIENTED_EDGE('',*,*,#12900,.T.);
#12900 = EDGE_CURVE('',#10864,#10966,#12901,.T.);
#12901 = LINE('',#12902,#12903);
#12902 = CARTESIAN_POINT('',(2.438163490354,2.2,-1.387778780781E-16));
#12903 = VECTOR('',#12904,1.);
#12904 = DIRECTION('',(1.110223024625E-16,-1.,0.));
#12905 = ORIENTED_EDGE('',*,*,#10974,.T.);
#12906 = ORIENTED_EDGE('',*,*,#12883,.F.);
#12907 = ORIENTED_EDGE('',*,*,#10872,.F.);
#12908 = PLANE('',#12909);
#12909 = AXIS2_PLACEMENT_3D('',#12910,#12911,#12912);
#12910 = CARTESIAN_POINT('',(2.438163490354,2.2,-1.387778780781E-16));
#12911 = DIRECTION('',(0.,0.,1.));
#12912 = DIRECTION('',(1.,1.110223024625E-16,-0.));
#12913 = ADVANCED_FACE('',(#12914),#12925,.T.);
#12914 = FACE_BOUND('',#12915,.T.);
#12915 = EDGE_LOOP('',(#12916,#12917,#12918,#12919));
#12916 = ORIENTED_EDGE('',*,*,#10863,.T.);
#12917 = ORIENTED_EDGE('',*,*,#12900,.T.);
#12918 = ORIENTED_EDGE('',*,*,#10965,.F.);
#12919 = ORIENTED_EDGE('',*,*,#12920,.F.);
#12920 = EDGE_CURVE('',#10856,#10958,#12921,.T.);
#12921 = LINE('',#12922,#12923);
#12922 = CARTESIAN_POINT('',(2.241201939752,2.2,0.165270364467));
#12923 = VECTOR('',#12924,1.);
#12924 = DIRECTION('',(1.110223024625E-16,-1.,0.));
#12925 = CYLINDRICAL_SURFACE('',#12926,0.2);
#12926 = AXIS2_PLACEMENT_3D('',#12927,#12928,#12929);
#12927 = CARTESIAN_POINT('',(2.438163490354,2.2,0.2));
#12928 = DIRECTION('',(-1.110223024625E-16,1.,0.));
#12929 = DIRECTION('',(-0.984807753012,-1.093356242223E-16,
    -0.173648177667));
#12930 = ADVANCED_FACE('',(#12931),#12937,.F.);
#12931 = FACE_BOUND('',#12932,.F.);
#12932 = EDGE_LOOP('',(#12933,#12934,#12935,#12936));
#12933 = ORIENTED_EDGE('',*,*,#10939,.T.);
#12934 = ORIENTED_EDGE('',*,*,#10957,.T.);
#12935 = ORIENTED_EDGE('',*,*,#12920,.F.);
#12936 = ORIENTED_EDGE('',*,*,#10855,.F.);
#12937 = PLANE('',#12938);
#12938 = AXIS2_PLACEMENT_3D('',#12939,#12940,#12941);
#12939 = CARTESIAN_POINT('',(2.148480775301,2.2,0.717364817767));
#12940 = DIRECTION('',(0.986188825682,1.0948895409E-16,0.165624877661));
#12941 = DIRECTION('',(0.165624877661,1.838805526304E-17,-0.986188825682
    ));
#12942 = ADVANCED_FACE('',(#12943),#12954,.T.);
#12943 = FACE_BOUND('',#12944,.T.);
#12944 = EDGE_LOOP('',(#12945,#12946,#12947,#12948));
#12945 = ORIENTED_EDGE('',*,*,#11117,.T.);
#12946 = ORIENTED_EDGE('',*,*,#12074,.T.);
#12947 = ORIENTED_EDGE('',*,*,#11226,.F.);
#12948 = ORIENTED_EDGE('',*,*,#12949,.F.);
#12949 = EDGE_CURVE('',#11110,#11219,#12950,.T.);
#12950 = LINE('',#12951,#12952);
#12951 = CARTESIAN_POINT('',(2.246961550602,1.2,0.734729635533));
#12952 = VECTOR('',#12953,1.);
#12953 = DIRECTION('',(1.110223024625E-16,-1.,0.));
#12954 = CYLINDRICAL_SURFACE('',#12955,0.2);
#12955 = AXIS2_PLACEMENT_3D('',#12956,#12957,#12958);
#12956 = CARTESIAN_POINT('',(2.05,1.2,0.7));
#12957 = DIRECTION('',(-1.110223024625E-16,1.,0.));
#12958 = DIRECTION('',(0.984807753012,1.093356242223E-16,0.173648177667)
  );
#12959 = ADVANCED_FACE('',(#12960),#12971,.F.);
#12960 = FACE_BOUND('',#12961,.F.);
#12961 = EDGE_LOOP('',(#12962,#12968,#12969,#12970));
#12962 = ORIENTED_EDGE('',*,*,#12963,.T.);
#12963 = EDGE_CURVE('',#11101,#11210,#12964,.T.);
#12964 = LINE('',#12965,#12966);
#12965 = CARTESIAN_POINT('',(2.339682715053,1.2,0.182635182233));
#12966 = VECTOR('',#12967,1.);
#12967 = DIRECTION('',(1.110223024625E-16,-1.,0.));
#12968 = ORIENTED_EDGE('',*,*,#11218,.T.);
#12969 = ORIENTED_EDGE('',*,*,#12949,.F.);
#12970 = ORIENTED_EDGE('',*,*,#11109,.F.);
#12971 = PLANE('',#12972);
#12972 = AXIS2_PLACEMENT_3D('',#12973,#12974,#12975);
#12973 = CARTESIAN_POINT('',(2.339682715053,1.2,0.182635182233));
#12974 = DIRECTION('',(-0.986188825682,-1.0948895409E-16,-0.165624877661
    ));
#12975 = DIRECTION('',(-0.165624877661,-1.838805526304E-17,
    0.986188825682));
#12976 = ADVANCED_FACE('',(#12977),#12988,.F.);
#12977 = FACE_BOUND('',#12978,.F.);
#12978 = EDGE_LOOP('',(#12979,#12985,#12986,#12987));
#12979 = ORIENTED_EDGE('',*,*,#12980,.T.);
#12980 = EDGE_CURVE('',#11093,#11202,#12981,.T.);
#12981 = LINE('',#12982,#12983);
#12982 = CARTESIAN_POINT('',(2.438163490354,1.2,0.1));
#12983 = VECTOR('',#12984,1.);
#12984 = DIRECTION('',(1.110223024625E-16,-1.,0.));
#12985 = ORIENTED_EDGE('',*,*,#11209,.T.);
#12986 = ORIENTED_EDGE('',*,*,#12963,.F.);
#12987 = ORIENTED_EDGE('',*,*,#11100,.F.);
#12988 = CYLINDRICAL_SURFACE('',#12989,0.1);
#12989 = AXIS2_PLACEMENT_3D('',#12990,#12991,#12992);
#12990 = CARTESIAN_POINT('',(2.438163490354,1.2,0.2));
#12991 = DIRECTION('',(-1.110223024625E-16,1.,0.));
#12992 = DIRECTION('',(-8.881784197001E-15,-9.860761315261E-31,-1.));
#12993 = ADVANCED_FACE('',(#12994),#13005,.F.);
#12994 = FACE_BOUND('',#12995,.F.);
#12995 = EDGE_LOOP('',(#12996,#13002,#13003,#13004));
#12996 = ORIENTED_EDGE('',*,*,#12997,.T.);
#12997 = EDGE_CURVE('',#11085,#11194,#12998,.T.);
#12998 = LINE('',#12999,#13000);
#12999 = CARTESIAN_POINT('',(3.,1.2,0.1));
#13000 = VECTOR('',#13001,1.);
#13001 = DIRECTION('',(1.110223024625E-16,-1.,0.));
#13002 = ORIENTED_EDGE('',*,*,#11201,.T.);
#13003 = ORIENTED_EDGE('',*,*,#12980,.F.);
#13004 = ORIENTED_EDGE('',*,*,#11092,.F.);
#13005 = PLANE('',#13006);
#13006 = AXIS2_PLACEMENT_3D('',#13007,#13008,#13009);
#13007 = CARTESIAN_POINT('',(3.,1.2,0.1));
#13008 = DIRECTION('',(0.,0.,-1.));
#13009 = DIRECTION('',(-1.,-1.110223024625E-16,-0.));
#13010 = ADVANCED_FACE('',(#13011),#13022,.F.);
#13011 = FACE_BOUND('',#13012,.F.);
#13012 = EDGE_LOOP('',(#13013,#13019,#13020,#13021));
#13013 = ORIENTED_EDGE('',*,*,#13014,.T.);
#13014 = EDGE_CURVE('',#11077,#11186,#13015,.T.);
#13015 = LINE('',#13016,#13017);
#13016 = CARTESIAN_POINT('',(3.,1.2,-1.387778780781E-16));
#13017 = VECTOR('',#13018,1.);
#13018 = DIRECTION('',(1.110223024625E-16,-1.,0.));
#13019 = ORIENTED_EDGE('',*,*,#11193,.T.);
#13020 = ORIENTED_EDGE('',*,*,#12997,.F.);
#13021 = ORIENTED_EDGE('',*,*,#11084,.F.);
#13022 = PLANE('',#13023);
#13023 = AXIS2_PLACEMENT_3D('',#13024,#13025,#13026);
#13024 = CARTESIAN_POINT('',(3.,1.2,-1.387778780781E-16));
#13025 = DIRECTION('',(-1.,-1.110223024625E-16,0.));
#13026 = DIRECTION('',(0.,0.,1.));
#13027 = ADVANCED_FACE('',(#13028),#13039,.F.);
#13028 = FACE_BOUND('',#13029,.F.);
#13029 = EDGE_LOOP('',(#13030,#13036,#13037,#13038));
#13030 = ORIENTED_EDGE('',*,*,#13031,.T.);
#13031 = EDGE_CURVE('',#11068,#11177,#13032,.T.);
#13032 = LINE('',#13033,#13034);
#13033 = CARTESIAN_POINT('',(2.438163490354,1.2,-1.387778780781E-16));
#13034 = VECTOR('',#13035,1.);
#13035 = DIRECTION('',(1.110223024625E-16,-1.,0.));
#13036 = ORIENTED_EDGE('',*,*,#11185,.T.);
#13037 = ORIENTED_EDGE('',*,*,#13014,.F.);
#13038 = ORIENTED_EDGE('',*,*,#11076,.F.);
#13039 = PLANE('',#13040);
#13040 = AXIS2_PLACEMENT_3D('',#13041,#13042,#13043);
#13041 = CARTESIAN_POINT('',(2.438163490354,1.2,-1.387778780781E-16));
#13042 = DIRECTION('',(0.,0.,1.));
#13043 = DIRECTION('',(1.,1.110223024625E-16,-0.));
#13044 = ADVANCED_FACE('',(#13045),#13056,.T.);
#13045 = FACE_BOUND('',#13046,.T.);
#13046 = EDGE_LOOP('',(#13047,#13048,#13049,#13050));
#13047 = ORIENTED_EDGE('',*,*,#11067,.T.);
#13048 = ORIENTED_EDGE('',*,*,#13031,.T.);
#13049 = ORIENTED_EDGE('',*,*,#11176,.F.);
#13050 = ORIENTED_EDGE('',*,*,#13051,.F.);
#13051 = EDGE_CURVE('',#11060,#11169,#13052,.T.);
#13052 = LINE('',#13053,#13054);
#13053 = CARTESIAN_POINT('',(2.241201939752,1.2,0.165270364467));
#13054 = VECTOR('',#13055,1.);
#13055 = DIRECTION('',(1.110223024625E-16,-1.,0.));
#13056 = CYLINDRICAL_SURFACE('',#13057,0.2);
#13057 = AXIS2_PLACEMENT_3D('',#13058,#13059,#13060);
#13058 = CARTESIAN_POINT('',(2.438163490354,1.2,0.2));
#13059 = DIRECTION('',(-1.110223024625E-16,1.,0.));
#13060 = DIRECTION('',(-0.984807753012,-1.093356242223E-16,
    -0.173648177667));
#13061 = ADVANCED_FACE('',(#13062),#13068,.F.);
#13062 = FACE_BOUND('',#13063,.F.);
#13063 = EDGE_LOOP('',(#13064,#13065,#13066,#13067));
#13064 = ORIENTED_EDGE('',*,*,#11150,.T.);
#13065 = ORIENTED_EDGE('',*,*,#11168,.T.);
#13066 = ORIENTED_EDGE('',*,*,#13051,.F.);
#13067 = ORIENTED_EDGE('',*,*,#11059,.F.);
#13068 = PLANE('',#13069);
#13069 = AXIS2_PLACEMENT_3D('',#13070,#13071,#13072);
#13070 = CARTESIAN_POINT('',(2.148480775301,1.2,0.717364817767));
#13071 = DIRECTION('',(0.986188825682,1.0948895409E-16,0.165624877661));
#13072 = DIRECTION('',(0.165624877661,1.838805526304E-17,-0.986188825682
    ));
#13073 = ADVANCED_FACE('',(#13074),#13085,.T.);
#13074 = FACE_BOUND('',#13075,.T.);
#13075 = EDGE_LOOP('',(#13076,#13077,#13078,#13079));
#13076 = ORIENTED_EDGE('',*,*,#11340,.T.);
#13077 = ORIENTED_EDGE('',*,*,#12093,.T.);
#13078 = ORIENTED_EDGE('',*,*,#11449,.F.);
#13079 = ORIENTED_EDGE('',*,*,#13080,.F.);
#13080 = EDGE_CURVE('',#11333,#11442,#13081,.T.);
#13081 = LINE('',#13082,#13083);
#13082 = CARTESIAN_POINT('',(2.246961550602,0.2,0.734729635533));
#13083 = VECTOR('',#13084,1.);
#13084 = DIRECTION('',(1.110223024625E-16,-1.,0.));
#13085 = CYLINDRICAL_SURFACE('',#13086,0.2);
#13086 = AXIS2_PLACEMENT_3D('',#13087,#13088,#13089);
#13087 = CARTESIAN_POINT('',(2.05,0.2,0.7));
#13088 = DIRECTION('',(-1.110223024625E-16,1.,0.));
#13089 = DIRECTION('',(0.984807753012,1.093356242223E-16,0.173648177667)
  );
#13090 = ADVANCED_FACE('',(#13091),#13102,.F.);
#13091 = FACE_BOUND('',#13092,.F.);
#13092 = EDGE_LOOP('',(#13093,#13099,#13100,#13101));
#13093 = ORIENTED_EDGE('',*,*,#13094,.T.);
#13094 = EDGE_CURVE('',#11324,#11433,#13095,.T.);
#13095 = LINE('',#13096,#13097);
#13096 = CARTESIAN_POINT('',(2.339682715053,0.2,0.182635182233));
#13097 = VECTOR('',#13098,1.);
#13098 = DIRECTION('',(1.110223024625E-16,-1.,0.));
#13099 = ORIENTED_EDGE('',*,*,#11441,.T.);
#13100 = ORIENTED_EDGE('',*,*,#13080,.F.);
#13101 = ORIENTED_EDGE('',*,*,#11332,.F.);
#13102 = PLANE('',#13103);
#13103 = AXIS2_PLACEMENT_3D('',#13104,#13105,#13106);
#13104 = CARTESIAN_POINT('',(2.339682715053,0.2,0.182635182233));
#13105 = DIRECTION('',(-0.986188825682,-1.0948895409E-16,-0.165624877661
    ));
#13106 = DIRECTION('',(-0.165624877661,-1.838805526304E-17,
    0.986188825682));
#13107 = ADVANCED_FACE('',(#13108),#13119,.F.);
#13108 = FACE_BOUND('',#13109,.F.);
#13109 = EDGE_LOOP('',(#13110,#13116,#13117,#13118));
#13110 = ORIENTED_EDGE('',*,*,#13111,.T.);
#13111 = EDGE_CURVE('',#11316,#11425,#13112,.T.);
#13112 = LINE('',#13113,#13114);
#13113 = CARTESIAN_POINT('',(2.438163490354,0.2,0.1));
#13114 = VECTOR('',#13115,1.);
#13115 = DIRECTION('',(1.110223024625E-16,-1.,0.));
#13116 = ORIENTED_EDGE('',*,*,#11432,.T.);
#13117 = ORIENTED_EDGE('',*,*,#13094,.F.);
#13118 = ORIENTED_EDGE('',*,*,#11323,.F.);
#13119 = CYLINDRICAL_SURFACE('',#13120,0.1);
#13120 = AXIS2_PLACEMENT_3D('',#13121,#13122,#13123);
#13121 = CARTESIAN_POINT('',(2.438163490354,0.2,0.2));
#13122 = DIRECTION('',(-1.110223024625E-16,1.,0.));
#13123 = DIRECTION('',(-8.881784197001E-15,-9.860761315261E-31,-1.));
#13124 = ADVANCED_FACE('',(#13125),#13136,.F.);
#13125 = FACE_BOUND('',#13126,.F.);
#13126 = EDGE_LOOP('',(#13127,#13133,#13134,#13135));
#13127 = ORIENTED_EDGE('',*,*,#13128,.T.);
#13128 = EDGE_CURVE('',#11308,#11417,#13129,.T.);
#13129 = LINE('',#13130,#13131);
#13130 = CARTESIAN_POINT('',(3.,0.2,0.1));
#13131 = VECTOR('',#13132,1.);
#13132 = DIRECTION('',(1.110223024625E-16,-1.,0.));
#13133 = ORIENTED_EDGE('',*,*,#11424,.T.);
#13134 = ORIENTED_EDGE('',*,*,#13111,.F.);
#13135 = ORIENTED_EDGE('',*,*,#11315,.F.);
#13136 = PLANE('',#13137);
#13137 = AXIS2_PLACEMENT_3D('',#13138,#13139,#13140);
#13138 = CARTESIAN_POINT('',(3.,0.2,0.1));
#13139 = DIRECTION('',(0.,0.,-1.));
#13140 = DIRECTION('',(-1.,-1.110223024625E-16,-0.));
#13141 = ADVANCED_FACE('',(#13142),#13153,.F.);
#13142 = FACE_BOUND('',#13143,.F.);
#13143 = EDGE_LOOP('',(#13144,#13150,#13151,#13152));
#13144 = ORIENTED_EDGE('',*,*,#13145,.T.);
#13145 = EDGE_CURVE('',#11300,#11409,#13146,.T.);
#13146 = LINE('',#13147,#13148);
#13147 = CARTESIAN_POINT('',(3.,0.2,-1.387778780781E-16));
#13148 = VECTOR('',#13149,1.);
#13149 = DIRECTION('',(1.110223024625E-16,-1.,0.));
#13150 = ORIENTED_EDGE('',*,*,#11416,.T.);
#13151 = ORIENTED_EDGE('',*,*,#13128,.F.);
#13152 = ORIENTED_EDGE('',*,*,#11307,.F.);
#13153 = PLANE('',#13154);
#13154 = AXIS2_PLACEMENT_3D('',#13155,#13156,#13157);
#13155 = CARTESIAN_POINT('',(3.,0.2,-1.387778780781E-16));
#13156 = DIRECTION('',(-1.,-1.110223024625E-16,0.));
#13157 = DIRECTION('',(0.,0.,1.));
#13158 = ADVANCED_FACE('',(#13159),#13170,.F.);
#13159 = FACE_BOUND('',#13160,.F.);
#13160 = EDGE_LOOP('',(#13161,#13167,#13168,#13169));
#13161 = ORIENTED_EDGE('',*,*,#13162,.T.);
#13162 = EDGE_CURVE('',#11291,#11400,#13163,.T.);
#13163 = LINE('',#13164,#13165);
#13164 = CARTESIAN_POINT('',(2.438163490354,0.2,-1.387778780781E-16));
#13165 = VECTOR('',#13166,1.);
#13166 = DIRECTION('',(1.110223024625E-16,-1.,0.));
#13167 = ORIENTED_EDGE('',*,*,#11408,.T.);
#13168 = ORIENTED_EDGE('',*,*,#13145,.F.);
#13169 = ORIENTED_EDGE('',*,*,#11299,.F.);
#13170 = PLANE('',#13171);
#13171 = AXIS2_PLACEMENT_3D('',#13172,#13173,#13174);
#13172 = CARTESIAN_POINT('',(2.438163490354,0.2,-1.387778780781E-16));
#13173 = DIRECTION('',(0.,0.,1.));
#13174 = DIRECTION('',(1.,1.110223024625E-16,-0.));
#13175 = ADVANCED_FACE('',(#13176),#13187,.T.);
#13176 = FACE_BOUND('',#13177,.T.);
#13177 = EDGE_LOOP('',(#13178,#13179,#13180,#13181));
#13178 = ORIENTED_EDGE('',*,*,#11290,.T.);
#13179 = ORIENTED_EDGE('',*,*,#13162,.T.);
#13180 = ORIENTED_EDGE('',*,*,#11399,.F.);
#13181 = ORIENTED_EDGE('',*,*,#13182,.F.);
#13182 = EDGE_CURVE('',#11283,#11392,#13183,.T.);
#13183 = LINE('',#13184,#13185);
#13184 = CARTESIAN_POINT('',(2.241201939752,0.2,0.165270364467));
#13185 = VECTOR('',#13186,1.);
#13186 = DIRECTION('',(1.110223024625E-16,-1.,0.));
#13187 = CYLINDRICAL_SURFACE('',#13188,0.2);
#13188 = AXIS2_PLACEMENT_3D('',#13189,#13190,#13191);
#13189 = CARTESIAN_POINT('',(2.438163490354,0.2,0.2));
#13190 = DIRECTION('',(-1.110223024625E-16,1.,0.));
#13191 = DIRECTION('',(-0.984807753012,-1.093356242223E-16,
    -0.173648177667));
#13192 = ADVANCED_FACE('',(#13193),#13199,.F.);
#13193 = FACE_BOUND('',#13194,.F.);
#13194 = EDGE_LOOP('',(#13195,#13196,#13197,#13198));
#13195 = ORIENTED_EDGE('',*,*,#11373,.T.);
#13196 = ORIENTED_EDGE('',*,*,#11391,.T.);
#13197 = ORIENTED_EDGE('',*,*,#13182,.F.);
#13198 = ORIENTED_EDGE('',*,*,#11282,.F.);
#13199 = PLANE('',#13200);
#13200 = AXIS2_PLACEMENT_3D('',#13201,#13202,#13203);
#13201 = CARTESIAN_POINT('',(2.148480775301,0.2,0.717364817767));
#13202 = DIRECTION('',(0.986188825682,1.0948895409E-16,0.165624877661));
#13203 = DIRECTION('',(0.165624877661,1.838805526304E-17,-0.986188825682
    ));
#13204 = ADVANCED_FACE('',(#13205),#13216,.T.);
#13205 = FACE_BOUND('',#13206,.T.);
#13206 = EDGE_LOOP('',(#13207,#13208,#13209,#13210));
#13207 = ORIENTED_EDGE('',*,*,#11563,.T.);
#13208 = ORIENTED_EDGE('',*,*,#12112,.T.);
#13209 = ORIENTED_EDGE('',*,*,#11672,.F.);
#13210 = ORIENTED_EDGE('',*,*,#13211,.F.);
#13211 = EDGE_CURVE('',#11556,#11665,#13212,.T.);
#13212 = LINE('',#13213,#13214);
#13213 = CARTESIAN_POINT('',(2.246961550602,-0.8,0.734729635533));
#13214 = VECTOR('',#13215,1.);
#13215 = DIRECTION('',(1.110223024625E-16,-1.,0.));
#13216 = CYLINDRICAL_SURFACE('',#13217,0.2);
#13217 = AXIS2_PLACEMENT_3D('',#13218,#13219,#13220);
#13218 = CARTESIAN_POINT('',(2.05,-0.8,0.7));
#13219 = DIRECTION('',(-1.110223024625E-16,1.,0.));
#13220 = DIRECTION('',(0.984807753012,1.093356242223E-16,0.173648177667)
  );
#13221 = ADVANCED_FACE('',(#13222),#13233,.F.);
#13222 = FACE_BOUND('',#13223,.F.);
#13223 = EDGE_LOOP('',(#13224,#13230,#13231,#13232));
#13224 = ORIENTED_EDGE('',*,*,#13225,.T.);
#13225 = EDGE_CURVE('',#11547,#11656,#13226,.T.);
#13226 = LINE('',#13227,#13228);
#13227 = CARTESIAN_POINT('',(2.339682715053,-0.8,0.182635182233));
#13228 = VECTOR('',#13229,1.);
#13229 = DIRECTION('',(1.110223024625E-16,-1.,0.));
#13230 = ORIENTED_EDGE('',*,*,#11664,.T.);
#13231 = ORIENTED_EDGE('',*,*,#13211,.F.);
#13232 = ORIENTED_EDGE('',*,*,#11555,.F.);
#13233 = PLANE('',#13234);
#13234 = AXIS2_PLACEMENT_3D('',#13235,#13236,#13237);
#13235 = CARTESIAN_POINT('',(2.339682715053,-0.8,0.182635182233));
#13236 = DIRECTION('',(-0.986188825682,-1.0948895409E-16,-0.165624877661
    ));
#13237 = DIRECTION('',(-0.165624877661,-1.838805526304E-17,
    0.986188825682));
#13238 = ADVANCED_FACE('',(#13239),#13250,.F.);
#13239 = FACE_BOUND('',#13240,.F.);
#13240 = EDGE_LOOP('',(#13241,#13247,#13248,#13249));
#13241 = ORIENTED_EDGE('',*,*,#13242,.T.);
#13242 = EDGE_CURVE('',#11539,#11648,#13243,.T.);
#13243 = LINE('',#13244,#13245);
#13244 = CARTESIAN_POINT('',(2.438163490354,-0.8,0.1));
#13245 = VECTOR('',#13246,1.);
#13246 = DIRECTION('',(1.110223024625E-16,-1.,0.));
#13247 = ORIENTED_EDGE('',*,*,#11655,.T.);
#13248 = ORIENTED_EDGE('',*,*,#13225,.F.);
#13249 = ORIENTED_EDGE('',*,*,#11546,.F.);
#13250 = CYLINDRICAL_SURFACE('',#13251,0.1);
#13251 = AXIS2_PLACEMENT_3D('',#13252,#13253,#13254);
#13252 = CARTESIAN_POINT('',(2.438163490354,-0.8,0.2));
#13253 = DIRECTION('',(-1.110223024625E-16,1.,0.));
#13254 = DIRECTION('',(-8.881784197001E-15,-9.860761315261E-31,-1.));
#13255 = ADVANCED_FACE('',(#13256),#13267,.F.);
#13256 = FACE_BOUND('',#13257,.F.);
#13257 = EDGE_LOOP('',(#13258,#13264,#13265,#13266));
#13258 = ORIENTED_EDGE('',*,*,#13259,.T.);
#13259 = EDGE_CURVE('',#11531,#11640,#13260,.T.);
#13260 = LINE('',#13261,#13262);
#13261 = CARTESIAN_POINT('',(3.,-0.8,0.1));
#13262 = VECTOR('',#13263,1.);
#13263 = DIRECTION('',(1.110223024625E-16,-1.,0.));
#13264 = ORIENTED_EDGE('',*,*,#11647,.T.);
#13265 = ORIENTED_EDGE('',*,*,#13242,.F.);
#13266 = ORIENTED_EDGE('',*,*,#11538,.F.);
#13267 = PLANE('',#13268);
#13268 = AXIS2_PLACEMENT_3D('',#13269,#13270,#13271);
#13269 = CARTESIAN_POINT('',(3.,-0.8,0.1));
#13270 = DIRECTION('',(0.,0.,-1.));
#13271 = DIRECTION('',(-1.,-1.110223024625E-16,-0.));
#13272 = ADVANCED_FACE('',(#13273),#13284,.F.);
#13273 = FACE_BOUND('',#13274,.F.);
#13274 = EDGE_LOOP('',(#13275,#13281,#13282,#13283));
#13275 = ORIENTED_EDGE('',*,*,#13276,.T.);
#13276 = EDGE_CURVE('',#11523,#11632,#13277,.T.);
#13277 = LINE('',#13278,#13279);
#13278 = CARTESIAN_POINT('',(3.,-0.8,-1.387778780781E-16));
#13279 = VECTOR('',#13280,1.);
#13280 = DIRECTION('',(1.110223024625E-16,-1.,0.));
#13281 = ORIENTED_EDGE('',*,*,#11639,.T.);
#13282 = ORIENTED_EDGE('',*,*,#13259,.F.);
#13283 = ORIENTED_EDGE('',*,*,#11530,.F.);
#13284 = PLANE('',#13285);
#13285 = AXIS2_PLACEMENT_3D('',#13286,#13287,#13288);
#13286 = CARTESIAN_POINT('',(3.,-0.8,-1.387778780781E-16));
#13287 = DIRECTION('',(-1.,-1.110223024625E-16,0.));
#13288 = DIRECTION('',(0.,0.,1.));
#13289 = ADVANCED_FACE('',(#13290),#13301,.F.);
#13290 = FACE_BOUND('',#13291,.F.);
#13291 = EDGE_LOOP('',(#13292,#13298,#13299,#13300));
#13292 = ORIENTED_EDGE('',*,*,#13293,.T.);
#13293 = EDGE_CURVE('',#11514,#11623,#13294,.T.);
#13294 = LINE('',#13295,#13296);
#13295 = CARTESIAN_POINT('',(2.438163490354,-0.8,-1.387778780781E-16));
#13296 = VECTOR('',#13297,1.);
#13297 = DIRECTION('',(1.110223024625E-16,-1.,0.));
#13298 = ORIENTED_EDGE('',*,*,#11631,.T.);
#13299 = ORIENTED_EDGE('',*,*,#13276,.F.);
#13300 = ORIENTED_EDGE('',*,*,#11522,.F.);
#13301 = PLANE('',#13302);
#13302 = AXIS2_PLACEMENT_3D('',#13303,#13304,#13305);
#13303 = CARTESIAN_POINT('',(2.438163490354,-0.8,-1.387778780781E-16));
#13304 = DIRECTION('',(0.,0.,1.));
#13305 = DIRECTION('',(1.,1.110223024625E-16,-0.));
#13306 = ADVANCED_FACE('',(#13307),#13318,.T.);
#13307 = FACE_BOUND('',#13308,.T.);
#13308 = EDGE_LOOP('',(#13309,#13310,#13311,#13312));
#13309 = ORIENTED_EDGE('',*,*,#11513,.T.);
#13310 = ORIENTED_EDGE('',*,*,#13293,.T.);
#13311 = ORIENTED_EDGE('',*,*,#11622,.F.);
#13312 = ORIENTED_EDGE('',*,*,#13313,.F.);
#13313 = EDGE_CURVE('',#11506,#11615,#13314,.T.);
#13314 = LINE('',#13315,#13316);
#13315 = CARTESIAN_POINT('',(2.241201939752,-0.8,0.165270364467));
#13316 = VECTOR('',#13317,1.);
#13317 = DIRECTION('',(1.110223024625E-16,-1.,0.));
#13318 = CYLINDRICAL_SURFACE('',#13319,0.2);
#13319 = AXIS2_PLACEMENT_3D('',#13320,#13321,#13322);
#13320 = CARTESIAN_POINT('',(2.438163490354,-0.8,0.2));
#13321 = DIRECTION('',(-1.110223024625E-16,1.,0.));
#13322 = DIRECTION('',(-0.984807753012,-1.093356242223E-16,
    -0.173648177667));
#13323 = ADVANCED_FACE('',(#13324),#13330,.F.);
#13324 = FACE_BOUND('',#13325,.F.);
#13325 = EDGE_LOOP('',(#13326,#13327,#13328,#13329));
#13326 = ORIENTED_EDGE('',*,*,#11596,.T.);
#13327 = ORIENTED_EDGE('',*,*,#11614,.T.);
#13328 = ORIENTED_EDGE('',*,*,#13313,.F.);
#13329 = ORIENTED_EDGE('',*,*,#11505,.F.);
#13330 = PLANE('',#13331);
#13331 = AXIS2_PLACEMENT_3D('',#13332,#13333,#13334);
#13332 = CARTESIAN_POINT('',(2.148480775301,-0.8,0.717364817767));
#13333 = DIRECTION('',(0.986188825682,1.0948895409E-16,0.165624877661));
#13334 = DIRECTION('',(0.165624877661,1.838805526304E-17,-0.986188825682
    ));
#13335 = ADVANCED_FACE('',(#13336),#13347,.T.);
#13336 = FACE_BOUND('',#13337,.T.);
#13337 = EDGE_LOOP('',(#13338,#13339,#13340,#13341));
#13338 = ORIENTED_EDGE('',*,*,#11786,.T.);
#13339 = ORIENTED_EDGE('',*,*,#12131,.T.);
#13340 = ORIENTED_EDGE('',*,*,#11895,.F.);
#13341 = ORIENTED_EDGE('',*,*,#13342,.F.);
#13342 = EDGE_CURVE('',#11779,#11888,#13343,.T.);
#13343 = LINE('',#13344,#13345);
#13344 = CARTESIAN_POINT('',(2.246961550602,-1.8,0.734729635533));
#13345 = VECTOR('',#13346,1.);
#13346 = DIRECTION('',(1.110223024625E-16,-1.,0.));
#13347 = CYLINDRICAL_SURFACE('',#13348,0.2);
#13348 = AXIS2_PLACEMENT_3D('',#13349,#13350,#13351);
#13349 = CARTESIAN_POINT('',(2.05,-1.8,0.7));
#13350 = DIRECTION('',(-1.110223024625E-16,1.,0.));
#13351 = DIRECTION('',(0.984807753012,1.093356242223E-16,0.173648177667)
  );
#13352 = ADVANCED_FACE('',(#13353),#13364,.F.);
#13353 = FACE_BOUND('',#13354,.F.);
#13354 = EDGE_LOOP('',(#13355,#13361,#13362,#13363));
#13355 = ORIENTED_EDGE('',*,*,#13356,.T.);
#13356 = EDGE_CURVE('',#11770,#11879,#13357,.T.);
#13357 = LINE('',#13358,#13359);
#13358 = CARTESIAN_POINT('',(2.339682715053,-1.8,0.182635182233));
#13359 = VECTOR('',#13360,1.);
#13360 = DIRECTION('',(1.110223024625E-16,-1.,0.));
#13361 = ORIENTED_EDGE('',*,*,#11887,.T.);
#13362 = ORIENTED_EDGE('',*,*,#13342,.F.);
#13363 = ORIENTED_EDGE('',*,*,#11778,.F.);
#13364 = PLANE('',#13365);
#13365 = AXIS2_PLACEMENT_3D('',#13366,#13367,#13368);
#13366 = CARTESIAN_POINT('',(2.339682715053,-1.8,0.182635182233));
#13367 = DIRECTION('',(-0.986188825682,-1.0948895409E-16,-0.165624877661
    ));
#13368 = DIRECTION('',(-0.165624877661,-1.838805526304E-17,
    0.986188825682));
#13369 = ADVANCED_FACE('',(#13370),#13381,.F.);
#13370 = FACE_BOUND('',#13371,.F.);
#13371 = EDGE_LOOP('',(#13372,#13378,#13379,#13380));
#13372 = ORIENTED_EDGE('',*,*,#13373,.T.);
#13373 = EDGE_CURVE('',#11762,#11871,#13374,.T.);
#13374 = LINE('',#13375,#13376);
#13375 = CARTESIAN_POINT('',(2.438163490354,-1.8,0.1));
#13376 = VECTOR('',#13377,1.);
#13377 = DIRECTION('',(1.110223024625E-16,-1.,0.));
#13378 = ORIENTED_EDGE('',*,*,#11878,.T.);
#13379 = ORIENTED_EDGE('',*,*,#13356,.F.);
#13380 = ORIENTED_EDGE('',*,*,#11769,.F.);
#13381 = CYLINDRICAL_SURFACE('',#13382,0.1);
#13382 = AXIS2_PLACEMENT_3D('',#13383,#13384,#13385);
#13383 = CARTESIAN_POINT('',(2.438163490354,-1.8,0.2));
#13384 = DIRECTION('',(-1.110223024625E-16,1.,0.));
#13385 = DIRECTION('',(-8.881784197001E-15,-9.860761315261E-31,-1.));
#13386 = ADVANCED_FACE('',(#13387),#13398,.F.);
#13387 = FACE_BOUND('',#13388,.F.);
#13388 = EDGE_LOOP('',(#13389,#13395,#13396,#13397));
#13389 = ORIENTED_EDGE('',*,*,#13390,.T.);
#13390 = EDGE_CURVE('',#11754,#11863,#13391,.T.);
#13391 = LINE('',#13392,#13393);
#13392 = CARTESIAN_POINT('',(3.,-1.8,0.1));
#13393 = VECTOR('',#13394,1.);
#13394 = DIRECTION('',(1.110223024625E-16,-1.,0.));
#13395 = ORIENTED_EDGE('',*,*,#11870,.T.);
#13396 = ORIENTED_EDGE('',*,*,#13373,.F.);
#13397 = ORIENTED_EDGE('',*,*,#11761,.F.);
#13398 = PLANE('',#13399);
#13399 = AXIS2_PLACEMENT_3D('',#13400,#13401,#13402);
#13400 = CARTESIAN_POINT('',(3.,-1.8,0.1));
#13401 = DIRECTION('',(0.,0.,-1.));
#13402 = DIRECTION('',(-1.,-1.110223024625E-16,-0.));
#13403 = ADVANCED_FACE('',(#13404),#13415,.F.);
#13404 = FACE_BOUND('',#13405,.F.);
#13405 = EDGE_LOOP('',(#13406,#13412,#13413,#13414));
#13406 = ORIENTED_EDGE('',*,*,#13407,.T.);
#13407 = EDGE_CURVE('',#11746,#11855,#13408,.T.);
#13408 = LINE('',#13409,#13410);
#13409 = CARTESIAN_POINT('',(3.,-1.8,-1.387778780781E-16));
#13410 = VECTOR('',#13411,1.);
#13411 = DIRECTION('',(1.110223024625E-16,-1.,0.));
#13412 = ORIENTED_EDGE('',*,*,#11862,.T.);
#13413 = ORIENTED_EDGE('',*,*,#13390,.F.);
#13414 = ORIENTED_EDGE('',*,*,#11753,.F.);
#13415 = PLANE('',#13416);
#13416 = AXIS2_PLACEMENT_3D('',#13417,#13418,#13419);
#13417 = CARTESIAN_POINT('',(3.,-1.8,-1.387778780781E-16));
#13418 = DIRECTION('',(-1.,-1.110223024625E-16,0.));
#13419 = DIRECTION('',(0.,0.,1.));
#13420 = ADVANCED_FACE('',(#13421),#13432,.F.);
#13421 = FACE_BOUND('',#13422,.F.);
#13422 = EDGE_LOOP('',(#13423,#13429,#13430,#13431));
#13423 = ORIENTED_EDGE('',*,*,#13424,.T.);
#13424 = EDGE_CURVE('',#11737,#11846,#13425,.T.);
#13425 = LINE('',#13426,#13427);
#13426 = CARTESIAN_POINT('',(2.438163490354,-1.8,-1.387778780781E-16));
#13427 = VECTOR('',#13428,1.);
#13428 = DIRECTION('',(1.110223024625E-16,-1.,0.));
#13429 = ORIENTED_EDGE('',*,*,#11854,.T.);
#13430 = ORIENTED_EDGE('',*,*,#13407,.F.);
#13431 = ORIENTED_EDGE('',*,*,#11745,.F.);
#13432 = PLANE('',#13433);
#13433 = AXIS2_PLACEMENT_3D('',#13434,#13435,#13436);
#13434 = CARTESIAN_POINT('',(2.438163490354,-1.8,-1.387778780781E-16));
#13435 = DIRECTION('',(0.,0.,1.));
#13436 = DIRECTION('',(1.,1.110223024625E-16,-0.));
#13437 = ADVANCED_FACE('',(#13438),#13449,.T.);
#13438 = FACE_BOUND('',#13439,.T.);
#13439 = EDGE_LOOP('',(#13440,#13441,#13442,#13443));
#13440 = ORIENTED_EDGE('',*,*,#11736,.T.);
#13441 = ORIENTED_EDGE('',*,*,#13424,.T.);
#13442 = ORIENTED_EDGE('',*,*,#11845,.F.);
#13443 = ORIENTED_EDGE('',*,*,#13444,.F.);
#13444 = EDGE_CURVE('',#11729,#11838,#13445,.T.);
#13445 = LINE('',#13446,#13447);
#13446 = CARTESIAN_POINT('',(2.241201939752,-1.8,0.165270364467));
#13447 = VECTOR('',#13448,1.);
#13448 = DIRECTION('',(1.110223024625E-16,-1.,0.));
#13449 = CYLINDRICAL_SURFACE('',#13450,0.2);
#13450 = AXIS2_PLACEMENT_3D('',#13451,#13452,#13453);
#13451 = CARTESIAN_POINT('',(2.438163490354,-1.8,0.2));
#13452 = DIRECTION('',(-1.110223024625E-16,1.,0.));
#13453 = DIRECTION('',(-0.984807753012,-1.093356242223E-16,
    -0.173648177667));
#13454 = ADVANCED_FACE('',(#13455),#13461,.F.);
#13455 = FACE_BOUND('',#13456,.F.);
#13456 = EDGE_LOOP('',(#13457,#13458,#13459,#13460));
#13457 = ORIENTED_EDGE('',*,*,#11819,.T.);
#13458 = ORIENTED_EDGE('',*,*,#11837,.T.);
#13459 = ORIENTED_EDGE('',*,*,#13444,.F.);
#13460 = ORIENTED_EDGE('',*,*,#11728,.F.);
#13461 = PLANE('',#13462);
#13462 = AXIS2_PLACEMENT_3D('',#13463,#13464,#13465);
#13463 = CARTESIAN_POINT('',(2.148480775301,-1.8,0.717364817767));
#13464 = DIRECTION('',(0.986188825682,1.0948895409E-16,0.165624877661));
#13465 = DIRECTION('',(0.165624877661,1.838805526304E-17,-0.986188825682
    ));
#13466 = ADVANCED_FACE('',(#13467),#13468,.F.);
#13467 = FACE_BOUND('',#12038,.T.);
#13468 = PLANE('',#13469);
#13469 = AXIS2_PLACEMENT_3D('',#13470,#13471,#13472);
#13470 = CARTESIAN_POINT('',(-1.264130891773,1.764130891773,1.6));
#13471 = DIRECTION('',(0.,0.,-1.));
#13472 = DIRECTION('',(1.110223024625E-16,-1.,0.));
#13473 = ( GEOMETRIC_REPRESENTATION_CONTEXT(3) 
GLOBAL_UNCERTAINTY_ASSIGNED_CONTEXT((#13477)) 
GLOBAL_UNIT_ASSIGNED_CONTEXT((#13474,#13475,#13476)) 
REPRESENTATION_CONTEXT('Context #1',
  '3D Context with UNIT and UNCERTAINTY') );
#13474 = ( LENGTH_UNIT() NAMED_UNIT(*) SI_UNIT(.MILLI.,.METRE.) );
#13475 = ( NAMED_UNIT(*) PLANE_ANGLE_UNIT() SI_UNIT($,.RADIAN.) );
#13476 = ( NAMED_UNIT(*) SI_UNIT($,.STERADIAN.) SOLID_ANGLE_UNIT() );
#13477 = UNCERTAINTY_MEASURE_WITH_UNIT(LENGTH_MEASURE(1.E-07),#13474,
  'distance_accuracy_value','confusion accuracy');
#13478 = CONTEXT_DEPENDENT_SHAPE_REPRESENTATION(#13479,#13481);
#13479 = ( REPRESENTATION_RELATIONSHIP('','',#7928,#10) 
REPRESENTATION_RELATIONSHIP_WITH_TRANSFORMATION(#13480) 
SHAPE_REPRESENTATION_RELATIONSHIP() );
#13480 = ITEM_DEFINED_TRANSFORMATION('','',#11,#63);
#13481 = PRODUCT_DEFINITION_SHAPE('Placement','Placement of an item',
  #13482);
#13482 = NEXT_ASSEMBLY_USAGE_OCCURRENCE('13','U2','',#5,#7923,$);
#13483 = PRODUCT_RELATED_PRODUCT_CATEGORY('part',$,(#7925));
#13484 = CONTEXT_DEPENDENT_SHAPE_REPRESENTATION(#13485,#13487);
#13485 = ( REPRESENTATION_RELATIONSHIP('','',#116,#10) 
REPRESENTATION_RELATIONSHIP_WITH_TRANSFORMATION(#13486) 
SHAPE_REPRESENTATION_RELATIONSHIP() );
#13486 = ITEM_DEFINED_TRANSFORMATION('','',#11,#67);
#13487 = PRODUCT_DEFINITION_SHAPE('Placement','Placement of an item',
  #13488);
#13488 = NEXT_ASSEMBLY_USAGE_OCCURRENCE('14','R3','',#5,#111,$);
#13489 = SHAPE_DEFINITION_REPRESENTATION(#13490,#13496);
#13490 = PRODUCT_DEFINITION_SHAPE('','',#13491);
#13491 = PRODUCT_DEFINITION('design','',#13492,#13495);
#13492 = PRODUCT_DEFINITION_FORMATION('','',#13493);
#13493 = PRODUCT('L_SXN_SMDRI73','L_SXN_SMDRI73','',(#13494));
#13494 = PRODUCT_CONTEXT('',#2,'mechanical');
#13495 = PRODUCT_DEFINITION_CONTEXT('part definition',#2,'design');
#13496 = ADVANCED_BREP_SHAPE_REPRESENTATION('',(#11,#13497),#14251);
#13497 = MANIFOLD_SOLID_BREP('',#13498);
#13498 = CLOSED_SHELL('',(#13499,#13563,#13595,#13627,#13728,#13756,
    #13778,#13800,#13825,#13846,#13874,#13895,#13917,#13935,#13960,
    #14002,#14032,#14057,#14073,#14085,#14104,#14123,#14147,#14163,
    #14185,#14207,#14223,#14235));
#13499 = ADVANCED_FACE('',(#13500),#13558,.F.);
#13500 = FACE_BOUND('',#13501,.F.);
#13501 = EDGE_LOOP('',(#13502,#13511,#13518,#13525,#13532,#13539,#13546,
    #13553));
#13502 = ORIENTED_EDGE('',*,*,#13503,.T.);
#13503 = EDGE_CURVE('',#13504,#13506,#13508,.T.);
#13504 = VERTEX_POINT('',#13505);
#13505 = CARTESIAN_POINT('',(-3.75,2.86875,3.025));
#13506 = VERTEX_POINT('',#13507);
#13507 = CARTESIAN_POINT('',(-3.75,-2.86875,3.025));
#13508 = B_SPLINE_CURVE_WITH_KNOTS('',1,(#13509,#13510),.UNSPECIFIED.,
  .F.,.F.,(2,2),(-0.,6.75),.PIECEWISE_BEZIER_KNOTS.);
#13509 = CARTESIAN_POINT('',(-3.75,2.86875,3.025));
#13510 = CARTESIAN_POINT('',(-3.75,-2.86875,3.025));
#13511 = ORIENTED_EDGE('',*,*,#13512,.F.);
#13512 = EDGE_CURVE('',#13513,#13506,#13515,.T.);
#13513 = VERTEX_POINT('',#13514);
#13514 = CARTESIAN_POINT('',(-3.75,-2.86875,0.));
#13515 = B_SPLINE_CURVE_WITH_KNOTS('',1,(#13516,#13517),.UNSPECIFIED.,
  .F.,.F.,(2,2),(0.,3.025),.PIECEWISE_BEZIER_KNOTS.);
#13516 = CARTESIAN_POINT('',(-3.75,-2.86875,0.));
#13517 = CARTESIAN_POINT('',(-3.75,-2.86875,3.025));
#13518 = ORIENTED_EDGE('',*,*,#13519,.T.);
#13519 = EDGE_CURVE('',#13513,#13520,#13522,.T.);
#13520 = VERTEX_POINT('',#13521);
#13521 = CARTESIAN_POINT('',(-3.75,-0.765,0.));
#13522 = B_SPLINE_CURVE_WITH_KNOTS('',1,(#13523,#13524),.UNSPECIFIED.,
  .F.,.F.,(2,2),(0.375,2.85),.PIECEWISE_BEZIER_KNOTS.);
#13523 = CARTESIAN_POINT('',(-3.75,-2.86875,0.));
#13524 = CARTESIAN_POINT('',(-3.75,-0.765,0.));
#13525 = ORIENTED_EDGE('',*,*,#13526,.T.);
#13526 = EDGE_CURVE('',#13520,#13527,#13529,.T.);
#13527 = VERTEX_POINT('',#13528);
#13528 = CARTESIAN_POINT('',(-3.75,-0.765,1.02));
#13529 = B_SPLINE_CURVE_WITH_KNOTS('',1,(#13530,#13531),.UNSPECIFIED.,
  .F.,.F.,(2,2),(0.,1.02),.PIECEWISE_BEZIER_KNOTS.);
#13530 = CARTESIAN_POINT('',(-3.75,-0.765,0.));
#13531 = CARTESIAN_POINT('',(-3.75,-0.765,1.02));
#13532 = ORIENTED_EDGE('',*,*,#13533,.F.);
#13533 = EDGE_CURVE('',#13534,#13527,#13536,.T.);
#13534 = VERTEX_POINT('',#13535);
#13535 = CARTESIAN_POINT('',(-3.75,0.765,1.02));
#13536 = B_SPLINE_CURVE_WITH_KNOTS('',1,(#13537,#13538),.UNSPECIFIED.,
  .F.,.F.,(2,2),(-3.225,-1.425),.PIECEWISE_BEZIER_KNOTS.);
#13537 = CARTESIAN_POINT('',(-3.75,0.765,1.02));
#13538 = CARTESIAN_POINT('',(-3.75,-0.765,1.02));
#13539 = ORIENTED_EDGE('',*,*,#13540,.F.);
#13540 = EDGE_CURVE('',#13541,#13534,#13543,.T.);
#13541 = VERTEX_POINT('',#13542);
#13542 = CARTESIAN_POINT('',(-3.75,0.765,0.));
#13543 = B_SPLINE_CURVE_WITH_KNOTS('',1,(#13544,#13545),.UNSPECIFIED.,
  .F.,.F.,(2,2),(0.,1.02),.PIECEWISE_BEZIER_KNOTS.);
#13544 = CARTESIAN_POINT('',(-3.75,0.765,0.));
#13545 = CARTESIAN_POINT('',(-3.75,0.765,1.02));
#13546 = ORIENTED_EDGE('',*,*,#13547,.T.);
#13547 = EDGE_CURVE('',#13541,#13548,#13550,.T.);
#13548 = VERTEX_POINT('',#13549);
#13549 = CARTESIAN_POINT('',(-3.75,2.86875,0.));
#13550 = B_SPLINE_CURVE_WITH_KNOTS('',1,(#13551,#13552),.UNSPECIFIED.,
  .F.,.F.,(2,2),(4.65,7.125),.PIECEWISE_BEZIER_KNOTS.);
#13551 = CARTESIAN_POINT('',(-3.75,0.765,0.));
#13552 = CARTESIAN_POINT('',(-3.75,2.86875,0.));
#13553 = ORIENTED_EDGE('',*,*,#13554,.T.);
#13554 = EDGE_CURVE('',#13548,#13504,#13555,.T.);
#13555 = B_SPLINE_CURVE_WITH_KNOTS('',1,(#13556,#13557),.UNSPECIFIED.,
  .F.,.F.,(2,2),(0.,3.025),.PIECEWISE_BEZIER_KNOTS.);
#13556 = CARTESIAN_POINT('',(-3.75,2.86875,0.));
#13557 = CARTESIAN_POINT('',(-3.75,2.86875,3.025));
#13558 = B_SPLINE_SURFACE_WITH_KNOTS('',1,1,(
    (#13559,#13560)
    ,(#13561,#13562
    )),.UNSPECIFIED.,.F.,.F.,.F.,(2,2),(2,2),(0.,3.025),(-7.125,-0.375),
  .PIECEWISE_BEZIER_KNOTS.);
#13559 = CARTESIAN_POINT('',(-3.75,2.86875,0.));
#13560 = CARTESIAN_POINT('',(-3.75,-2.86875,0.));
#13561 = CARTESIAN_POINT('',(-3.75,2.86875,3.025));
#13562 = CARTESIAN_POINT('',(-3.75,-2.86875,3.025));
#13563 = ADVANCED_FACE('',(#13564),#13588,.T.);
#13564 = FACE_BOUND('',#13565,.T.);
#13565 = EDGE_LOOP('',(#13566,#13574,#13575,#13583));
#13566 = ORIENTED_EDGE('',*,*,#13567,.T.);
#13567 = EDGE_CURVE('',#13568,#13504,#13570,.T.);
#13568 = VERTEX_POINT('',#13569);
#13569 = CARTESIAN_POINT('',(-3.375,2.86875,3.4));
#13570 = ( BOUNDED_CURVE() B_SPLINE_CURVE(2,(#13571,#13572,#13573),
.UNSPECIFIED.,.F.,.F.) B_SPLINE_CURVE_WITH_KNOTS((3,3),(4.712388980385,
6.28318530718),.PIECEWISE_BEZIER_KNOTS.) CURVE() 
GEOMETRIC_REPRESENTATION_ITEM() RATIONAL_B_SPLINE_CURVE((1.,
0.707106781187,1.)) REPRESENTATION_ITEM('') );
#13571 = CARTESIAN_POINT('',(-3.375,2.86875,3.4));
#13572 = CARTESIAN_POINT('',(-3.75,2.86875,3.4));
#13573 = CARTESIAN_POINT('',(-3.75,2.86875,3.025));
#13574 = ORIENTED_EDGE('',*,*,#13503,.T.);
#13575 = ORIENTED_EDGE('',*,*,#13576,.F.);
#13576 = EDGE_CURVE('',#13577,#13506,#13579,.T.);
#13577 = VERTEX_POINT('',#13578);
#13578 = CARTESIAN_POINT('',(-3.375,-2.86875,3.4));
#13579 = ( BOUNDED_CURVE() B_SPLINE_CURVE(2,(#13580,#13581,#13582),
.UNSPECIFIED.,.F.,.F.) B_SPLINE_CURVE_WITH_KNOTS((3,3),(4.712388980385,
6.28318530718),.PIECEWISE_BEZIER_KNOTS.) CURVE() 
GEOMETRIC_REPRESENTATION_ITEM() RATIONAL_B_SPLINE_CURVE((1.,
0.707106781187,1.)) REPRESENTATION_ITEM('') );
#13580 = CARTESIAN_POINT('',(-3.375,-2.86875,3.4));
#13581 = CARTESIAN_POINT('',(-3.75,-2.86875,3.4));
#13582 = CARTESIAN_POINT('',(-3.75,-2.86875,3.025));
#13583 = ORIENTED_EDGE('',*,*,#13584,.F.);
#13584 = EDGE_CURVE('',#13568,#13577,#13585,.T.);
#13585 = B_SPLINE_CURVE_WITH_KNOTS('',1,(#13586,#13587),.UNSPECIFIED.,
  .F.,.F.,(2,2),(-0.,6.75),.PIECEWISE_BEZIER_KNOTS.);
#13586 = CARTESIAN_POINT('',(-3.375,2.86875,3.4));
#13587 = CARTESIAN_POINT('',(-3.375,-2.86875,3.4));
#13588 = ( BOUNDED_SURFACE() B_SPLINE_SURFACE(2,1,(
    (#13589,#13590)
    ,(#13591,#13592)
    ,(#13593,#13594
)),.UNSPECIFIED.,.F.,.F.,.F.) B_SPLINE_SURFACE_WITH_KNOTS((3,3),(2,2),(
    0.,1.570796326795),(0.,6.75),.PIECEWISE_BEZIER_KNOTS.) 
GEOMETRIC_REPRESENTATION_ITEM() RATIONAL_B_SPLINE_SURFACE((
    (1.,1.)
    ,(0.707106781187,0.707106781187)
,(1.,1.))) REPRESENTATION_ITEM('') SURFACE() );
#13589 = CARTESIAN_POINT('',(-3.375,2.86875,3.4));
#13590 = CARTESIAN_POINT('',(-3.375,-2.86875,3.4));
#13591 = CARTESIAN_POINT('',(-3.75,2.86875,3.4));
#13592 = CARTESIAN_POINT('',(-3.75,-2.86875,3.4));
#13593 = CARTESIAN_POINT('',(-3.75,2.86875,3.025));
#13594 = CARTESIAN_POINT('',(-3.75,-2.86875,3.025));
#13595 = ADVANCED_FACE('',(#13596),#13620,.T.);
#13596 = FACE_BOUND('',#13597,.T.);
#13597 = EDGE_LOOP('',(#13598,#13606,#13613,#13619));
#13598 = ORIENTED_EDGE('',*,*,#13599,.F.);
#13599 = EDGE_CURVE('',#13600,#13504,#13602,.T.);
#13600 = VERTEX_POINT('',#13601);
#13601 = CARTESIAN_POINT('',(-3.375,3.1875,3.025));
#13602 = ( BOUNDED_CURVE() B_SPLINE_CURVE(2,(#13603,#13604,#13605),
.UNSPECIFIED.,.F.,.F.) B_SPLINE_CURVE_WITH_KNOTS((3,3),(0.,
1.570796326795),.PIECEWISE_BEZIER_KNOTS.) CURVE() 
GEOMETRIC_REPRESENTATION_ITEM() RATIONAL_B_SPLINE_CURVE((1.,
0.707106781187,1.)) REPRESENTATION_ITEM('') );
#13603 = CARTESIAN_POINT('',(-3.375,3.1875,3.025));
#13604 = CARTESIAN_POINT('',(-3.75,3.1875,3.025));
#13605 = CARTESIAN_POINT('',(-3.75,2.86875,3.025));
#13606 = ORIENTED_EDGE('',*,*,#13607,.F.);
#13607 = EDGE_CURVE('',#13608,#13600,#13610,.T.);
#13608 = VERTEX_POINT('',#13609);
#13609 = CARTESIAN_POINT('',(-3.375,3.1875,0.));
#13610 = B_SPLINE_CURVE_WITH_KNOTS('',1,(#13611,#13612),.UNSPECIFIED.,
  .F.,.F.,(2,2),(0.,3.025),.PIECEWISE_BEZIER_KNOTS.);
#13611 = CARTESIAN_POINT('',(-3.375,3.1875,0.));
#13612 = CARTESIAN_POINT('',(-3.375,3.1875,3.025));
#13613 = ORIENTED_EDGE('',*,*,#13614,.F.);
#13614 = EDGE_CURVE('',#13548,#13608,#13615,.T.);
#13615 = ( BOUNDED_CURVE() B_SPLINE_CURVE(2,(#13616,#13617,#13618),
.UNSPECIFIED.,.F.,.F.) B_SPLINE_CURVE_WITH_KNOTS((3,3),(1.570796326795,
3.14159265359),.PIECEWISE_BEZIER_KNOTS.) CURVE() 
GEOMETRIC_REPRESENTATION_ITEM() RATIONAL_B_SPLINE_CURVE((1.,
0.707106781187,1.)) REPRESENTATION_ITEM('') );
#13616 = CARTESIAN_POINT('',(-3.75,2.86875,0.));
#13617 = CARTESIAN_POINT('',(-3.75,3.1875,0.));
#13618 = CARTESIAN_POINT('',(-3.375,3.1875,0.));
#13619 = ORIENTED_EDGE('',*,*,#13554,.T.);
#13620 = ( BOUNDED_SURFACE() B_SPLINE_SURFACE(2,1,(
    (#13621,#13622)
    ,(#13623,#13624)
    ,(#13625,#13626
)),.UNSPECIFIED.,.F.,.F.,.F.) B_SPLINE_SURFACE_WITH_KNOTS((3,3),(2,2),(
    4.712388980385,6.28318530718),(0.,3.025),.PIECEWISE_BEZIER_KNOTS.) 
GEOMETRIC_REPRESENTATION_ITEM() RATIONAL_B_SPLINE_SURFACE((
    (1.,1.)
    ,(0.707106781187,0.707106781187)
,(1.,1.))) REPRESENTATION_ITEM('') SURFACE() );
#13621 = CARTESIAN_POINT('',(-3.375,3.1875,0.));
#13622 = CARTESIAN_POINT('',(-3.375,3.1875,3.025));
#13623 = CARTESIAN_POINT('',(-3.75,3.1875,0.));
#13624 = CARTESIAN_POINT('',(-3.75,3.1875,3.025));
#13625 = CARTESIAN_POINT('',(-3.75,2.86875,0.));
#13626 = CARTESIAN_POINT('',(-3.75,2.86875,3.025));
#13627 = ADVANCED_FACE('',(#13628),#13723,.F.);
#13628 = FACE_BOUND('',#13629,.F.);
#13629 = EDGE_LOOP('',(#13630,#13631,#13639,#13646,#13654,#13661,#13668,
    #13675,#13682,#13689,#13697,#13702,#13703,#13704,#13711,#13718));
#13630 = ORIENTED_EDGE('',*,*,#13519,.F.);
#13631 = ORIENTED_EDGE('',*,*,#13632,.T.);
#13632 = EDGE_CURVE('',#13513,#13633,#13635,.T.);
#13633 = VERTEX_POINT('',#13634);
#13634 = CARTESIAN_POINT('',(-3.375,-3.1875,0.));
#13635 = ( BOUNDED_CURVE() B_SPLINE_CURVE(2,(#13636,#13637,#13638),
.UNSPECIFIED.,.F.,.F.) B_SPLINE_CURVE_WITH_KNOTS((3,3),(4.712388980385,
6.28318530718),.PIECEWISE_BEZIER_KNOTS.) CURVE() 
GEOMETRIC_REPRESENTATION_ITEM() RATIONAL_B_SPLINE_CURVE((1.,
0.707106781187,1.)) REPRESENTATION_ITEM('') );
#13636 = CARTESIAN_POINT('',(-3.75,-2.86875,0.));
#13637 = CARTESIAN_POINT('',(-3.75,-3.1875,0.));
#13638 = CARTESIAN_POINT('',(-3.375,-3.1875,0.));
#13639 = ORIENTED_EDGE('',*,*,#13640,.T.);
#13640 = EDGE_CURVE('',#13633,#13641,#13643,.T.);
#13641 = VERTEX_POINT('',#13642);
#13642 = CARTESIAN_POINT('',(3.375,-3.1875,0.));
#13643 = B_SPLINE_CURVE_WITH_KNOTS('',1,(#13644,#13645),.UNSPECIFIED.,
  .F.,.F.,(2,2),(0.375,7.125),.PIECEWISE_BEZIER_KNOTS.);
#13644 = CARTESIAN_POINT('',(-3.375,-3.1875,0.));
#13645 = CARTESIAN_POINT('',(3.375,-3.1875,0.));
#13646 = ORIENTED_EDGE('',*,*,#13647,.F.);
#13647 = EDGE_CURVE('',#13648,#13641,#13650,.T.);
#13648 = VERTEX_POINT('',#13649);
#13649 = CARTESIAN_POINT('',(3.75,-2.86875,0.));
#13650 = ( BOUNDED_CURVE() B_SPLINE_CURVE(2,(#13651,#13652,#13653),
.UNSPECIFIED.,.F.,.F.) B_SPLINE_CURVE_WITH_KNOTS((3,3),(4.712388980385,
6.28318530718),.PIECEWISE_BEZIER_KNOTS.) CURVE() 
GEOMETRIC_REPRESENTATION_ITEM() RATIONAL_B_SPLINE_CURVE((1.,
0.707106781187,1.)) REPRESENTATION_ITEM('') );
#13651 = CARTESIAN_POINT('',(3.75,-2.86875,0.));
#13652 = CARTESIAN_POINT('',(3.75,-3.1875,0.));
#13653 = CARTESIAN_POINT('',(3.375,-3.1875,0.));
#13654 = ORIENTED_EDGE('',*,*,#13655,.T.);
#13655 = EDGE_CURVE('',#13648,#13656,#13658,.T.);
#13656 = VERTEX_POINT('',#13657);
#13657 = CARTESIAN_POINT('',(3.75,-0.765,0.));
#13658 = B_SPLINE_CURVE_WITH_KNOTS('',1,(#13659,#13660),.UNSPECIFIED.,
  .F.,.F.,(2,2),(0.375,2.85),.PIECEWISE_BEZIER_KNOTS.);
#13659 = CARTESIAN_POINT('',(3.75,-2.86875,0.));
#13660 = CARTESIAN_POINT('',(3.75,-0.765,0.));
#13661 = ORIENTED_EDGE('',*,*,#13662,.F.);
#13662 = EDGE_CURVE('',#13663,#13656,#13665,.T.);
#13663 = VERTEX_POINT('',#13664);
#13664 = CARTESIAN_POINT('',(2.41,-0.765,0.));
#13665 = B_SPLINE_CURVE_WITH_KNOTS('',1,(#13666,#13667),.UNSPECIFIED.,
  .F.,.F.,(2,2),(0.,1.34),.PIECEWISE_BEZIER_KNOTS.);
#13666 = CARTESIAN_POINT('',(2.41,-0.765,0.));
#13667 = CARTESIAN_POINT('',(3.75,-0.765,0.));
#13668 = ORIENTED_EDGE('',*,*,#13669,.T.);
#13669 = EDGE_CURVE('',#13663,#13670,#13672,.T.);
#13670 = VERTEX_POINT('',#13671);
#13671 = CARTESIAN_POINT('',(2.41,0.765,0.));
#13672 = B_SPLINE_CURVE_WITH_KNOTS('',1,(#13673,#13674),.UNSPECIFIED.,
  .F.,.F.,(2,2),(0.,1.8),.PIECEWISE_BEZIER_KNOTS.);
#13673 = CARTESIAN_POINT('',(2.41,-0.765,0.));
#13674 = CARTESIAN_POINT('',(2.41,0.765,0.));
#13675 = ORIENTED_EDGE('',*,*,#13676,.T.);
#13676 = EDGE_CURVE('',#13670,#13677,#13679,.T.);
#13677 = VERTEX_POINT('',#13678);
#13678 = CARTESIAN_POINT('',(3.75,0.765,0.));
#13679 = B_SPLINE_CURVE_WITH_KNOTS('',1,(#13680,#13681),.UNSPECIFIED.,
  .F.,.F.,(2,2),(0.,1.34),.PIECEWISE_BEZIER_KNOTS.);
#13680 = CARTESIAN_POINT('',(2.41,0.765,0.));
#13681 = CARTESIAN_POINT('',(3.75,0.765,0.));
#13682 = ORIENTED_EDGE('',*,*,#13683,.T.);
#13683 = EDGE_CURVE('',#13677,#13684,#13686,.T.);
#13684 = VERTEX_POINT('',#13685);
#13685 = CARTESIAN_POINT('',(3.75,2.86875,0.));
#13686 = B_SPLINE_CURVE_WITH_KNOTS('',1,(#13687,#13688),.UNSPECIFIED.,
  .F.,.F.,(2,2),(4.65,7.125),.PIECEWISE_BEZIER_KNOTS.);
#13687 = CARTESIAN_POINT('',(3.75,0.765,0.));
#13688 = CARTESIAN_POINT('',(3.75,2.86875,0.));
#13689 = ORIENTED_EDGE('',*,*,#13690,.T.);
#13690 = EDGE_CURVE('',#13684,#13691,#13693,.T.);
#13691 = VERTEX_POINT('',#13692);
#13692 = CARTESIAN_POINT('',(3.375,3.1875,0.));
#13693 = ( BOUNDED_CURVE() B_SPLINE_CURVE(2,(#13694,#13695,#13696),
.UNSPECIFIED.,.F.,.F.) B_SPLINE_CURVE_WITH_KNOTS((3,3),(1.570796326795,
3.14159265359),.PIECEWISE_BEZIER_KNOTS.) CURVE() 
GEOMETRIC_REPRESENTATION_ITEM() RATIONAL_B_SPLINE_CURVE((1.,
0.707106781187,1.)) REPRESENTATION_ITEM('') );
#13694 = CARTESIAN_POINT('',(3.75,2.86875,0.));
#13695 = CARTESIAN_POINT('',(3.75,3.1875,0.));
#13696 = CARTESIAN_POINT('',(3.375,3.1875,0.));
#13697 = ORIENTED_EDGE('',*,*,#13698,.F.);
#13698 = EDGE_CURVE('',#13608,#13691,#13699,.T.);
#13699 = B_SPLINE_CURVE_WITH_KNOTS('',1,(#13700,#13701),.UNSPECIFIED.,
  .F.,.F.,(2,2),(0.375,7.125),.PIECEWISE_BEZIER_KNOTS.);
#13700 = CARTESIAN_POINT('',(-3.375,3.1875,0.));
#13701 = CARTESIAN_POINT('',(3.375,3.1875,0.));
#13702 = ORIENTED_EDGE('',*,*,#13614,.F.);
#13703 = ORIENTED_EDGE('',*,*,#13547,.F.);
#13704 = ORIENTED_EDGE('',*,*,#13705,.T.);
#13705 = EDGE_CURVE('',#13541,#13706,#13708,.T.);
#13706 = VERTEX_POINT('',#13707);
#13707 = CARTESIAN_POINT('',(-2.41,0.765,0.));
#13708 = B_SPLINE_CURVE_WITH_KNOTS('',1,(#13709,#13710),.UNSPECIFIED.,
  .F.,.F.,(2,2),(1.E-02,1.35),.PIECEWISE_BEZIER_KNOTS.);
#13709 = CARTESIAN_POINT('',(-3.75,0.765,0.));
#13710 = CARTESIAN_POINT('',(-2.41,0.765,0.));
#13711 = ORIENTED_EDGE('',*,*,#13712,.F.);
#13712 = EDGE_CURVE('',#13713,#13706,#13715,.T.);
#13713 = VERTEX_POINT('',#13714);
#13714 = CARTESIAN_POINT('',(-2.41,-0.765,0.));
#13715 = B_SPLINE_CURVE_WITH_KNOTS('',1,(#13716,#13717),.UNSPECIFIED.,
  .F.,.F.,(2,2),(0.,1.8),.PIECEWISE_BEZIER_KNOTS.);
#13716 = CARTESIAN_POINT('',(-2.41,-0.765,0.));
#13717 = CARTESIAN_POINT('',(-2.41,0.765,0.));
#13718 = ORIENTED_EDGE('',*,*,#13719,.F.);
#13719 = EDGE_CURVE('',#13520,#13713,#13720,.T.);
#13720 = B_SPLINE_CURVE_WITH_KNOTS('',1,(#13721,#13722),.UNSPECIFIED.,
  .F.,.F.,(2,2),(1.E-02,1.35),.PIECEWISE_BEZIER_KNOTS.);
#13721 = CARTESIAN_POINT('',(-3.75,-0.765,0.));
#13722 = CARTESIAN_POINT('',(-2.41,-0.765,0.));
#13723 = B_SPLINE_SURFACE_WITH_KNOTS('',1,1,(
    (#13724,#13725)
    ,(#13726,#13727
    )),.UNSPECIFIED.,.F.,.F.,.F.,(2,2),(2,2),(0.,7.5),(0.,7.5),
  .PIECEWISE_BEZIER_KNOTS.);
#13724 = CARTESIAN_POINT('',(-3.75,-3.1875,0.));
#13725 = CARTESIAN_POINT('',(-3.75,3.1875,0.));
#13726 = CARTESIAN_POINT('',(3.75,-3.1875,0.));
#13727 = CARTESIAN_POINT('',(3.75,3.1875,0.));
#13728 = ADVANCED_FACE('',(#13729),#13751,.T.);
#13729 = FACE_BOUND('',#13730,.T.);
#13730 = EDGE_LOOP('',(#13731,#13738,#13745,#13750));
#13731 = ORIENTED_EDGE('',*,*,#13732,.F.);
#13732 = EDGE_CURVE('',#13733,#13541,#13735,.T.);
#13733 = VERTEX_POINT('',#13734);
#13734 = CARTESIAN_POINT('',(-3.76,0.765,0.));
#13735 = B_SPLINE_CURVE_WITH_KNOTS('',1,(#13736,#13737),.UNSPECIFIED.,
  .F.,.F.,(2,2),(0.,1.E-02),.PIECEWISE_BEZIER_KNOTS.);
#13736 = CARTESIAN_POINT('',(-3.76,0.765,0.));
#13737 = CARTESIAN_POINT('',(-3.75,0.765,0.));
#13738 = ORIENTED_EDGE('',*,*,#13739,.T.);
#13739 = EDGE_CURVE('',#13733,#13740,#13742,.T.);
#13740 = VERTEX_POINT('',#13741);
#13741 = CARTESIAN_POINT('',(-3.76,0.765,1.02));
#13742 = B_SPLINE_CURVE_WITH_KNOTS('',1,(#13743,#13744),.UNSPECIFIED.,
  .F.,.F.,(2,2),(0.,1.02),.PIECEWISE_BEZIER_KNOTS.);
#13743 = CARTESIAN_POINT('',(-3.76,0.765,0.));
#13744 = CARTESIAN_POINT('',(-3.76,0.765,1.02));
#13745 = ORIENTED_EDGE('',*,*,#13746,.T.);
#13746 = EDGE_CURVE('',#13740,#13534,#13747,.T.);
#13747 = B_SPLINE_CURVE_WITH_KNOTS('',1,(#13748,#13749),.UNSPECIFIED.,
  .F.,.F.,(2,2),(0.,1.E-02),.PIECEWISE_BEZIER_KNOTS.);
#13748 = CARTESIAN_POINT('',(-3.76,0.765,1.02));
#13749 = CARTESIAN_POINT('',(-3.75,0.765,1.02));
#13750 = ORIENTED_EDGE('',*,*,#13540,.F.);
#13751 = B_SPLINE_SURFACE_WITH_KNOTS('',1,1,(
    (#13752,#13753)
    ,(#13754,#13755
    )),.UNSPECIFIED.,.F.,.F.,.F.,(2,2),(2,2),(0.,1.02),(0.,1.E-02),
  .PIECEWISE_BEZIER_KNOTS.);
#13752 = CARTESIAN_POINT('',(-3.76,0.765,0.));
#13753 = CARTESIAN_POINT('',(-3.75,0.765,0.));
#13754 = CARTESIAN_POINT('',(-3.76,0.765,1.02));
#13755 = CARTESIAN_POINT('',(-3.75,0.765,1.02));
#13756 = ADVANCED_FACE('',(#13757),#13773,.T.);
#13757 = FACE_BOUND('',#13758,.T.);
#13758 = EDGE_LOOP('',(#13759,#13760,#13767,#13772));
#13759 = ORIENTED_EDGE('',*,*,#13746,.F.);
#13760 = ORIENTED_EDGE('',*,*,#13761,.F.);
#13761 = EDGE_CURVE('',#13762,#13740,#13764,.T.);
#13762 = VERTEX_POINT('',#13763);
#13763 = CARTESIAN_POINT('',(-3.76,-0.765,1.02));
#13764 = B_SPLINE_CURVE_WITH_KNOTS('',1,(#13765,#13766),.UNSPECIFIED.,
  .F.,.F.,(2,2),(0.,1.8),.PIECEWISE_BEZIER_KNOTS.);
#13765 = CARTESIAN_POINT('',(-3.76,-0.765,1.02));
#13766 = CARTESIAN_POINT('',(-3.76,0.765,1.02));
#13767 = ORIENTED_EDGE('',*,*,#13768,.T.);
#13768 = EDGE_CURVE('',#13762,#13527,#13769,.T.);
#13769 = B_SPLINE_CURVE_WITH_KNOTS('',1,(#13770,#13771),.UNSPECIFIED.,
  .F.,.F.,(2,2),(0.,1.E-02),.PIECEWISE_BEZIER_KNOTS.);
#13770 = CARTESIAN_POINT('',(-3.76,-0.765,1.02));
#13771 = CARTESIAN_POINT('',(-3.75,-0.765,1.02));
#13772 = ORIENTED_EDGE('',*,*,#13533,.F.);
#13773 = B_SPLINE_SURFACE_WITH_KNOTS('',1,1,(
    (#13774,#13775)
    ,(#13776,#13777
  )),.UNSPECIFIED.,.F.,.F.,.F.,(2,2),(2,2),(0.,1.E-02),(0.,1.8),
  .PIECEWISE_BEZIER_KNOTS.);
#13774 = CARTESIAN_POINT('',(-3.76,-0.765,1.02));
#13775 = CARTESIAN_POINT('',(-3.76,0.765,1.02));
#13776 = CARTESIAN_POINT('',(-3.75,-0.765,1.02));
#13777 = CARTESIAN_POINT('',(-3.75,0.765,1.02));
#13778 = ADVANCED_FACE('',(#13779),#13795,.F.);
#13779 = FACE_BOUND('',#13780,.F.);
#13780 = EDGE_LOOP('',(#13781,#13788,#13793,#13794));
#13781 = ORIENTED_EDGE('',*,*,#13782,.F.);
#13782 = EDGE_CURVE('',#13783,#13520,#13785,.T.);
#13783 = VERTEX_POINT('',#13784);
#13784 = CARTESIAN_POINT('',(-3.76,-0.765,0.));
#13785 = B_SPLINE_CURVE_WITH_KNOTS('',1,(#13786,#13787),.UNSPECIFIED.,
  .F.,.F.,(2,2),(0.,1.E-02),.PIECEWISE_BEZIER_KNOTS.);
#13786 = CARTESIAN_POINT('',(-3.76,-0.765,0.));
#13787 = CARTESIAN_POINT('',(-3.75,-0.765,0.));
#13788 = ORIENTED_EDGE('',*,*,#13789,.T.);
#13789 = EDGE_CURVE('',#13783,#13762,#13790,.T.);
#13790 = B_SPLINE_CURVE_WITH_KNOTS('',1,(#13791,#13792),.UNSPECIFIED.,
  .F.,.F.,(2,2),(0.,1.02),.PIECEWISE_BEZIER_KNOTS.);
#13791 = CARTESIAN_POINT('',(-3.76,-0.765,0.));
#13792 = CARTESIAN_POINT('',(-3.76,-0.765,1.02));
#13793 = ORIENTED_EDGE('',*,*,#13768,.T.);
#13794 = ORIENTED_EDGE('',*,*,#13526,.F.);
#13795 = B_SPLINE_SURFACE_WITH_KNOTS('',1,1,(
    (#13796,#13797)
    ,(#13798,#13799
    )),.UNSPECIFIED.,.F.,.F.,.F.,(2,2),(2,2),(0.,1.02),(0.,1.E-02),
  .PIECEWISE_BEZIER_KNOTS.);
#13796 = CARTESIAN_POINT('',(-3.76,-0.765,0.));
#13797 = CARTESIAN_POINT('',(-3.75,-0.765,0.));
#13798 = CARTESIAN_POINT('',(-3.76,-0.765,1.02));
#13799 = CARTESIAN_POINT('',(-3.75,-0.765,1.02));
#13800 = ADVANCED_FACE('',(#13801),#13818,.T.);
#13801 = FACE_BOUND('',#13802,.T.);
#13802 = EDGE_LOOP('',(#13803,#13804,#13805,#13812));
#13803 = ORIENTED_EDGE('',*,*,#13512,.F.);
#13804 = ORIENTED_EDGE('',*,*,#13632,.T.);
#13805 = ORIENTED_EDGE('',*,*,#13806,.T.);
#13806 = EDGE_CURVE('',#13633,#13807,#13809,.T.);
#13807 = VERTEX_POINT('',#13808);
#13808 = CARTESIAN_POINT('',(-3.375,-3.1875,3.025));
#13809 = B_SPLINE_CURVE_WITH_KNOTS('',1,(#13810,#13811),.UNSPECIFIED.,
  .F.,.F.,(2,2),(0.,3.025),.PIECEWISE_BEZIER_KNOTS.);
#13810 = CARTESIAN_POINT('',(-3.375,-3.1875,0.));
#13811 = CARTESIAN_POINT('',(-3.375,-3.1875,3.025));
#13812 = ORIENTED_EDGE('',*,*,#13813,.F.);
#13813 = EDGE_CURVE('',#13506,#13807,#13814,.T.);
#13814 = ( BOUNDED_CURVE() B_SPLINE_CURVE(2,(#13815,#13816,#13817),
.UNSPECIFIED.,.F.,.F.) B_SPLINE_CURVE_WITH_KNOTS((3,3),(0.,
1.570796326795),.PIECEWISE_BEZIER_KNOTS.) CURVE() 
GEOMETRIC_REPRESENTATION_ITEM() RATIONAL_B_SPLINE_CURVE((1.,
0.707106781187,1.)) REPRESENTATION_ITEM('') );
#13815 = CARTESIAN_POINT('',(-3.75,-2.86875,3.025));
#13816 = CARTESIAN_POINT('',(-3.75,-3.1875,3.025));
#13817 = CARTESIAN_POINT('',(-3.375,-3.1875,3.025));
#13818 = ( BOUNDED_SURFACE() B_SPLINE_SURFACE(2,1,(
    (#13819,#13820)
    ,(#13821,#13822)
    ,(#13823,#13824
)),.UNSPECIFIED.,.F.,.F.,.F.) B_SPLINE_SURFACE_WITH_KNOTS((3,3),(2,2),(
    0.,1.570796326795),(0.,3.025),.PIECEWISE_BEZIER_KNOTS.) 
GEOMETRIC_REPRESENTATION_ITEM() RATIONAL_B_SPLINE_SURFACE((
    (1.,1.)
    ,(0.707106781187,0.707106781187)
,(1.,1.))) REPRESENTATION_ITEM('') SURFACE() );
#13819 = CARTESIAN_POINT('',(-3.75,-2.86875,0.));
#13820 = CARTESIAN_POINT('',(-3.75,-2.86875,3.025));
#13821 = CARTESIAN_POINT('',(-3.75,-3.1875,0.));
#13822 = CARTESIAN_POINT('',(-3.75,-3.1875,3.025));
#13823 = CARTESIAN_POINT('',(-3.375,-3.1875,0.));
#13824 = CARTESIAN_POINT('',(-3.375,-3.1875,3.025));
#13825 = ADVANCED_FACE('',(#13826),#13836,.T.);
#13826 = FACE_BOUND('',#13827,.T.);
#13827 = EDGE_LOOP('',(#13828,#13829,#13830));
#13828 = ORIENTED_EDGE('',*,*,#13599,.T.);
#13829 = ORIENTED_EDGE('',*,*,#13567,.F.);
#13830 = ORIENTED_EDGE('',*,*,#13831,.T.);
#13831 = EDGE_CURVE('',#13568,#13600,#13832,.T.);
#13832 = ( BOUNDED_CURVE() B_SPLINE_CURVE(2,(#13833,#13834,#13835),
.UNSPECIFIED.,.F.,.F.) B_SPLINE_CURVE_WITH_KNOTS((3,3),(0.,
1.570796326795),.PIECEWISE_BEZIER_KNOTS.) CURVE() 
GEOMETRIC_REPRESENTATION_ITEM() RATIONAL_B_SPLINE_CURVE((1.,
0.707106781187,1.)) REPRESENTATION_ITEM('') );
#13833 = CARTESIAN_POINT('',(-3.375,2.86875,3.4));
#13834 = CARTESIAN_POINT('',(-3.375,3.1875,3.4));
#13835 = CARTESIAN_POINT('',(-3.375,3.1875,3.025));
#13836 = ( BOUNDED_SURFACE() B_SPLINE_SURFACE(2,2,(
    (#13837,#13838,#13839)
    ,(#13840,#13841,#13842)
    ,(#13843,#13844,#13845
)),.UNSPECIFIED.,.F.,.F.,.F.) B_SPLINE_SURFACE_WITH_KNOTS((3,3),(3,3),(
    4.712388980385,6.28318530718),(-1.570796326795,8.881784197001E-16),
.PIECEWISE_BEZIER_KNOTS.) GEOMETRIC_REPRESENTATION_ITEM() 
RATIONAL_B_SPLINE_SURFACE((
    (1.,0.707106781187,1.)
    ,(0.707106781187,0.5,0.707106781187)
,(1.,0.707106781187,1.))) REPRESENTATION_ITEM('') SURFACE() );
#13837 = CARTESIAN_POINT('',(-3.375,2.86875,3.4));
#13838 = CARTESIAN_POINT('',(-3.75,2.86875,3.4));
#13839 = CARTESIAN_POINT('',(-3.75,2.86875,3.025));
#13840 = CARTESIAN_POINT('',(-3.375,2.86875,3.4));
#13841 = CARTESIAN_POINT('',(-3.75,3.1875,3.4));
#13842 = CARTESIAN_POINT('',(-3.75,3.1875,3.025));
#13843 = CARTESIAN_POINT('',(-3.375,2.86875,3.4));
#13844 = CARTESIAN_POINT('',(-3.375,3.1875,3.4));
#13845 = CARTESIAN_POINT('',(-3.375,3.1875,3.025));
#13846 = ADVANCED_FACE('',(#13847),#13869,.T.);
#13847 = FACE_BOUND('',#13848,.T.);
#13848 = EDGE_LOOP('',(#13849,#13856,#13863,#13868));
#13849 = ORIENTED_EDGE('',*,*,#13850,.T.);
#13850 = EDGE_CURVE('',#13577,#13851,#13853,.T.);
#13851 = VERTEX_POINT('',#13852);
#13852 = CARTESIAN_POINT('',(3.375,-2.86875,3.4));
#13853 = B_SPLINE_CURVE_WITH_KNOTS('',1,(#13854,#13855),.UNSPECIFIED.,
  .F.,.F.,(2,2),(0.,6.75),.PIECEWISE_BEZIER_KNOTS.);
#13854 = CARTESIAN_POINT('',(-3.375,-2.86875,3.4));
#13855 = CARTESIAN_POINT('',(3.375,-2.86875,3.4));
#13856 = ORIENTED_EDGE('',*,*,#13857,.T.);
#13857 = EDGE_CURVE('',#13851,#13858,#13860,.T.);
#13858 = VERTEX_POINT('',#13859);
#13859 = CARTESIAN_POINT('',(3.375,2.86875,3.4));
#13860 = B_SPLINE_CURVE_WITH_KNOTS('',1,(#13861,#13862),.UNSPECIFIED.,
  .F.,.F.,(2,2),(0.,6.75),.PIECEWISE_BEZIER_KNOTS.);
#13861 = CARTESIAN_POINT('',(3.375,-2.86875,3.4));
#13862 = CARTESIAN_POINT('',(3.375,2.86875,3.4));
#13863 = ORIENTED_EDGE('',*,*,#13864,.T.);
#13864 = EDGE_CURVE('',#13858,#13568,#13865,.T.);
#13865 = B_SPLINE_CURVE_WITH_KNOTS('',1,(#13866,#13867),.UNSPECIFIED.,
  .F.,.F.,(2,2),(-0.,6.75),.PIECEWISE_BEZIER_KNOTS.);
#13866 = CARTESIAN_POINT('',(3.375,2.86875,3.4));
#13867 = CARTESIAN_POINT('',(-3.375,2.86875,3.4));
#13868 = ORIENTED_EDGE('',*,*,#13584,.T.);
#13869 = B_SPLINE_SURFACE_WITH_KNOTS('',1,1,(
    (#13870,#13871)
    ,(#13872,#13873
    )),.UNSPECIFIED.,.F.,.F.,.F.,(2,2),(2,2),(0.375,7.125),(0.375,7.125)
  ,.PIECEWISE_BEZIER_KNOTS.);
#13870 = CARTESIAN_POINT('',(-3.375,-2.86875,3.4));
#13871 = CARTESIAN_POINT('',(-3.375,2.86875,3.4));
#13872 = CARTESIAN_POINT('',(3.375,-2.86875,3.4));
#13873 = CARTESIAN_POINT('',(3.375,2.86875,3.4));
#13874 = ADVANCED_FACE('',(#13875),#13885,.T.);
#13875 = FACE_BOUND('',#13876,.T.);
#13876 = EDGE_LOOP('',(#13877,#13878,#13884));
#13877 = ORIENTED_EDGE('',*,*,#13813,.T.);
#13878 = ORIENTED_EDGE('',*,*,#13879,.F.);
#13879 = EDGE_CURVE('',#13577,#13807,#13880,.T.);
#13880 = ( BOUNDED_CURVE() B_SPLINE_CURVE(2,(#13881,#13882,#13883),
.UNSPECIFIED.,.F.,.F.) B_SPLINE_CURVE_WITH_KNOTS((3,3),(4.712388980385,
6.28318530718),.PIECEWISE_BEZIER_KNOTS.) CURVE() 
GEOMETRIC_REPRESENTATION_ITEM() RATIONAL_B_SPLINE_CURVE((1.,
0.707106781187,1.)) REPRESENTATION_ITEM('') );
#13881 = CARTESIAN_POINT('',(-3.375,-2.86875,3.4));
#13882 = CARTESIAN_POINT('',(-3.375,-3.1875,3.4));
#13883 = CARTESIAN_POINT('',(-3.375,-3.1875,3.025));
#13884 = ORIENTED_EDGE('',*,*,#13576,.T.);
#13885 = ( BOUNDED_SURFACE() B_SPLINE_SURFACE(2,2,(
    (#13886,#13887,#13888)
    ,(#13889,#13890,#13891)
    ,(#13892,#13893,#13894
)),.UNSPECIFIED.,.F.,.F.,.F.) B_SPLINE_SURFACE_WITH_KNOTS((3,3),(3,3),(
    4.712388980385,6.28318530718),(-1.570796326795,8.881784197001E-16),
.PIECEWISE_BEZIER_KNOTS.) GEOMETRIC_REPRESENTATION_ITEM() 
RATIONAL_B_SPLINE_SURFACE((
    (1.,0.707106781187,1.)
    ,(0.707106781187,0.5,0.707106781187)
,(1.,0.707106781187,1.))) REPRESENTATION_ITEM('') SURFACE() );
#13886 = CARTESIAN_POINT('',(-3.375,-2.86875,3.4));
#13887 = CARTESIAN_POINT('',(-3.375,-3.1875,3.4));
#13888 = CARTESIAN_POINT('',(-3.375,-3.1875,3.025));
#13889 = CARTESIAN_POINT('',(-3.375,-2.86875,3.4));
#13890 = CARTESIAN_POINT('',(-3.75,-3.1875,3.4));
#13891 = CARTESIAN_POINT('',(-3.75,-3.1875,3.025));
#13892 = CARTESIAN_POINT('',(-3.375,-2.86875,3.4));
#13893 = CARTESIAN_POINT('',(-3.75,-2.86875,3.4));
#13894 = CARTESIAN_POINT('',(-3.75,-2.86875,3.025));
#13895 = ADVANCED_FACE('',(#13896),#13912,.T.);
#13896 = FACE_BOUND('',#13897,.T.);
#13897 = EDGE_LOOP('',(#13898,#13899,#13906,#13911));
#13898 = ORIENTED_EDGE('',*,*,#13607,.T.);
#13899 = ORIENTED_EDGE('',*,*,#13900,.F.);
#13900 = EDGE_CURVE('',#13901,#13600,#13903,.T.);
#13901 = VERTEX_POINT('',#13902);
#13902 = CARTESIAN_POINT('',(3.375,3.1875,3.025));
#13903 = B_SPLINE_CURVE_WITH_KNOTS('',1,(#13904,#13905),.UNSPECIFIED.,
  .F.,.F.,(2,2),(-0.,6.75),.PIECEWISE_BEZIER_KNOTS.);
#13904 = CARTESIAN_POINT('',(3.375,3.1875,3.025));
#13905 = CARTESIAN_POINT('',(-3.375,3.1875,3.025));
#13906 = ORIENTED_EDGE('',*,*,#13907,.F.);
#13907 = EDGE_CURVE('',#13691,#13901,#13908,.T.);
#13908 = B_SPLINE_CURVE_WITH_KNOTS('',1,(#13909,#13910),.UNSPECIFIED.,
  .F.,.F.,(2,2),(0.,3.025),.PIECEWISE_BEZIER_KNOTS.);
#13909 = CARTESIAN_POINT('',(3.375,3.1875,0.));
#13910 = CARTESIAN_POINT('',(3.375,3.1875,3.025));
#13911 = ORIENTED_EDGE('',*,*,#13698,.F.);
#13912 = B_SPLINE_SURFACE_WITH_KNOTS('',1,1,(
    (#13913,#13914)
    ,(#13915,#13916
    )),.UNSPECIFIED.,.F.,.F.,.F.,(2,2),(2,2),(0.,3.025),(0.375,7.125),
  .PIECEWISE_BEZIER_KNOTS.);
#13913 = CARTESIAN_POINT('',(-3.375,3.1875,0.));
#13914 = CARTESIAN_POINT('',(3.375,3.1875,0.));
#13915 = CARTESIAN_POINT('',(-3.375,3.1875,3.025));
#13916 = CARTESIAN_POINT('',(3.375,3.1875,3.025));
#13917 = ADVANCED_FACE('',(#13918),#13930,.F.);
#13918 = FACE_BOUND('',#13919,.F.);
#13919 = EDGE_LOOP('',(#13920,#13925,#13926,#13927,#13928,#13929));
#13920 = ORIENTED_EDGE('',*,*,#13921,.F.);
#13921 = EDGE_CURVE('',#13783,#13733,#13922,.T.);
#13922 = B_SPLINE_CURVE_WITH_KNOTS('',1,(#13923,#13924),.UNSPECIFIED.,
  .F.,.F.,(2,2),(0.,1.8),.PIECEWISE_BEZIER_KNOTS.);
#13923 = CARTESIAN_POINT('',(-3.76,-0.765,0.));
#13924 = CARTESIAN_POINT('',(-3.76,0.765,0.));
#13925 = ORIENTED_EDGE('',*,*,#13782,.T.);
#13926 = ORIENTED_EDGE('',*,*,#13719,.T.);
#13927 = ORIENTED_EDGE('',*,*,#13712,.T.);
#13928 = ORIENTED_EDGE('',*,*,#13705,.F.);
#13929 = ORIENTED_EDGE('',*,*,#13732,.F.);
#13930 = B_SPLINE_SURFACE_WITH_KNOTS('',1,1,(
    (#13931,#13932)
    ,(#13933,#13934
    )),.UNSPECIFIED.,.F.,.F.,.F.,(2,2),(2,2),(0.,1.35),(0.,1.8),
  .PIECEWISE_BEZIER_KNOTS.);
#13931 = CARTESIAN_POINT('',(-3.76,-0.765,0.));
#13932 = CARTESIAN_POINT('',(-3.76,0.765,0.));
#13933 = CARTESIAN_POINT('',(-2.41,-0.765,0.));
#13934 = CARTESIAN_POINT('',(-2.41,0.765,0.));
#13935 = ADVANCED_FACE('',(#13936),#13953,.T.);
#13936 = FACE_BOUND('',#13937,.T.);
#13937 = EDGE_LOOP('',(#13938,#13945,#13946,#13947));
#13938 = ORIENTED_EDGE('',*,*,#13939,.F.);
#13939 = EDGE_CURVE('',#13684,#13940,#13942,.T.);
#13940 = VERTEX_POINT('',#13941);
#13941 = CARTESIAN_POINT('',(3.75,2.86875,3.025));
#13942 = B_SPLINE_CURVE_WITH_KNOTS('',1,(#13943,#13944),.UNSPECIFIED.,
  .F.,.F.,(2,2),(0.,3.025),.PIECEWISE_BEZIER_KNOTS.);
#13943 = CARTESIAN_POINT('',(3.75,2.86875,0.));
#13944 = CARTESIAN_POINT('',(3.75,2.86875,3.025));
#13945 = ORIENTED_EDGE('',*,*,#13690,.T.);
#13946 = ORIENTED_EDGE('',*,*,#13907,.T.);
#13947 = ORIENTED_EDGE('',*,*,#13948,.F.);
#13948 = EDGE_CURVE('',#13940,#13901,#13949,.T.);
#13949 = ( BOUNDED_CURVE() B_SPLINE_CURVE(2,(#13950,#13951,#13952),
.UNSPECIFIED.,.F.,.F.) B_SPLINE_CURVE_WITH_KNOTS((3,3),(0.,
1.570796326795),.PIECEWISE_BEZIER_KNOTS.) CURVE() 
GEOMETRIC_REPRESENTATION_ITEM() RATIONAL_B_SPLINE_CURVE((1.,
0.707106781187,1.)) REPRESENTATION_ITEM('') );
#13950 = CARTESIAN_POINT('',(3.75,2.86875,3.025));
#13951 = CARTESIAN_POINT('',(3.75,3.1875,3.025));
#13952 = CARTESIAN_POINT('',(3.375,3.1875,3.025));
#13953 = ( BOUNDED_SURFACE() B_SPLINE_SURFACE(2,1,(
    (#13954,#13955)
    ,(#13956,#13957)
    ,(#13958,#13959
)),.UNSPECIFIED.,.F.,.F.,.F.) B_SPLINE_SURFACE_WITH_KNOTS((3,3),(2,2),(
    0.,1.570796326795),(0.,3.025),.PIECEWISE_BEZIER_KNOTS.) 
GEOMETRIC_REPRESENTATION_ITEM() RATIONAL_B_SPLINE_SURFACE((
    (1.,1.)
    ,(0.707106781187,0.707106781187)
,(1.,1.))) REPRESENTATION_ITEM('') SURFACE() );
#13954 = CARTESIAN_POINT('',(3.75,2.86875,0.));
#13955 = CARTESIAN_POINT('',(3.75,2.86875,3.025));
#13956 = CARTESIAN_POINT('',(3.75,3.1875,0.));
#13957 = CARTESIAN_POINT('',(3.75,3.1875,3.025));
#13958 = CARTESIAN_POINT('',(3.375,3.1875,0.));
#13959 = CARTESIAN_POINT('',(3.375,3.1875,3.025));
#13960 = ADVANCED_FACE('',(#13961),#13997,.T.);
#13961 = FACE_BOUND('',#13962,.T.);
#13962 = EDGE_LOOP('',(#13963,#13970,#13975,#13976,#13983,#13990,#13995,
    #13996));
#13963 = ORIENTED_EDGE('',*,*,#13964,.F.);
#13964 = EDGE_CURVE('',#13965,#13940,#13967,.T.);
#13965 = VERTEX_POINT('',#13966);
#13966 = CARTESIAN_POINT('',(3.75,-2.86875,3.025));
#13967 = B_SPLINE_CURVE_WITH_KNOTS('',1,(#13968,#13969),.UNSPECIFIED.,
  .F.,.F.,(2,2),(0.,6.75),.PIECEWISE_BEZIER_KNOTS.);
#13968 = CARTESIAN_POINT('',(3.75,-2.86875,3.025));
#13969 = CARTESIAN_POINT('',(3.75,2.86875,3.025));
#13970 = ORIENTED_EDGE('',*,*,#13971,.F.);
#13971 = EDGE_CURVE('',#13648,#13965,#13972,.T.);
#13972 = B_SPLINE_CURVE_WITH_KNOTS('',1,(#13973,#13974),.UNSPECIFIED.,
  .F.,.F.,(2,2),(0.,3.025),.PIECEWISE_BEZIER_KNOTS.);
#13973 = CARTESIAN_POINT('',(3.75,-2.86875,0.));
#13974 = CARTESIAN_POINT('',(3.75,-2.86875,3.025));
#13975 = ORIENTED_EDGE('',*,*,#13655,.T.);
#13976 = ORIENTED_EDGE('',*,*,#13977,.T.);
#13977 = EDGE_CURVE('',#13656,#13978,#13980,.T.);
#13978 = VERTEX_POINT('',#13979);
#13979 = CARTESIAN_POINT('',(3.75,-0.765,1.02));
#13980 = B_SPLINE_CURVE_WITH_KNOTS('',1,(#13981,#13982),.UNSPECIFIED.,
  .F.,.F.,(2,2),(0.,1.02),.PIECEWISE_BEZIER_KNOTS.);
#13981 = CARTESIAN_POINT('',(3.75,-0.765,0.));
#13982 = CARTESIAN_POINT('',(3.75,-0.765,1.02));
#13983 = ORIENTED_EDGE('',*,*,#13984,.F.);
#13984 = EDGE_CURVE('',#13985,#13978,#13987,.T.);
#13985 = VERTEX_POINT('',#13986);
#13986 = CARTESIAN_POINT('',(3.75,0.765,1.02));
#13987 = B_SPLINE_CURVE_WITH_KNOTS('',1,(#13988,#13989),.UNSPECIFIED.,
  .F.,.F.,(2,2),(-3.225,-1.425),.PIECEWISE_BEZIER_KNOTS.);
#13988 = CARTESIAN_POINT('',(3.75,0.765,1.02));
#13989 = CARTESIAN_POINT('',(3.75,-0.765,1.02));
#13990 = ORIENTED_EDGE('',*,*,#13991,.F.);
#13991 = EDGE_CURVE('',#13677,#13985,#13992,.T.);
#13992 = B_SPLINE_CURVE_WITH_KNOTS('',1,(#13993,#13994),.UNSPECIFIED.,
  .F.,.F.,(2,2),(0.,1.02),.PIECEWISE_BEZIER_KNOTS.);
#13993 = CARTESIAN_POINT('',(3.75,0.765,0.));
#13994 = CARTESIAN_POINT('',(3.75,0.765,1.02));
#13995 = ORIENTED_EDGE('',*,*,#13683,.T.);
#13996 = ORIENTED_EDGE('',*,*,#13939,.T.);
#13997 = B_SPLINE_SURFACE_WITH_KNOTS('',1,1,(
    (#13998,#13999)
    ,(#14000,#14001
    )),.UNSPECIFIED.,.F.,.F.,.F.,(2,2),(2,2),(0.,3.025),(-7.125,-0.375),
  .PIECEWISE_BEZIER_KNOTS.);
#13998 = CARTESIAN_POINT('',(3.75,2.86875,0.));
#13999 = CARTESIAN_POINT('',(3.75,-2.86875,0.));
#14000 = CARTESIAN_POINT('',(3.75,2.86875,3.025));
#14001 = CARTESIAN_POINT('',(3.75,-2.86875,3.025));
#14002 = ADVANCED_FACE('',(#14003),#14027,.F.);
#14003 = FACE_BOUND('',#14004,.F.);
#14004 = EDGE_LOOP('',(#14005,#14006,#14007,#14014,#14021,#14026));
#14005 = ORIENTED_EDGE('',*,*,#13669,.F.);
#14006 = ORIENTED_EDGE('',*,*,#13662,.T.);
#14007 = ORIENTED_EDGE('',*,*,#14008,.T.);
#14008 = EDGE_CURVE('',#13656,#14009,#14011,.T.);
#14009 = VERTEX_POINT('',#14010);
#14010 = CARTESIAN_POINT('',(3.76,-0.765,0.));
#14011 = B_SPLINE_CURVE_WITH_KNOTS('',1,(#14012,#14013),.UNSPECIFIED.,
  .F.,.F.,(2,2),(1.34,1.35),.PIECEWISE_BEZIER_KNOTS.);
#14012 = CARTESIAN_POINT('',(3.75,-0.765,0.));
#14013 = CARTESIAN_POINT('',(3.76,-0.765,0.));
#14014 = ORIENTED_EDGE('',*,*,#14015,.T.);
#14015 = EDGE_CURVE('',#14009,#14016,#14018,.T.);
#14016 = VERTEX_POINT('',#14017);
#14017 = CARTESIAN_POINT('',(3.76,0.765,0.));
#14018 = B_SPLINE_CURVE_WITH_KNOTS('',1,(#14019,#14020),.UNSPECIFIED.,
  .F.,.F.,(2,2),(0.,1.8),.PIECEWISE_BEZIER_KNOTS.);
#14019 = CARTESIAN_POINT('',(3.76,-0.765,0.));
#14020 = CARTESIAN_POINT('',(3.76,0.765,0.));
#14021 = ORIENTED_EDGE('',*,*,#14022,.F.);
#14022 = EDGE_CURVE('',#13677,#14016,#14023,.T.);
#14023 = B_SPLINE_CURVE_WITH_KNOTS('',1,(#14024,#14025),.UNSPECIFIED.,
  .F.,.F.,(2,2),(1.34,1.35),.PIECEWISE_BEZIER_KNOTS.);
#14024 = CARTESIAN_POINT('',(3.75,0.765,0.));
#14025 = CARTESIAN_POINT('',(3.76,0.765,0.));
#14026 = ORIENTED_EDGE('',*,*,#13676,.F.);
#14027 = B_SPLINE_SURFACE_WITH_KNOTS('',1,1,(
    (#14028,#14029)
    ,(#14030,#14031
    )),.UNSPECIFIED.,.F.,.F.,.F.,(2,2),(2,2),(0.,1.35),(0.,1.8),
  .PIECEWISE_BEZIER_KNOTS.);
#14028 = CARTESIAN_POINT('',(2.41,-0.765,0.));
#14029 = CARTESIAN_POINT('',(2.41,0.765,0.));
#14030 = CARTESIAN_POINT('',(3.76,-0.765,0.));
#14031 = CARTESIAN_POINT('',(3.76,0.765,0.));
#14032 = ADVANCED_FACE('',(#14033),#14050,.T.);
#14033 = FACE_BOUND('',#14034,.T.);
#14034 = EDGE_LOOP('',(#14035,#14043,#14048,#14049));
#14035 = ORIENTED_EDGE('',*,*,#14036,.F.);
#14036 = EDGE_CURVE('',#14037,#13965,#14039,.T.);
#14037 = VERTEX_POINT('',#14038);
#14038 = CARTESIAN_POINT('',(3.375,-3.1875,3.025));
#14039 = ( BOUNDED_CURVE() B_SPLINE_CURVE(2,(#14040,#14041,#14042),
.UNSPECIFIED.,.F.,.F.) B_SPLINE_CURVE_WITH_KNOTS((3,3),(0.,
1.570796326795),.PIECEWISE_BEZIER_KNOTS.) CURVE() 
GEOMETRIC_REPRESENTATION_ITEM() RATIONAL_B_SPLINE_CURVE((1.,
0.707106781187,1.)) REPRESENTATION_ITEM('') );
#14040 = CARTESIAN_POINT('',(3.375,-3.1875,3.025));
#14041 = CARTESIAN_POINT('',(3.75,-3.1875,3.025));
#14042 = CARTESIAN_POINT('',(3.75,-2.86875,3.025));
#14043 = ORIENTED_EDGE('',*,*,#14044,.F.);
#14044 = EDGE_CURVE('',#13641,#14037,#14045,.T.);
#14045 = B_SPLINE_CURVE_WITH_KNOTS('',1,(#14046,#14047),.UNSPECIFIED.,
  .F.,.F.,(2,2),(0.,3.025),.PIECEWISE_BEZIER_KNOTS.);
#14046 = CARTESIAN_POINT('',(3.375,-3.1875,0.));
#14047 = CARTESIAN_POINT('',(3.375,-3.1875,3.025));
#14048 = ORIENTED_EDGE('',*,*,#13647,.F.);
#14049 = ORIENTED_EDGE('',*,*,#13971,.T.);
#14050 = ( BOUNDED_SURFACE() B_SPLINE_SURFACE(2,1,(
    (#14051,#14052)
    ,(#14053,#14054)
    ,(#14055,#14056
)),.UNSPECIFIED.,.F.,.F.,.F.) B_SPLINE_SURFACE_WITH_KNOTS((3,3),(2,2),(
    4.712388980385,6.28318530718),(0.,3.025),.PIECEWISE_BEZIER_KNOTS.) 
GEOMETRIC_REPRESENTATION_ITEM() RATIONAL_B_SPLINE_SURFACE((
    (1.,1.)
    ,(0.707106781187,0.707106781187)
,(1.,1.))) REPRESENTATION_ITEM('') SURFACE() );
#14051 = CARTESIAN_POINT('',(3.375,-3.1875,0.));
#14052 = CARTESIAN_POINT('',(3.375,-3.1875,3.025));
#14053 = CARTESIAN_POINT('',(3.75,-3.1875,0.));
#14054 = CARTESIAN_POINT('',(3.75,-3.1875,3.025));
#14055 = CARTESIAN_POINT('',(3.75,-2.86875,0.));
#14056 = CARTESIAN_POINT('',(3.75,-2.86875,3.025));
#14057 = ADVANCED_FACE('',(#14058),#14068,.F.);
#14058 = FACE_BOUND('',#14059,.F.);
#14059 = EDGE_LOOP('',(#14060,#14061,#14066,#14067));
#14060 = ORIENTED_EDGE('',*,*,#13806,.T.);
#14061 = ORIENTED_EDGE('',*,*,#14062,.T.);
#14062 = EDGE_CURVE('',#13807,#14037,#14063,.T.);
#14063 = B_SPLINE_CURVE_WITH_KNOTS('',1,(#14064,#14065),.UNSPECIFIED.,
  .F.,.F.,(2,2),(0.,6.75),.PIECEWISE_BEZIER_KNOTS.);
#14064 = CARTESIAN_POINT('',(-3.375,-3.1875,3.025));
#14065 = CARTESIAN_POINT('',(3.375,-3.1875,3.025));
#14066 = ORIENTED_EDGE('',*,*,#14044,.F.);
#14067 = ORIENTED_EDGE('',*,*,#13640,.F.);
#14068 = B_SPLINE_SURFACE_WITH_KNOTS('',1,1,(
    (#14069,#14070)
    ,(#14071,#14072
    )),.UNSPECIFIED.,.F.,.F.,.F.,(2,2),(2,2),(0.,3.025),(0.375,7.125),
  .PIECEWISE_BEZIER_KNOTS.);
#14069 = CARTESIAN_POINT('',(-3.375,-3.1875,0.));
#14070 = CARTESIAN_POINT('',(3.375,-3.1875,0.));
#14071 = CARTESIAN_POINT('',(-3.375,-3.1875,3.025));
#14072 = CARTESIAN_POINT('',(3.375,-3.1875,3.025));
#14073 = ADVANCED_FACE('',(#14074),#14080,.F.);
#14074 = FACE_BOUND('',#14075,.F.);
#14075 = EDGE_LOOP('',(#14076,#14077,#14078,#14079));
#14076 = ORIENTED_EDGE('',*,*,#13789,.F.);
#14077 = ORIENTED_EDGE('',*,*,#13921,.T.);
#14078 = ORIENTED_EDGE('',*,*,#13739,.T.);
#14079 = ORIENTED_EDGE('',*,*,#13761,.F.);
#14080 = B_SPLINE_SURFACE_WITH_KNOTS('',1,1,(
    (#14081,#14082)
    ,(#14083,#14084
    )),.UNSPECIFIED.,.F.,.F.,.F.,(2,2),(2,2),(0.,1.02),(-1.8,0.),
  .PIECEWISE_BEZIER_KNOTS.);
#14081 = CARTESIAN_POINT('',(-3.76,0.765,0.));
#14082 = CARTESIAN_POINT('',(-3.76,-0.765,0.));
#14083 = CARTESIAN_POINT('',(-3.76,0.765,1.02));
#14084 = CARTESIAN_POINT('',(-3.76,-0.765,1.02));
#14085 = ADVANCED_FACE('',(#14086),#14097,.T.);
#14086 = FACE_BOUND('',#14087,.T.);
#14087 = EDGE_LOOP('',(#14088,#14094,#14095,#14096));
#14088 = ORIENTED_EDGE('',*,*,#14089,.T.);
#14089 = EDGE_CURVE('',#13858,#13901,#14090,.T.);
#14090 = ( BOUNDED_CURVE() B_SPLINE_CURVE(2,(#14091,#14092,#14093),
.UNSPECIFIED.,.F.,.F.) B_SPLINE_CURVE_WITH_KNOTS((3,3),(4.712388980385,
6.28318530718),.PIECEWISE_BEZIER_KNOTS.) CURVE() 
GEOMETRIC_REPRESENTATION_ITEM() RATIONAL_B_SPLINE_CURVE((1.,
0.707106781187,1.)) REPRESENTATION_ITEM('') );
#14091 = CARTESIAN_POINT('',(3.375,2.86875,3.4));
#14092 = CARTESIAN_POINT('',(3.375,3.1875,3.4));
#14093 = CARTESIAN_POINT('',(3.375,3.1875,3.025));
#14094 = ORIENTED_EDGE('',*,*,#13900,.T.);
#14095 = ORIENTED_EDGE('',*,*,#13831,.F.);
#14096 = ORIENTED_EDGE('',*,*,#13864,.F.);
#14097 = ( BOUNDED_SURFACE() B_SPLINE_SURFACE(2,1,(
    (#14098,#14099)
    ,(#14100,#14101)
    ,(#14102,#14103
)),.UNSPECIFIED.,.F.,.F.,.F.) B_SPLINE_SURFACE_WITH_KNOTS((3,3),(2,2),(
    0.,1.570796326795),(0.,6.75),.PIECEWISE_BEZIER_KNOTS.) 
GEOMETRIC_REPRESENTATION_ITEM() RATIONAL_B_SPLINE_SURFACE((
    (1.,1.)
    ,(0.707106781187,0.707106781187)
,(1.,1.))) REPRESENTATION_ITEM('') SURFACE() );
#14098 = CARTESIAN_POINT('',(3.375,2.86875,3.4));
#14099 = CARTESIAN_POINT('',(-3.375,2.86875,3.4));
#14100 = CARTESIAN_POINT('',(3.375,3.1875,3.4));
#14101 = CARTESIAN_POINT('',(-3.375,3.1875,3.4));
#14102 = CARTESIAN_POINT('',(3.375,3.1875,3.025));
#14103 = CARTESIAN_POINT('',(-3.375,3.1875,3.025));
#14104 = ADVANCED_FACE('',(#14105),#14116,.T.);
#14105 = FACE_BOUND('',#14106,.T.);
#14106 = EDGE_LOOP('',(#14107,#14108,#14109,#14115));
#14107 = ORIENTED_EDGE('',*,*,#13879,.T.);
#14108 = ORIENTED_EDGE('',*,*,#14062,.T.);
#14109 = ORIENTED_EDGE('',*,*,#14110,.F.);
#14110 = EDGE_CURVE('',#13851,#14037,#14111,.T.);
#14111 = ( BOUNDED_CURVE() B_SPLINE_CURVE(2,(#14112,#14113,#14114),
.UNSPECIFIED.,.F.,.F.) B_SPLINE_CURVE_WITH_KNOTS((3,3),(0.,
1.570796326795),.PIECEWISE_BEZIER_KNOTS.) CURVE() 
GEOMETRIC_REPRESENTATION_ITEM() RATIONAL_B_SPLINE_CURVE((1.,
0.707106781187,1.)) REPRESENTATION_ITEM('') );
#14112 = CARTESIAN_POINT('',(3.375,-2.86875,3.4));
#14113 = CARTESIAN_POINT('',(3.375,-3.1875,3.4));
#14114 = CARTESIAN_POINT('',(3.375,-3.1875,3.025));
#14115 = ORIENTED_EDGE('',*,*,#13850,.F.);
#14116 = ( BOUNDED_SURFACE() B_SPLINE_SURFACE(2,1,(
    (#14117,#14118)
    ,(#14119,#14120)
    ,(#14121,#14122
)),.UNSPECIFIED.,.F.,.F.,.F.) B_SPLINE_SURFACE_WITH_KNOTS((3,3),(2,2),(
    0.,1.570796326795),(0.,6.75),.PIECEWISE_BEZIER_KNOTS.) 
GEOMETRIC_REPRESENTATION_ITEM() RATIONAL_B_SPLINE_SURFACE((
    (1.,1.)
    ,(0.707106781187,0.707106781187)
,(1.,1.))) REPRESENTATION_ITEM('') SURFACE() );
#14117 = CARTESIAN_POINT('',(-3.375,-2.86875,3.4));
#14118 = CARTESIAN_POINT('',(3.375,-2.86875,3.4));
#14119 = CARTESIAN_POINT('',(-3.375,-3.1875,3.4));
#14120 = CARTESIAN_POINT('',(3.375,-3.1875,3.4));
#14121 = CARTESIAN_POINT('',(-3.375,-3.1875,3.025));
#14122 = CARTESIAN_POINT('',(3.375,-3.1875,3.025));
#14123 = ADVANCED_FACE('',(#14124),#14140,.T.);
#14124 = FACE_BOUND('',#14125,.T.);
#14125 = EDGE_LOOP('',(#14126,#14132,#14133,#14139));
#14126 = ORIENTED_EDGE('',*,*,#14127,.T.);
#14127 = EDGE_CURVE('',#13851,#13965,#14128,.T.);
#14128 = ( BOUNDED_CURVE() B_SPLINE_CURVE(2,(#14129,#14130,#14131),
.UNSPECIFIED.,.F.,.F.) B_SPLINE_CURVE_WITH_KNOTS((3,3),(4.712388980385,
6.28318530718),.PIECEWISE_BEZIER_KNOTS.) CURVE() 
GEOMETRIC_REPRESENTATION_ITEM() RATIONAL_B_SPLINE_CURVE((1.,
0.707106781187,1.)) REPRESENTATION_ITEM('') );
#14129 = CARTESIAN_POINT('',(3.375,-2.86875,3.4));
#14130 = CARTESIAN_POINT('',(3.75,-2.86875,3.4));
#14131 = CARTESIAN_POINT('',(3.75,-2.86875,3.025));
#14132 = ORIENTED_EDGE('',*,*,#13964,.T.);
#14133 = ORIENTED_EDGE('',*,*,#14134,.F.);
#14134 = EDGE_CURVE('',#13858,#13940,#14135,.T.);
#14135 = ( BOUNDED_CURVE() B_SPLINE_CURVE(2,(#14136,#14137,#14138),
.UNSPECIFIED.,.F.,.F.) B_SPLINE_CURVE_WITH_KNOTS((3,3),(0.,
1.570796326795),.PIECEWISE_BEZIER_KNOTS.) CURVE() 
GEOMETRIC_REPRESENTATION_ITEM() RATIONAL_B_SPLINE_CURVE((1.,
0.707106781187,1.)) REPRESENTATION_ITEM('') );
#14136 = CARTESIAN_POINT('',(3.375,2.86875,3.4));
#14137 = CARTESIAN_POINT('',(3.75,2.86875,3.4));
#14138 = CARTESIAN_POINT('',(3.75,2.86875,3.025));
#14139 = ORIENTED_EDGE('',*,*,#13857,.F.);
#14140 = ( BOUNDED_SURFACE() B_SPLINE_SURFACE(2,1,(
    (#14141,#14142)
    ,(#14143,#14144)
    ,(#14145,#14146
)),.UNSPECIFIED.,.F.,.F.,.F.) B_SPLINE_SURFACE_WITH_KNOTS((3,3),(2,2),(
    0.,1.570796326795),(0.,6.75),.PIECEWISE_BEZIER_KNOTS.) 
GEOMETRIC_REPRESENTATION_ITEM() RATIONAL_B_SPLINE_SURFACE((
    (1.,1.)
    ,(0.707106781187,0.707106781187)
,(1.,1.))) REPRESENTATION_ITEM('') SURFACE() );
#14141 = CARTESIAN_POINT('',(3.375,-2.86875,3.4));
#14142 = CARTESIAN_POINT('',(3.375,2.86875,3.4));
#14143 = CARTESIAN_POINT('',(3.75,-2.86875,3.4));
#14144 = CARTESIAN_POINT('',(3.75,2.86875,3.4));
#14145 = CARTESIAN_POINT('',(3.75,-2.86875,3.025));
#14146 = CARTESIAN_POINT('',(3.75,2.86875,3.025));
#14147 = ADVANCED_FACE('',(#14148),#14153,.T.);
#14148 = FACE_BOUND('',#14149,.T.);
#14149 = EDGE_LOOP('',(#14150,#14151,#14152));
#14150 = ORIENTED_EDGE('',*,*,#13948,.T.);
#14151 = ORIENTED_EDGE('',*,*,#14089,.F.);
#14152 = ORIENTED_EDGE('',*,*,#14134,.T.);
#14153 = ( BOUNDED_SURFACE() B_SPLINE_SURFACE(2,2,(
    (#14154,#14155,#14156)
    ,(#14157,#14158,#14159)
    ,(#14160,#14161,#14162
)),.UNSPECIFIED.,.F.,.F.,.F.) B_SPLINE_SURFACE_WITH_KNOTS((3,3),(3,3),(
    4.712388980385,6.28318530718),(-1.570796326795,8.881784197001E-16),
.PIECEWISE_BEZIER_KNOTS.) GEOMETRIC_REPRESENTATION_ITEM() 
RATIONAL_B_SPLINE_SURFACE((
    (1.,0.707106781187,1.)
    ,(0.707106781187,0.5,0.707106781187)
,(1.,0.707106781187,1.))) REPRESENTATION_ITEM('') SURFACE() );
#14154 = CARTESIAN_POINT('',(3.375,2.86875,3.4));
#14155 = CARTESIAN_POINT('',(3.375,3.1875,3.4));
#14156 = CARTESIAN_POINT('',(3.375,3.1875,3.025));
#14157 = CARTESIAN_POINT('',(3.375,2.86875,3.4));
#14158 = CARTESIAN_POINT('',(3.75,3.1875,3.4));
#14159 = CARTESIAN_POINT('',(3.75,3.1875,3.025));
#14160 = CARTESIAN_POINT('',(3.375,2.86875,3.4));
#14161 = CARTESIAN_POINT('',(3.75,2.86875,3.4));
#14162 = CARTESIAN_POINT('',(3.75,2.86875,3.025));
#14163 = ADVANCED_FACE('',(#14164),#14180,.T.);
#14164 = FACE_BOUND('',#14165,.T.);
#14165 = EDGE_LOOP('',(#14166,#14167,#14168,#14175));
#14166 = ORIENTED_EDGE('',*,*,#14022,.F.);
#14167 = ORIENTED_EDGE('',*,*,#13991,.T.);
#14168 = ORIENTED_EDGE('',*,*,#14169,.T.);
#14169 = EDGE_CURVE('',#13985,#14170,#14172,.T.);
#14170 = VERTEX_POINT('',#14171);
#14171 = CARTESIAN_POINT('',(3.76,0.765,1.02));
#14172 = B_SPLINE_CURVE_WITH_KNOTS('',1,(#14173,#14174),.UNSPECIFIED.,
  .F.,.F.,(2,2),(1.34,1.35),.PIECEWISE_BEZIER_KNOTS.);
#14173 = CARTESIAN_POINT('',(3.75,0.765,1.02));
#14174 = CARTESIAN_POINT('',(3.76,0.765,1.02));
#14175 = ORIENTED_EDGE('',*,*,#14176,.F.);
#14176 = EDGE_CURVE('',#14016,#14170,#14177,.T.);
#14177 = B_SPLINE_CURVE_WITH_KNOTS('',1,(#14178,#14179),.UNSPECIFIED.,
  .F.,.F.,(2,2),(0.,1.02),.PIECEWISE_BEZIER_KNOTS.);
#14178 = CARTESIAN_POINT('',(3.76,0.765,0.));
#14179 = CARTESIAN_POINT('',(3.76,0.765,1.02));
#14180 = B_SPLINE_SURFACE_WITH_KNOTS('',1,1,(
    (#14181,#14182)
    ,(#14183,#14184
    )),.UNSPECIFIED.,.F.,.F.,.F.,(2,2),(2,2),(0.,1.02),(1.34,1.35),
  .PIECEWISE_BEZIER_KNOTS.);
#14181 = CARTESIAN_POINT('',(3.75,0.765,0.));
#14182 = CARTESIAN_POINT('',(3.76,0.765,0.));
#14183 = CARTESIAN_POINT('',(3.75,0.765,1.02));
#14184 = CARTESIAN_POINT('',(3.76,0.765,1.02));
#14185 = ADVANCED_FACE('',(#14186),#14202,.T.);
#14186 = FACE_BOUND('',#14187,.T.);
#14187 = EDGE_LOOP('',(#14188,#14189,#14196,#14201));
#14188 = ORIENTED_EDGE('',*,*,#13984,.T.);
#14189 = ORIENTED_EDGE('',*,*,#14190,.T.);
#14190 = EDGE_CURVE('',#13978,#14191,#14193,.T.);
#14191 = VERTEX_POINT('',#14192);
#14192 = CARTESIAN_POINT('',(3.76,-0.765,1.02));
#14193 = B_SPLINE_CURVE_WITH_KNOTS('',1,(#14194,#14195),.UNSPECIFIED.,
  .F.,.F.,(2,2),(1.34,1.35),.PIECEWISE_BEZIER_KNOTS.);
#14194 = CARTESIAN_POINT('',(3.75,-0.765,1.02));
#14195 = CARTESIAN_POINT('',(3.76,-0.765,1.02));
#14196 = ORIENTED_EDGE('',*,*,#14197,.T.);
#14197 = EDGE_CURVE('',#14191,#14170,#14198,.T.);
#14198 = B_SPLINE_CURVE_WITH_KNOTS('',1,(#14199,#14200),.UNSPECIFIED.,
  .F.,.F.,(2,2),(0.,1.8),.PIECEWISE_BEZIER_KNOTS.);
#14199 = CARTESIAN_POINT('',(3.76,-0.765,1.02));
#14200 = CARTESIAN_POINT('',(3.76,0.765,1.02));
#14201 = ORIENTED_EDGE('',*,*,#14169,.F.);
#14202 = B_SPLINE_SURFACE_WITH_KNOTS('',1,1,(
    (#14203,#14204)
    ,(#14205,#14206
  )),.UNSPECIFIED.,.F.,.F.,.F.,(2,2),(2,2),(1.34,1.35),(0.,1.8),
  .PIECEWISE_BEZIER_KNOTS.);
#14203 = CARTESIAN_POINT('',(3.75,-0.765,1.02));
#14204 = CARTESIAN_POINT('',(3.75,0.765,1.02));
#14205 = CARTESIAN_POINT('',(3.76,-0.765,1.02));
#14206 = CARTESIAN_POINT('',(3.76,0.765,1.02));
#14207 = ADVANCED_FACE('',(#14208),#14218,.F.);
#14208 = FACE_BOUND('',#14209,.F.);
#14209 = EDGE_LOOP('',(#14210,#14211,#14212,#14213));
#14210 = ORIENTED_EDGE('',*,*,#14008,.F.);
#14211 = ORIENTED_EDGE('',*,*,#13977,.T.);
#14212 = ORIENTED_EDGE('',*,*,#14190,.T.);
#14213 = ORIENTED_EDGE('',*,*,#14214,.F.);
#14214 = EDGE_CURVE('',#14009,#14191,#14215,.T.);
#14215 = B_SPLINE_CURVE_WITH_KNOTS('',1,(#14216,#14217),.UNSPECIFIED.,
  .F.,.F.,(2,2),(0.,1.02),.PIECEWISE_BEZIER_KNOTS.);
#14216 = CARTESIAN_POINT('',(3.76,-0.765,0.));
#14217 = CARTESIAN_POINT('',(3.76,-0.765,1.02));
#14218 = B_SPLINE_SURFACE_WITH_KNOTS('',1,1,(
    (#14219,#14220)
    ,(#14221,#14222
    )),.UNSPECIFIED.,.F.,.F.,.F.,(2,2),(2,2),(0.,1.02),(1.34,1.35),
  .PIECEWISE_BEZIER_KNOTS.);
#14219 = CARTESIAN_POINT('',(3.75,-0.765,0.));
#14220 = CARTESIAN_POINT('',(3.76,-0.765,0.));
#14221 = CARTESIAN_POINT('',(3.75,-0.765,1.02));
#14222 = CARTESIAN_POINT('',(3.76,-0.765,1.02));
#14223 = ADVANCED_FACE('',(#14224),#14230,.T.);
#14224 = FACE_BOUND('',#14225,.T.);
#14225 = EDGE_LOOP('',(#14226,#14227,#14228,#14229));
#14226 = ORIENTED_EDGE('',*,*,#14214,.F.);
#14227 = ORIENTED_EDGE('',*,*,#14015,.T.);
#14228 = ORIENTED_EDGE('',*,*,#14176,.T.);
#14229 = ORIENTED_EDGE('',*,*,#14197,.F.);
#14230 = B_SPLINE_SURFACE_WITH_KNOTS('',1,1,(
    (#14231,#14232)
    ,(#14233,#14234
    )),.UNSPECIFIED.,.F.,.F.,.F.,(2,2),(2,2),(0.,1.02),(-1.8,0.),
  .PIECEWISE_BEZIER_KNOTS.);
#14231 = CARTESIAN_POINT('',(3.76,0.765,0.));
#14232 = CARTESIAN_POINT('',(3.76,-0.765,0.));
#14233 = CARTESIAN_POINT('',(3.76,0.765,1.02));
#14234 = CARTESIAN_POINT('',(3.76,-0.765,1.02));
#14235 = ADVANCED_FACE('',(#14236),#14241,.T.);
#14236 = FACE_BOUND('',#14237,.T.);
#14237 = EDGE_LOOP('',(#14238,#14239,#14240));
#14238 = ORIENTED_EDGE('',*,*,#14036,.T.);
#14239 = ORIENTED_EDGE('',*,*,#14127,.F.);
#14240 = ORIENTED_EDGE('',*,*,#14110,.T.);
#14241 = ( BOUNDED_SURFACE() B_SPLINE_SURFACE(2,2,(
    (#14242,#14243,#14244)
    ,(#14245,#14246,#14247)
    ,(#14248,#14249,#14250
)),.UNSPECIFIED.,.F.,.F.,.F.) B_SPLINE_SURFACE_WITH_KNOTS((3,3),(3,3),(
    4.712388980385,6.28318530718),(-1.570796326795,8.881784197001E-16),
.PIECEWISE_BEZIER_KNOTS.) GEOMETRIC_REPRESENTATION_ITEM() 
RATIONAL_B_SPLINE_SURFACE((
    (1.,0.707106781187,1.)
    ,(0.707106781187,0.5,0.707106781187)
,(1.,0.707106781187,1.))) REPRESENTATION_ITEM('') SURFACE() );
#14242 = CARTESIAN_POINT('',(3.375,-2.86875,3.4));
#14243 = CARTESIAN_POINT('',(3.75,-2.86875,3.4));
#14244 = CARTESIAN_POINT('',(3.75,-2.86875,3.025));
#14245 = CARTESIAN_POINT('',(3.375,-2.86875,3.4));
#14246 = CARTESIAN_POINT('',(3.75,-3.1875,3.4));
#14247 = CARTESIAN_POINT('',(3.75,-3.1875,3.025));
#14248 = CARTESIAN_POINT('',(3.375,-2.86875,3.4));
#14249 = CARTESIAN_POINT('',(3.375,-3.1875,3.4));
#14250 = CARTESIAN_POINT('',(3.375,-3.1875,3.025));
#14251 = ( GEOMETRIC_REPRESENTATION_CONTEXT(3) 
GLOBAL_UNCERTAINTY_ASSIGNED_CONTEXT((#14255)) 
GLOBAL_UNIT_ASSIGNED_CONTEXT((#14252,#14253,#14254)) 
REPRESENTATION_CONTEXT('Context #1',
  '3D Context with UNIT and UNCERTAINTY') );
#14252 = ( LENGTH_UNIT() NAMED_UNIT(*) SI_UNIT(.MILLI.,.METRE.) );
#14253 = ( NAMED_UNIT(*) PLANE_ANGLE_UNIT() SI_UNIT($,.RADIAN.) );
#14254 = ( NAMED_UNIT(*) SI_UNIT($,.STERADIAN.) SOLID_ANGLE_UNIT() );
#14255 = UNCERTAINTY_MEASURE_WITH_UNIT(LENGTH_MEASURE(1.E-07),#14252,
  'distance_accuracy_value','confusion accuracy');
#14256 = CONTEXT_DEPENDENT_SHAPE_REPRESENTATION(#14257,#14259);
#14257 = ( REPRESENTATION_RELATIONSHIP('','',#13496,#10) 
REPRESENTATION_RELATIONSHIP_WITH_TRANSFORMATION(#14258) 
SHAPE_REPRESENTATION_RELATIONSHIP() );
#14258 = ITEM_DEFINED_TRANSFORMATION('','',#11,#71);
#14259 = PRODUCT_DEFINITION_SHAPE('Placement','Placement of an item',
  #14260);
#14260 = NEXT_ASSEMBLY_USAGE_OCCURRENCE('15','L1','',#5,#13491,$);
#14261 = PRODUCT_RELATED_PRODUCT_CATEGORY('part',$,(#13493));
#14262 = CONTEXT_DEPENDENT_SHAPE_REPRESENTATION(#14263,#14265);
#14263 = ( REPRESENTATION_RELATIONSHIP('','',#5373,#10) 
REPRESENTATION_RELATIONSHIP_WITH_TRANSFORMATION(#14264) 
SHAPE_REPRESENTATION_RELATIONSHIP() );
#14264 = ITEM_DEFINED_TRANSFORMATION('','',#11,#75);
#14265 = PRODUCT_DEFINITION_SHAPE('Placement','Placement of an item',
  #14266);
#14266 = NEXT_ASSEMBLY_USAGE_OCCURRENCE('16','D1','',#5,#5368,$);
#14267 = CONTEXT_DEPENDENT_SHAPE_REPRESENTATION(#14268,#14270);
#14268 = ( REPRESENTATION_RELATIONSHIP('','',#925,#10) 
REPRESENTATION_RELATIONSHIP_WITH_TRANSFORMATION(#14269) 
SHAPE_REPRESENTATION_RELATIONSHIP() );
#14269 = ITEM_DEFINED_TRANSFORMATION('','',#11,#79);
#14270 = PRODUCT_DEFINITION_SHAPE('Placement','Placement of an item',
  #14271);
#14271 = NEXT_ASSEMBLY_USAGE_OCCURRENCE('17','C2','',#5,#920,$);
#14272 = CONTEXT_DEPENDENT_SHAPE_REPRESENTATION(#14273,#14275);
#14273 = ( REPRESENTATION_RELATIONSHIP('','',#925,#10) 
REPRESENTATION_RELATIONSHIP_WITH_TRANSFORMATION(#14274) 
SHAPE_REPRESENTATION_RELATIONSHIP() );
#14274 = ITEM_DEFINED_TRANSFORMATION('','',#11,#83);
#14275 = PRODUCT_DEFINITION_SHAPE('Placement','Placement of an item',
  #14276);
#14276 = NEXT_ASSEMBLY_USAGE_OCCURRENCE('18','C5','',#5,#920,$);
#14277 = CONTEXT_DEPENDENT_SHAPE_REPRESENTATION(#14278,#14280);
#14278 = ( REPRESENTATION_RELATIONSHIP('','',#116,#10) 
REPRESENTATION_RELATIONSHIP_WITH_TRANSFORMATION(#14279) 
SHAPE_REPRESENTATION_RELATIONSHIP() );
#14279 = ITEM_DEFINED_TRANSFORMATION('','',#11,#87);
#14280 = PRODUCT_DEFINITION_SHAPE('Placement','Placement of an item',
  #14281);
#14281 = NEXT_ASSEMBLY_USAGE_OCCURRENCE('19','R1','',#5,#111,$);
#14282 = SHAPE_DEFINITION_REPRESENTATION(#14283,#14289);
#14283 = PRODUCT_DEFINITION_SHAPE('','',#14284);
#14284 = PRODUCT_DEFINITION('design','',#14285,#14288);
#14285 = PRODUCT_DEFINITION_FORMATION('','',#14286);
#14286 = PRODUCT('LED_0603_1608Metric','LED_0603_1608Metric','',(#14287)
  );
#14287 = PRODUCT_CONTEXT('',#2,'mechanical');
#14288 = PRODUCT_DEFINITION_CONTEXT('part definition',#2,'design');
#14289 = ADVANCED_BREP_SHAPE_REPRESENTATION('',(#11,#14290),#15813);
#14290 = MANIFOLD_SOLID_BREP('',#14291);
#14291 = CLOSED_SHELL('',(#14292,#14332,#14379,#14458,#14482,#14522,
    #14553,#14570,#14603,#14627,#14694,#14815,#14882,#14906,#14937,
    #14970,#15026,#15050,#15074,#15098,#15131,#15143,#15206,#15231,
    #15248,#15272,#15290,#15308,#15326,#15343,#15360,#15391,#15416,
    #15441,#15465,#15482,#15513,#15537,#15554,#15582,#15607,#15631,
    #15656,#15703,#15720,#15732,#15754,#15766,#15784,#15802));
#14292 = ADVANCED_FACE('',(#14293),#14327,.F.);
#14293 = FACE_BOUND('',#14294,.F.);
#14294 = EDGE_LOOP('',(#14295,#14305,#14313,#14321));
#14295 = ORIENTED_EDGE('',*,*,#14296,.T.);
#14296 = EDGE_CURVE('',#14297,#14299,#14301,.T.);
#14297 = VERTEX_POINT('',#14298);
#14298 = CARTESIAN_POINT('',(-0.5,-0.4,0.47));
#14299 = VERTEX_POINT('',#14300);
#14300 = CARTESIAN_POINT('',(-0.45,-0.4,1.1));
#14301 = LINE('',#14302,#14303);
#14302 = CARTESIAN_POINT('',(-0.5,-0.4,0.47));
#14303 = VECTOR('',#14304,1.);
#14304 = DIRECTION('',(7.911630099815E-02,0.,0.996865392576));
#14305 = ORIENTED_EDGE('',*,*,#14306,.T.);
#14306 = EDGE_CURVE('',#14299,#14307,#14309,.T.);
#14307 = VERTEX_POINT('',#14308);
#14308 = CARTESIAN_POINT('',(0.45,-0.4,1.1));
#14309 = LINE('',#14310,#14311);
#14310 = CARTESIAN_POINT('',(-0.45,-0.4,1.1));
#14311 = VECTOR('',#14312,1.);
#14312 = DIRECTION('',(1.,0.,0.));
#14313 = ORIENTED_EDGE('',*,*,#14314,.T.);
#14314 = EDGE_CURVE('',#14307,#14315,#14317,.T.);
#14315 = VERTEX_POINT('',#14316);
#14316 = CARTESIAN_POINT('',(0.5,-0.4,0.47));
#14317 = LINE('',#14318,#14319);
#14318 = CARTESIAN_POINT('',(0.45,-0.4,1.1));
#14319 = VECTOR('',#14320,1.);
#14320 = DIRECTION('',(7.911630099815E-02,0.,-0.996865392576));
#14321 = ORIENTED_EDGE('',*,*,#14322,.T.);
#14322 = EDGE_CURVE('',#14315,#14297,#14323,.T.);
#14323 = LINE('',#14324,#14325);
#14324 = CARTESIAN_POINT('',(0.5,-0.4,0.47));
#14325 = VECTOR('',#14326,1.);
#14326 = DIRECTION('',(-1.,0.,0.));
#14327 = PLANE('',#14328);
#14328 = AXIS2_PLACEMENT_3D('',#14329,#14330,#14331);
#14329 = CARTESIAN_POINT('',(-8.772411109409E-18,-0.4,0.775044128294));
#14330 = DIRECTION('',(0.,1.,0.));
#14331 = DIRECTION('',(0.,-0.,1.));
#14332 = ADVANCED_FACE('',(#14333),#14374,.T.);
#14333 = FACE_BOUND('',#14334,.T.);
#14334 = EDGE_LOOP('',(#14335,#14345,#14353,#14359,#14360,#14368));
#14335 = ORIENTED_EDGE('',*,*,#14336,.T.);
#14336 = EDGE_CURVE('',#14337,#14339,#14341,.T.);
#14337 = VERTEX_POINT('',#14338);
#14338 = CARTESIAN_POINT('',(-0.5,0.4,0.47));
#14339 = VERTEX_POINT('',#14340);
#14340 = CARTESIAN_POINT('',(-0.5,0.3,0.47));
#14341 = LINE('',#14342,#14343);
#14342 = CARTESIAN_POINT('',(-0.5,0.4,0.47));
#14343 = VECTOR('',#14344,1.);
#14344 = DIRECTION('',(0.,-1.,0.));
#14345 = ORIENTED_EDGE('',*,*,#14346,.F.);
#14346 = EDGE_CURVE('',#14347,#14339,#14349,.T.);
#14347 = VERTEX_POINT('',#14348);
#14348 = CARTESIAN_POINT('',(-0.5,-0.3,0.47));
#14349 = LINE('',#14350,#14351);
#14350 = CARTESIAN_POINT('',(-0.5,-0.4,0.47));
#14351 = VECTOR('',#14352,1.);
#14352 = DIRECTION('',(0.,1.,0.));
#14353 = ORIENTED_EDGE('',*,*,#14354,.T.);
#14354 = EDGE_CURVE('',#14347,#14297,#14355,.T.);
#14355 = LINE('',#14356,#14357);
#14356 = CARTESIAN_POINT('',(-0.5,0.4,0.47));
#14357 = VECTOR('',#14358,1.);
#14358 = DIRECTION('',(0.,-1.,0.));
#14359 = ORIENTED_EDGE('',*,*,#14296,.T.);
#14360 = ORIENTED_EDGE('',*,*,#14361,.F.);
#14361 = EDGE_CURVE('',#14362,#14299,#14364,.T.);
#14362 = VERTEX_POINT('',#14363);
#14363 = CARTESIAN_POINT('',(-0.45,0.4,1.1));
#14364 = LINE('',#14365,#14366);
#14365 = CARTESIAN_POINT('',(-0.45,0.4,1.1));
#14366 = VECTOR('',#14367,1.);
#14367 = DIRECTION('',(0.,-1.,0.));
#14368 = ORIENTED_EDGE('',*,*,#14369,.F.);
#14369 = EDGE_CURVE('',#14337,#14362,#14370,.T.);
#14370 = LINE('',#14371,#14372);
#14371 = CARTESIAN_POINT('',(-0.5,0.4,0.47));
#14372 = VECTOR('',#14373,1.);
#14373 = DIRECTION('',(7.911630099815E-02,0.,0.996865392576));
#14374 = PLANE('',#14375);
#14375 = AXIS2_PLACEMENT_3D('',#14376,#14377,#14378);
#14376 = CARTESIAN_POINT('',(-0.5,0.4,0.47));
#14377 = DIRECTION('',(-0.996865392576,0.,7.911630099815E-02));
#14378 = DIRECTION('',(7.911630099815E-02,0.,0.996865392576));
#14379 = ADVANCED_FACE('',(#14380),#14453,.F.);
#14380 = FACE_BOUND('',#14381,.F.);
#14381 = EDGE_LOOP('',(#14382,#14392,#14400,#14408,#14414,#14415,#14423,
    #14431,#14439,#14447));
#14382 = ORIENTED_EDGE('',*,*,#14383,.F.);
#14383 = EDGE_CURVE('',#14384,#14386,#14388,.T.);
#14384 = VERTEX_POINT('',#14385);
#14385 = CARTESIAN_POINT('',(-0.77,-0.4,3.E-02));
#14386 = VERTEX_POINT('',#14387);
#14387 = CARTESIAN_POINT('',(-0.725,-0.4,3.E-02));
#14388 = LINE('',#14389,#14390);
#14389 = CARTESIAN_POINT('',(-0.77,-0.4,3.E-02));
#14390 = VECTOR('',#14391,1.);
#14391 = DIRECTION('',(1.,0.,0.));
#14392 = ORIENTED_EDGE('',*,*,#14393,.T.);
#14393 = EDGE_CURVE('',#14384,#14394,#14396,.T.);
#14394 = VERTEX_POINT('',#14395);
#14395 = CARTESIAN_POINT('',(-0.77,-0.4,0.47));
#14396 = LINE('',#14397,#14398);
#14397 = CARTESIAN_POINT('',(-0.77,-0.4,3.E-02));
#14398 = VECTOR('',#14399,1.);
#14399 = DIRECTION('',(0.,0.,1.));
#14400 = ORIENTED_EDGE('',*,*,#14401,.T.);
#14401 = EDGE_CURVE('',#14394,#14402,#14404,.T.);
#14402 = VERTEX_POINT('',#14403);
#14403 = CARTESIAN_POINT('',(-0.725,-0.4,0.47));
#14404 = LINE('',#14405,#14406);
#14405 = CARTESIAN_POINT('',(-0.77,-0.4,0.47));
#14406 = VECTOR('',#14407,1.);
#14407 = DIRECTION('',(1.,0.,0.));
#14408 = ORIENTED_EDGE('',*,*,#14409,.T.);
#14409 = EDGE_CURVE('',#14402,#14297,#14410,.T.);
#14410 = LINE('',#14411,#14412);
#14411 = CARTESIAN_POINT('',(-0.77,-0.4,0.47));
#14412 = VECTOR('',#14413,1.);
#14413 = DIRECTION('',(1.,0.,0.));
#14414 = ORIENTED_EDGE('',*,*,#14322,.F.);
#14415 = ORIENTED_EDGE('',*,*,#14416,.T.);
#14416 = EDGE_CURVE('',#14315,#14417,#14419,.T.);
#14417 = VERTEX_POINT('',#14418);
#14418 = CARTESIAN_POINT('',(0.725,-0.4,0.47));
#14419 = LINE('',#14420,#14421);
#14420 = CARTESIAN_POINT('',(-0.77,-0.4,0.47));
#14421 = VECTOR('',#14422,1.);
#14422 = DIRECTION('',(1.,0.,0.));
#14423 = ORIENTED_EDGE('',*,*,#14424,.T.);
#14424 = EDGE_CURVE('',#14417,#14425,#14427,.T.);
#14425 = VERTEX_POINT('',#14426);
#14426 = CARTESIAN_POINT('',(0.77,-0.4,0.47));
#14427 = LINE('',#14428,#14429);
#14428 = CARTESIAN_POINT('',(-0.77,-0.4,0.47));
#14429 = VECTOR('',#14430,1.);
#14430 = DIRECTION('',(1.,0.,0.));
#14431 = ORIENTED_EDGE('',*,*,#14432,.F.);
#14432 = EDGE_CURVE('',#14433,#14425,#14435,.T.);
#14433 = VERTEX_POINT('',#14434);
#14434 = CARTESIAN_POINT('',(0.77,-0.4,3.E-02));
#14435 = LINE('',#14436,#14437);
#14436 = CARTESIAN_POINT('',(0.77,-0.4,3.E-02));
#14437 = VECTOR('',#14438,1.);
#14438 = DIRECTION('',(0.,0.,1.));
#14439 = ORIENTED_EDGE('',*,*,#14440,.F.);
#14440 = EDGE_CURVE('',#14441,#14433,#14443,.T.);
#14441 = VERTEX_POINT('',#14442);
#14442 = CARTESIAN_POINT('',(0.725,-0.4,3.E-02));
#14443 = LINE('',#14444,#14445);
#14444 = CARTESIAN_POINT('',(-0.77,-0.4,3.E-02));
#14445 = VECTOR('',#14446,1.);
#14446 = DIRECTION('',(1.,0.,0.));
#14447 = ORIENTED_EDGE('',*,*,#14448,.F.);
#14448 = EDGE_CURVE('',#14386,#14441,#14449,.T.);
#14449 = LINE('',#14450,#14451);
#14450 = CARTESIAN_POINT('',(-0.77,-0.4,3.E-02));
#14451 = VECTOR('',#14452,1.);
#14452 = DIRECTION('',(1.,0.,0.));
#14453 = PLANE('',#14454);
#14454 = AXIS2_PLACEMENT_3D('',#14455,#14456,#14457);
#14455 = CARTESIAN_POINT('',(-0.77,-0.4,3.E-02));
#14456 = DIRECTION('',(0.,1.,0.));
#14457 = DIRECTION('',(0.,-0.,1.));
#14458 = ADVANCED_FACE('',(#14459),#14477,.T.);
#14459 = FACE_BOUND('',#14460,.T.);
#14460 = EDGE_LOOP('',(#14461,#14462,#14463,#14471));
#14461 = ORIENTED_EDGE('',*,*,#14361,.T.);
#14462 = ORIENTED_EDGE('',*,*,#14306,.T.);
#14463 = ORIENTED_EDGE('',*,*,#14464,.F.);
#14464 = EDGE_CURVE('',#14465,#14307,#14467,.T.);
#14465 = VERTEX_POINT('',#14466);
#14466 = CARTESIAN_POINT('',(0.45,0.4,1.1));
#14467 = LINE('',#14468,#14469);
#14468 = CARTESIAN_POINT('',(0.45,0.4,1.1));
#14469 = VECTOR('',#14470,1.);
#14470 = DIRECTION('',(0.,-1.,0.));
#14471 = ORIENTED_EDGE('',*,*,#14472,.F.);
#14472 = EDGE_CURVE('',#14362,#14465,#14473,.T.);
#14473 = LINE('',#14474,#14475);
#14474 = CARTESIAN_POINT('',(-0.45,0.4,1.1));
#14475 = VECTOR('',#14476,1.);
#14476 = DIRECTION('',(1.,0.,0.));
#14477 = PLANE('',#14478);
#14478 = AXIS2_PLACEMENT_3D('',#14479,#14480,#14481);
#14479 = CARTESIAN_POINT('',(-0.45,0.4,1.1));
#14480 = DIRECTION('',(0.,0.,1.));
#14481 = DIRECTION('',(1.,0.,-0.));
#14482 = ADVANCED_FACE('',(#14483),#14517,.T.);
#14483 = FACE_BOUND('',#14484,.T.);
#14484 = EDGE_LOOP('',(#14485,#14486,#14487,#14495,#14503,#14511));
#14485 = ORIENTED_EDGE('',*,*,#14464,.T.);
#14486 = ORIENTED_EDGE('',*,*,#14314,.T.);
#14487 = ORIENTED_EDGE('',*,*,#14488,.F.);
#14488 = EDGE_CURVE('',#14489,#14315,#14491,.T.);
#14489 = VERTEX_POINT('',#14490);
#14490 = CARTESIAN_POINT('',(0.5,-0.3,0.47));
#14491 = LINE('',#14492,#14493);
#14492 = CARTESIAN_POINT('',(0.5,0.4,0.47));
#14493 = VECTOR('',#14494,1.);
#14494 = DIRECTION('',(0.,-1.,0.));
#14495 = ORIENTED_EDGE('',*,*,#14496,.T.);
#14496 = EDGE_CURVE('',#14489,#14497,#14499,.T.);
#14497 = VERTEX_POINT('',#14498);
#14498 = CARTESIAN_POINT('',(0.5,0.3,0.47));
#14499 = LINE('',#14500,#14501);
#14500 = CARTESIAN_POINT('',(0.5,-0.4,0.47));
#14501 = VECTOR('',#14502,1.);
#14502 = DIRECTION('',(0.,1.,0.));
#14503 = ORIENTED_EDGE('',*,*,#14504,.F.);
#14504 = EDGE_CURVE('',#14505,#14497,#14507,.T.);
#14505 = VERTEX_POINT('',#14506);
#14506 = CARTESIAN_POINT('',(0.5,0.4,0.47));
#14507 = LINE('',#14508,#14509);
#14508 = CARTESIAN_POINT('',(0.5,0.4,0.47));
#14509 = VECTOR('',#14510,1.);
#14510 = DIRECTION('',(0.,-1.,0.));
#14511 = ORIENTED_EDGE('',*,*,#14512,.F.);
#14512 = EDGE_CURVE('',#14465,#14505,#14513,.T.);
#14513 = LINE('',#14514,#14515);
#14514 = CARTESIAN_POINT('',(0.45,0.4,1.1));
#14515 = VECTOR('',#14516,1.);
#14516 = DIRECTION('',(7.911630099815E-02,0.,-0.996865392576));
#14517 = PLANE('',#14518);
#14518 = AXIS2_PLACEMENT_3D('',#14519,#14520,#14521);
#14519 = CARTESIAN_POINT('',(0.45,0.4,1.1));
#14520 = DIRECTION('',(0.996865392576,0.,7.911630099815E-02));
#14521 = DIRECTION('',(7.911630099815E-02,0.,-0.996865392576));
#14522 = ADVANCED_FACE('',(#14523),#14548,.T.);
#14523 = FACE_BOUND('',#14524,.T.);
#14524 = EDGE_LOOP('',(#14525,#14533,#14541,#14547));
#14525 = ORIENTED_EDGE('',*,*,#14526,.F.);
#14526 = EDGE_CURVE('',#14527,#14337,#14529,.T.);
#14527 = VERTEX_POINT('',#14528);
#14528 = CARTESIAN_POINT('',(-0.725,0.4,0.47));
#14529 = LINE('',#14530,#14531);
#14530 = CARTESIAN_POINT('',(-0.77,0.4,0.47));
#14531 = VECTOR('',#14532,1.);
#14532 = DIRECTION('',(1.,0.,0.));
#14533 = ORIENTED_EDGE('',*,*,#14534,.F.);
#14534 = EDGE_CURVE('',#14535,#14527,#14537,.T.);
#14535 = VERTEX_POINT('',#14536);
#14536 = CARTESIAN_POINT('',(-0.725,0.3,0.47));
#14537 = LINE('',#14538,#14539);
#14538 = CARTESIAN_POINT('',(-0.725,5.E-02,0.47));
#14539 = VECTOR('',#14540,1.);
#14540 = DIRECTION('',(0.,1.,0.));
#14541 = ORIENTED_EDGE('',*,*,#14542,.F.);
#14542 = EDGE_CURVE('',#14339,#14535,#14543,.T.);
#14543 = LINE('',#14544,#14545);
#14544 = CARTESIAN_POINT('',(-0.7475,0.3,0.47));
#14545 = VECTOR('',#14546,1.);
#14546 = DIRECTION('',(-1.,0.,0.));
#14547 = ORIENTED_EDGE('',*,*,#14336,.F.);
#14548 = PLANE('',#14549);
#14549 = AXIS2_PLACEMENT_3D('',#14550,#14551,#14552);
#14550 = CARTESIAN_POINT('',(-0.77,-0.4,0.47));
#14551 = DIRECTION('',(0.,0.,1.));
#14552 = DIRECTION('',(1.,0.,-0.));
#14553 = ADVANCED_FACE('',(#14554),#14565,.T.);
#14554 = FACE_BOUND('',#14555,.T.);
#14555 = EDGE_LOOP('',(#14556,#14557,#14558,#14559));
#14556 = ORIENTED_EDGE('',*,*,#14369,.T.);
#14557 = ORIENTED_EDGE('',*,*,#14472,.T.);
#14558 = ORIENTED_EDGE('',*,*,#14512,.T.);
#14559 = ORIENTED_EDGE('',*,*,#14560,.T.);
#14560 = EDGE_CURVE('',#14505,#14337,#14561,.T.);
#14561 = LINE('',#14562,#14563);
#14562 = CARTESIAN_POINT('',(0.5,0.4,0.47));
#14563 = VECTOR('',#14564,1.);
#14564 = DIRECTION('',(-1.,0.,0.));
#14565 = PLANE('',#14566);
#14566 = AXIS2_PLACEMENT_3D('',#14567,#14568,#14569);
#14567 = CARTESIAN_POINT('',(-8.772411109409E-18,0.4,0.775044128294));
#14568 = DIRECTION('',(0.,1.,0.));
#14569 = DIRECTION('',(0.,-0.,1.));
#14570 = ADVANCED_FACE('',(#14571),#14598,.T.);
#14571 = FACE_BOUND('',#14572,.T.);
#14572 = EDGE_LOOP('',(#14573,#14582,#14590,#14597));
#14573 = ORIENTED_EDGE('',*,*,#14574,.F.);
#14574 = EDGE_CURVE('',#14575,#14339,#14577,.T.);
#14575 = VERTEX_POINT('',#14576);
#14576 = CARTESIAN_POINT('',(-0.53,0.3,0.5));
#14577 = CIRCLE('',#14578,3.E-02);
#14578 = AXIS2_PLACEMENT_3D('',#14579,#14580,#14581);
#14579 = CARTESIAN_POINT('',(-0.53,0.3,0.47));
#14580 = DIRECTION('',(-0.,1.,0.));
#14581 = DIRECTION('',(1.,0.,0.));
#14582 = ORIENTED_EDGE('',*,*,#14583,.F.);
#14583 = EDGE_CURVE('',#14584,#14575,#14586,.T.);
#14584 = VERTEX_POINT('',#14585);
#14585 = CARTESIAN_POINT('',(-0.53,-0.3,0.5));
#14586 = LINE('',#14587,#14588);
#14587 = CARTESIAN_POINT('',(-0.53,-0.4,0.5));
#14588 = VECTOR('',#14589,1.);
#14589 = DIRECTION('',(0.,1.,0.));
#14590 = ORIENTED_EDGE('',*,*,#14591,.T.);
#14591 = EDGE_CURVE('',#14584,#14347,#14592,.T.);
#14592 = CIRCLE('',#14593,3.E-02);
#14593 = AXIS2_PLACEMENT_3D('',#14594,#14595,#14596);
#14594 = CARTESIAN_POINT('',(-0.53,-0.3,0.47));
#14595 = DIRECTION('',(-0.,1.,0.));
#14596 = DIRECTION('',(1.,0.,0.));
#14597 = ORIENTED_EDGE('',*,*,#14346,.T.);
#14598 = CYLINDRICAL_SURFACE('',#14599,3.E-02);
#14599 = AXIS2_PLACEMENT_3D('',#14600,#14601,#14602);
#14600 = CARTESIAN_POINT('',(-0.53,-0.4,0.47));
#14601 = DIRECTION('',(0.,1.,0.));
#14602 = DIRECTION('',(1.,0.,0.));
#14603 = ADVANCED_FACE('',(#14604),#14622,.T.);
#14604 = FACE_BOUND('',#14605,.T.);
#14605 = EDGE_LOOP('',(#14606,#14614,#14615,#14616));
#14606 = ORIENTED_EDGE('',*,*,#14607,.F.);
#14607 = EDGE_CURVE('',#14402,#14608,#14610,.T.);
#14608 = VERTEX_POINT('',#14609);
#14609 = CARTESIAN_POINT('',(-0.725,-0.3,0.47));
#14610 = LINE('',#14611,#14612);
#14611 = CARTESIAN_POINT('',(-0.725,-0.35,0.47));
#14612 = VECTOR('',#14613,1.);
#14613 = DIRECTION('',(0.,1.,0.));
#14614 = ORIENTED_EDGE('',*,*,#14409,.T.);
#14615 = ORIENTED_EDGE('',*,*,#14354,.F.);
#14616 = ORIENTED_EDGE('',*,*,#14617,.F.);
#14617 = EDGE_CURVE('',#14608,#14347,#14618,.T.);
#14618 = LINE('',#14619,#14620);
#14619 = CARTESIAN_POINT('',(-2.25E-02,-0.3,0.47));
#14620 = VECTOR('',#14621,1.);
#14621 = DIRECTION('',(1.,0.,0.));
#14622 = PLANE('',#14623);
#14623 = AXIS2_PLACEMENT_3D('',#14624,#14625,#14626);
#14624 = CARTESIAN_POINT('',(-0.77,-0.4,0.47));
#14625 = DIRECTION('',(0.,0.,1.));
#14626 = DIRECTION('',(1.,0.,-0.));
#14627 = ADVANCED_FACE('',(#14628),#14689,.F.);
#14628 = FACE_BOUND('',#14629,.F.);
#14629 = EDGE_LOOP('',(#14630,#14640,#14649,#14657,#14666,#14674,#14680,
    #14681,#14682,#14683));
#14630 = ORIENTED_EDGE('',*,*,#14631,.F.);
#14631 = EDGE_CURVE('',#14632,#14634,#14636,.T.);
#14632 = VERTEX_POINT('',#14633);
#14633 = CARTESIAN_POINT('',(-0.77,-0.4,-3.469446951954E-18));
#14634 = VERTEX_POINT('',#14635);
#14635 = CARTESIAN_POINT('',(-0.725,-0.4,0.));
#14636 = LINE('',#14637,#14638);
#14637 = CARTESIAN_POINT('',(-0.8,-0.4,0.));
#14638 = VECTOR('',#14639,1.);
#14639 = DIRECTION('',(1.,0.,0.));
#14640 = ORIENTED_EDGE('',*,*,#14641,.F.);
#14641 = EDGE_CURVE('',#14642,#14632,#14644,.T.);
#14642 = VERTEX_POINT('',#14643);
#14643 = CARTESIAN_POINT('',(-0.8,-0.4,3.E-02));
#14644 = CIRCLE('',#14645,3.E-02);
#14645 = AXIS2_PLACEMENT_3D('',#14646,#14647,#14648);
#14646 = CARTESIAN_POINT('',(-0.77,-0.4,3.E-02));
#14647 = DIRECTION('',(0.,-1.,0.));
#14648 = DIRECTION('',(0.,0.,1.));
#14649 = ORIENTED_EDGE('',*,*,#14650,.T.);
#14650 = EDGE_CURVE('',#14642,#14651,#14653,.T.);
#14651 = VERTEX_POINT('',#14652);
#14652 = CARTESIAN_POINT('',(-0.8,-0.4,0.47));
#14653 = LINE('',#14654,#14655);
#14654 = CARTESIAN_POINT('',(-0.8,-0.4,0.));
#14655 = VECTOR('',#14656,1.);
#14656 = DIRECTION('',(0.,0.,1.));
#14657 = ORIENTED_EDGE('',*,*,#14658,.T.);
#14658 = EDGE_CURVE('',#14651,#14659,#14661,.T.);
#14659 = VERTEX_POINT('',#14660);
#14660 = CARTESIAN_POINT('',(-0.77,-0.4,0.5));
#14661 = CIRCLE('',#14662,3.E-02);
#14662 = AXIS2_PLACEMENT_3D('',#14663,#14664,#14665);
#14663 = CARTESIAN_POINT('',(-0.77,-0.4,0.47));
#14664 = DIRECTION('',(0.,1.,0.));
#14665 = DIRECTION('',(0.,-0.,1.));
#14666 = ORIENTED_EDGE('',*,*,#14667,.T.);
#14667 = EDGE_CURVE('',#14659,#14668,#14670,.T.);
#14668 = VERTEX_POINT('',#14669);
#14669 = CARTESIAN_POINT('',(-0.725,-0.4,0.5));
#14670 = LINE('',#14671,#14672);
#14671 = CARTESIAN_POINT('',(-0.8,-0.4,0.5));
#14672 = VECTOR('',#14673,1.);
#14673 = DIRECTION('',(1.,0.,0.));
#14674 = ORIENTED_EDGE('',*,*,#14675,.F.);
#14675 = EDGE_CURVE('',#14402,#14668,#14676,.T.);
#14676 = LINE('',#14677,#14678);
#14677 = CARTESIAN_POINT('',(-0.725,-0.4,0.375));
#14678 = VECTOR('',#14679,1.);
#14679 = DIRECTION('',(0.,0.,1.));
#14680 = ORIENTED_EDGE('',*,*,#14401,.F.);
#14681 = ORIENTED_EDGE('',*,*,#14393,.F.);
#14682 = ORIENTED_EDGE('',*,*,#14383,.T.);
#14683 = ORIENTED_EDGE('',*,*,#14684,.F.);
#14684 = EDGE_CURVE('',#14634,#14386,#14685,.T.);
#14685 = LINE('',#14686,#14687);
#14686 = CARTESIAN_POINT('',(-0.725,-0.4,0.375));
#14687 = VECTOR('',#14688,1.);
#14688 = DIRECTION('',(0.,0.,1.));
#14689 = PLANE('',#14690);
#14690 = AXIS2_PLACEMENT_3D('',#14691,#14692,#14693);
#14691 = CARTESIAN_POINT('',(-0.8,-0.4,0.));
#14692 = DIRECTION('',(0.,1.,0.));
#14693 = DIRECTION('',(0.,-0.,1.));
#14694 = ADVANCED_FACE('',(#14695,#14784),#14810,.F.);
#14695 = FACE_BOUND('',#14696,.F.);
#14696 = EDGE_LOOP('',(#14697,#14705,#14706,#14714,#14722,#14730,#14738,
    #14746,#14754,#14762,#14770,#14778));
#14697 = ORIENTED_EDGE('',*,*,#14698,.F.);
#14698 = EDGE_CURVE('',#14386,#14699,#14701,.T.);
#14699 = VERTEX_POINT('',#14700);
#14700 = CARTESIAN_POINT('',(-0.725,-0.3,3.E-02));
#14701 = LINE('',#14702,#14703);
#14702 = CARTESIAN_POINT('',(-0.725,-0.35,3.E-02));
#14703 = VECTOR('',#14704,1.);
#14704 = DIRECTION('',(0.,1.,0.));
#14705 = ORIENTED_EDGE('',*,*,#14448,.T.);
#14706 = ORIENTED_EDGE('',*,*,#14707,.F.);
#14707 = EDGE_CURVE('',#14708,#14441,#14710,.T.);
#14708 = VERTEX_POINT('',#14709);
#14709 = CARTESIAN_POINT('',(0.725,-0.3,3.E-02));
#14710 = LINE('',#14711,#14712);
#14711 = CARTESIAN_POINT('',(0.725,-0.45,3.E-02));
#14712 = VECTOR('',#14713,1.);
#14713 = DIRECTION('',(0.,-1.,0.));
#14714 = ORIENTED_EDGE('',*,*,#14715,.F.);
#14715 = EDGE_CURVE('',#14716,#14708,#14718,.T.);
#14716 = VERTEX_POINT('',#14717);
#14717 = CARTESIAN_POINT('',(0.5,-0.3,3.E-02));
#14718 = LINE('',#14719,#14720);
#14719 = CARTESIAN_POINT('',(-2.25E-02,-0.3,3.E-02));
#14720 = VECTOR('',#14721,1.);
#14721 = DIRECTION('',(1.,0.,0.));
#14722 = ORIENTED_EDGE('',*,*,#14723,.T.);
#14723 = EDGE_CURVE('',#14716,#14724,#14726,.T.);
#14724 = VERTEX_POINT('',#14725);
#14725 = CARTESIAN_POINT('',(0.5,0.3,3.E-02));
#14726 = LINE('',#14727,#14728);
#14727 = CARTESIAN_POINT('',(0.5,-0.4,3.E-02));
#14728 = VECTOR('',#14729,1.);
#14729 = DIRECTION('',(0.,1.,0.));
#14730 = ORIENTED_EDGE('',*,*,#14731,.F.);
#14731 = EDGE_CURVE('',#14732,#14724,#14734,.T.);
#14732 = VERTEX_POINT('',#14733);
#14733 = CARTESIAN_POINT('',(0.725,0.3,3.E-02));
#14734 = LINE('',#14735,#14736);
#14735 = CARTESIAN_POINT('',(-0.7475,0.3,3.E-02));
#14736 = VECTOR('',#14737,1.);
#14737 = DIRECTION('',(-1.,0.,0.));
#14738 = ORIENTED_EDGE('',*,*,#14739,.F.);
#14739 = EDGE_CURVE('',#14740,#14732,#14742,.T.);
#14740 = VERTEX_POINT('',#14741);
#14741 = CARTESIAN_POINT('',(0.725,0.4,3.E-02));
#14742 = LINE('',#14743,#14744);
#14743 = CARTESIAN_POINT('',(0.725,-5.E-02,3.E-02));
#14744 = VECTOR('',#14745,1.);
#14745 = DIRECTION('',(0.,-1.,0.));
#14746 = ORIENTED_EDGE('',*,*,#14747,.F.);
#14747 = EDGE_CURVE('',#14748,#14740,#14750,.T.);
#14748 = VERTEX_POINT('',#14749);
#14749 = CARTESIAN_POINT('',(-0.725,0.4,3.E-02));
#14750 = LINE('',#14751,#14752);
#14751 = CARTESIAN_POINT('',(-0.77,0.4,3.E-02));
#14752 = VECTOR('',#14753,1.);
#14753 = DIRECTION('',(1.,0.,0.));
#14754 = ORIENTED_EDGE('',*,*,#14755,.F.);
#14755 = EDGE_CURVE('',#14756,#14748,#14758,.T.);
#14756 = VERTEX_POINT('',#14757);
#14757 = CARTESIAN_POINT('',(-0.725,0.3,3.E-02));
#14758 = LINE('',#14759,#14760);
#14759 = CARTESIAN_POINT('',(-0.725,5.E-02,3.E-02));
#14760 = VECTOR('',#14761,1.);
#14761 = DIRECTION('',(0.,1.,0.));
#14762 = ORIENTED_EDGE('',*,*,#14763,.F.);
#14763 = EDGE_CURVE('',#14764,#14756,#14766,.T.);
#14764 = VERTEX_POINT('',#14765);
#14765 = CARTESIAN_POINT('',(-0.5,0.3,3.E-02));
#14766 = LINE('',#14767,#14768);
#14767 = CARTESIAN_POINT('',(-0.7475,0.3,3.E-02));
#14768 = VECTOR('',#14769,1.);
#14769 = DIRECTION('',(-1.,0.,0.));
#14770 = ORIENTED_EDGE('',*,*,#14771,.F.);
#14771 = EDGE_CURVE('',#14772,#14764,#14774,.T.);
#14772 = VERTEX_POINT('',#14773);
#14773 = CARTESIAN_POINT('',(-0.5,-0.3,3.E-02));
#14774 = LINE('',#14775,#14776);
#14775 = CARTESIAN_POINT('',(-0.5,-0.4,3.E-02));
#14776 = VECTOR('',#14777,1.);
#14777 = DIRECTION('',(0.,1.,0.));
#14778 = ORIENTED_EDGE('',*,*,#14779,.F.);
#14779 = EDGE_CURVE('',#14699,#14772,#14780,.T.);
#14780 = LINE('',#14781,#14782);
#14781 = CARTESIAN_POINT('',(-2.25E-02,-0.3,3.E-02));
#14782 = VECTOR('',#14783,1.);
#14783 = DIRECTION('',(1.,0.,0.));
#14784 = FACE_BOUND('',#14785,.F.);
#14785 = EDGE_LOOP('',(#14786,#14796,#14804));
#14786 = ORIENTED_EDGE('',*,*,#14787,.T.);
#14787 = EDGE_CURVE('',#14788,#14790,#14792,.T.);
#14788 = VERTEX_POINT('',#14789);
#14789 = CARTESIAN_POINT('',(0.277128129211,0.32,3.E-02));
#14790 = VERTEX_POINT('',#14791);
#14791 = CARTESIAN_POINT('',(0.277128129211,-0.32,3.E-02));
#14792 = LINE('',#14793,#14794);
#14793 = CARTESIAN_POINT('',(0.277128129211,0.32,3.E-02));
#14794 = VECTOR('',#14795,1.);
#14795 = DIRECTION('',(0.,-1.,0.));
#14796 = ORIENTED_EDGE('',*,*,#14797,.T.);
#14797 = EDGE_CURVE('',#14790,#14798,#14800,.T.);
#14798 = VERTEX_POINT('',#14799);
#14799 = CARTESIAN_POINT('',(-0.277128129211,0.,3.E-02));
#14800 = LINE('',#14801,#14802);
#14801 = CARTESIAN_POINT('',(0.277128129211,-0.32,3.E-02));
#14802 = VECTOR('',#14803,1.);
#14803 = DIRECTION('',(-0.866025403784,0.5,0.));
#14804 = ORIENTED_EDGE('',*,*,#14805,.T.);
#14805 = EDGE_CURVE('',#14798,#14788,#14806,.T.);
#14806 = LINE('',#14807,#14808);
#14807 = CARTESIAN_POINT('',(-0.277128129211,0.,3.E-02));
#14808 = VECTOR('',#14809,1.);
#14809 = DIRECTION('',(0.866025403784,0.5,0.));
#14810 = PLANE('',#14811);
#14811 = AXIS2_PLACEMENT_3D('',#14812,#14813,#14814);
#14812 = CARTESIAN_POINT('',(-0.77,-0.4,3.E-02));
#14813 = DIRECTION('',(0.,0.,1.));
#14814 = DIRECTION('',(1.,0.,-0.));
#14815 = ADVANCED_FACE('',(#14816),#14877,.F.);
#14816 = FACE_BOUND('',#14817,.F.);
#14817 = EDGE_LOOP('',(#14818,#14828,#14834,#14835,#14836,#14837,#14845,
    #14853,#14862,#14870));
#14818 = ORIENTED_EDGE('',*,*,#14819,.F.);
#14819 = EDGE_CURVE('',#14820,#14822,#14824,.T.);
#14820 = VERTEX_POINT('',#14821);
#14821 = CARTESIAN_POINT('',(0.725,-0.4,0.));
#14822 = VERTEX_POINT('',#14823);
#14823 = CARTESIAN_POINT('',(0.77,-0.4,-3.469446951954E-18));
#14824 = LINE('',#14825,#14826);
#14825 = CARTESIAN_POINT('',(0.5,-0.4,0.));
#14826 = VECTOR('',#14827,1.);
#14827 = DIRECTION('',(1.,0.,0.));
#14828 = ORIENTED_EDGE('',*,*,#14829,.F.);
#14829 = EDGE_CURVE('',#14441,#14820,#14830,.T.);
#14830 = LINE('',#14831,#14832);
#14831 = CARTESIAN_POINT('',(0.725,-0.4,0.375));
#14832 = VECTOR('',#14833,1.);
#14833 = DIRECTION('',(0.,0.,-1.));
#14834 = ORIENTED_EDGE('',*,*,#14440,.T.);
#14835 = ORIENTED_EDGE('',*,*,#14432,.T.);
#14836 = ORIENTED_EDGE('',*,*,#14424,.F.);
#14837 = ORIENTED_EDGE('',*,*,#14838,.F.);
#14838 = EDGE_CURVE('',#14839,#14417,#14841,.T.);
#14839 = VERTEX_POINT('',#14840);
#14840 = CARTESIAN_POINT('',(0.725,-0.4,0.5));
#14841 = LINE('',#14842,#14843);
#14842 = CARTESIAN_POINT('',(0.725,-0.4,0.375));
#14843 = VECTOR('',#14844,1.);
#14844 = DIRECTION('',(0.,0.,-1.));
#14845 = ORIENTED_EDGE('',*,*,#14846,.T.);
#14846 = EDGE_CURVE('',#14839,#14847,#14849,.T.);
#14847 = VERTEX_POINT('',#14848);
#14848 = CARTESIAN_POINT('',(0.77,-0.4,0.5));
#14849 = LINE('',#14850,#14851);
#14850 = CARTESIAN_POINT('',(0.5,-0.4,0.5));
#14851 = VECTOR('',#14852,1.);
#14852 = DIRECTION('',(1.,0.,0.));
#14853 = ORIENTED_EDGE('',*,*,#14854,.F.);
#14854 = EDGE_CURVE('',#14855,#14847,#14857,.T.);
#14855 = VERTEX_POINT('',#14856);
#14856 = CARTESIAN_POINT('',(0.8,-0.4,0.47));
#14857 = CIRCLE('',#14858,3.E-02);
#14858 = AXIS2_PLACEMENT_3D('',#14859,#14860,#14861);
#14859 = CARTESIAN_POINT('',(0.77,-0.4,0.47));
#14860 = DIRECTION('',(0.,-1.,0.));
#14861 = DIRECTION('',(0.,0.,1.));
#14862 = ORIENTED_EDGE('',*,*,#14863,.F.);
#14863 = EDGE_CURVE('',#14864,#14855,#14866,.T.);
#14864 = VERTEX_POINT('',#14865);
#14865 = CARTESIAN_POINT('',(0.8,-0.4,3.E-02));
#14866 = LINE('',#14867,#14868);
#14867 = CARTESIAN_POINT('',(0.8,-0.4,0.));
#14868 = VECTOR('',#14869,1.);
#14869 = DIRECTION('',(0.,0.,1.));
#14870 = ORIENTED_EDGE('',*,*,#14871,.T.);
#14871 = EDGE_CURVE('',#14864,#14822,#14872,.T.);
#14872 = CIRCLE('',#14873,3.E-02);
#14873 = AXIS2_PLACEMENT_3D('',#14874,#14875,#14876);
#14874 = CARTESIAN_POINT('',(0.77,-0.4,3.E-02));
#14875 = DIRECTION('',(0.,1.,0.));
#14876 = DIRECTION('',(0.,-0.,1.));
#14877 = PLANE('',#14878);
#14878 = AXIS2_PLACEMENT_3D('',#14879,#14880,#14881);
#14879 = CARTESIAN_POINT('',(0.5,-0.4,0.));
#14880 = DIRECTION('',(0.,1.,0.));
#14881 = DIRECTION('',(0.,-0.,1.));
#14882 = ADVANCED_FACE('',(#14883),#14901,.T.);
#14883 = FACE_BOUND('',#14884,.T.);
#14884 = EDGE_LOOP('',(#14885,#14893,#14894,#14895));
#14885 = ORIENTED_EDGE('',*,*,#14886,.F.);
#14886 = EDGE_CURVE('',#14489,#14887,#14889,.T.);
#14887 = VERTEX_POINT('',#14888);
#14888 = CARTESIAN_POINT('',(0.725,-0.3,0.47));
#14889 = LINE('',#14890,#14891);
#14890 = CARTESIAN_POINT('',(-2.25E-02,-0.3,0.47));
#14891 = VECTOR('',#14892,1.);
#14892 = DIRECTION('',(1.,0.,0.));
#14893 = ORIENTED_EDGE('',*,*,#14488,.T.);
#14894 = ORIENTED_EDGE('',*,*,#14416,.T.);
#14895 = ORIENTED_EDGE('',*,*,#14896,.F.);
#14896 = EDGE_CURVE('',#14887,#14417,#14897,.T.);
#14897 = LINE('',#14898,#14899);
#14898 = CARTESIAN_POINT('',(0.725,-0.45,0.47));
#14899 = VECTOR('',#14900,1.);
#14900 = DIRECTION('',(0.,-1.,0.));
#14901 = PLANE('',#14902);
#14902 = AXIS2_PLACEMENT_3D('',#14903,#14904,#14905);
#14903 = CARTESIAN_POINT('',(-0.77,-0.4,0.47));
#14904 = DIRECTION('',(0.,0.,1.));
#14905 = DIRECTION('',(1.,0.,-0.));
#14906 = ADVANCED_FACE('',(#14907),#14932,.T.);
#14907 = FACE_BOUND('',#14908,.T.);
#14908 = EDGE_LOOP('',(#14909,#14917,#14918,#14926));
#14909 = ORIENTED_EDGE('',*,*,#14910,.F.);
#14910 = EDGE_CURVE('',#14505,#14911,#14913,.T.);
#14911 = VERTEX_POINT('',#14912);
#14912 = CARTESIAN_POINT('',(0.725,0.4,0.47));
#14913 = LINE('',#14914,#14915);
#14914 = CARTESIAN_POINT('',(-0.77,0.4,0.47));
#14915 = VECTOR('',#14916,1.);
#14916 = DIRECTION('',(1.,0.,0.));
#14917 = ORIENTED_EDGE('',*,*,#14504,.T.);
#14918 = ORIENTED_EDGE('',*,*,#14919,.F.);
#14919 = EDGE_CURVE('',#14920,#14497,#14922,.T.);
#14920 = VERTEX_POINT('',#14921);
#14921 = CARTESIAN_POINT('',(0.725,0.3,0.47));
#14922 = LINE('',#14923,#14924);
#14923 = CARTESIAN_POINT('',(-0.7475,0.3,0.47));
#14924 = VECTOR('',#14925,1.);
#14925 = DIRECTION('',(-1.,0.,0.));
#14926 = ORIENTED_EDGE('',*,*,#14927,.F.);
#14927 = EDGE_CURVE('',#14911,#14920,#14928,.T.);
#14928 = LINE('',#14929,#14930);
#14929 = CARTESIAN_POINT('',(0.725,-5.E-02,0.47));
#14930 = VECTOR('',#14931,1.);
#14931 = DIRECTION('',(0.,-1.,0.));
#14932 = PLANE('',#14933);
#14933 = AXIS2_PLACEMENT_3D('',#14934,#14935,#14936);
#14934 = CARTESIAN_POINT('',(-0.77,-0.4,0.47));
#14935 = DIRECTION('',(0.,0.,1.));
#14936 = DIRECTION('',(1.,0.,-0.));
#14937 = ADVANCED_FACE('',(#14938),#14965,.T.);
#14938 = FACE_BOUND('',#14939,.T.);
#14939 = EDGE_LOOP('',(#14940,#14941,#14950,#14958));
#14940 = ORIENTED_EDGE('',*,*,#14496,.F.);
#14941 = ORIENTED_EDGE('',*,*,#14942,.T.);
#14942 = EDGE_CURVE('',#14489,#14943,#14945,.T.);
#14943 = VERTEX_POINT('',#14944);
#14944 = CARTESIAN_POINT('',(0.53,-0.3,0.5));
#14945 = CIRCLE('',#14946,3.E-02);
#14946 = AXIS2_PLACEMENT_3D('',#14947,#14948,#14949);
#14947 = CARTESIAN_POINT('',(0.53,-0.3,0.47));
#14948 = DIRECTION('',(0.,1.,-0.));
#14949 = DIRECTION('',(-1.,0.,0.));
#14950 = ORIENTED_EDGE('',*,*,#14951,.T.);
#14951 = EDGE_CURVE('',#14943,#14952,#14954,.T.);
#14952 = VERTEX_POINT('',#14953);
#14953 = CARTESIAN_POINT('',(0.53,0.3,0.5));
#14954 = LINE('',#14955,#14956);
#14955 = CARTESIAN_POINT('',(0.53,-0.4,0.5));
#14956 = VECTOR('',#14957,1.);
#14957 = DIRECTION('',(0.,1.,0.));
#14958 = ORIENTED_EDGE('',*,*,#14959,.F.);
#14959 = EDGE_CURVE('',#14497,#14952,#14960,.T.);
#14960 = CIRCLE('',#14961,3.E-02);
#14961 = AXIS2_PLACEMENT_3D('',#14962,#14963,#14964);
#14962 = CARTESIAN_POINT('',(0.53,0.3,0.47));
#14963 = DIRECTION('',(0.,1.,-0.));
#14964 = DIRECTION('',(-1.,0.,0.));
#14965 = CYLINDRICAL_SURFACE('',#14966,3.E-02);
#14966 = AXIS2_PLACEMENT_3D('',#14967,#14968,#14969);
#14967 = CARTESIAN_POINT('',(0.53,-0.4,0.47));
#14968 = DIRECTION('',(0.,1.,0.));
#14969 = DIRECTION('',(-1.,0.,0.));
#14970 = ADVANCED_FACE('',(#14971),#15021,.T.);
#14971 = FACE_BOUND('',#14972,.T.);
#14972 = EDGE_LOOP('',(#14973,#14981,#14989,#14995,#14996,#14997,#14998,
    #15006,#15014,#15020));
#14973 = ORIENTED_EDGE('',*,*,#14974,.F.);
#14974 = EDGE_CURVE('',#14975,#14748,#14977,.T.);
#14975 = VERTEX_POINT('',#14976);
#14976 = CARTESIAN_POINT('',(-0.77,0.4,3.E-02));
#14977 = LINE('',#14978,#14979);
#14978 = CARTESIAN_POINT('',(-0.77,0.4,3.E-02));
#14979 = VECTOR('',#14980,1.);
#14980 = DIRECTION('',(1.,0.,0.));
#14981 = ORIENTED_EDGE('',*,*,#14982,.T.);
#14982 = EDGE_CURVE('',#14975,#14983,#14985,.T.);
#14983 = VERTEX_POINT('',#14984);
#14984 = CARTESIAN_POINT('',(-0.77,0.4,0.47));
#14985 = LINE('',#14986,#14987);
#14986 = CARTESIAN_POINT('',(-0.77,0.4,3.E-02));
#14987 = VECTOR('',#14988,1.);
#14988 = DIRECTION('',(0.,0.,1.));
#14989 = ORIENTED_EDGE('',*,*,#14990,.T.);
#14990 = EDGE_CURVE('',#14983,#14527,#14991,.T.);
#14991 = LINE('',#14992,#14993);
#14992 = CARTESIAN_POINT('',(-0.77,0.4,0.47));
#14993 = VECTOR('',#14994,1.);
#14994 = DIRECTION('',(1.,0.,0.));
#14995 = ORIENTED_EDGE('',*,*,#14526,.T.);
#14996 = ORIENTED_EDGE('',*,*,#14560,.F.);
#14997 = ORIENTED_EDGE('',*,*,#14910,.T.);
#14998 = ORIENTED_EDGE('',*,*,#14999,.T.);
#14999 = EDGE_CURVE('',#14911,#15000,#15002,.T.);
#15000 = VERTEX_POINT('',#15001);
#15001 = CARTESIAN_POINT('',(0.77,0.4,0.47));
#15002 = LINE('',#15003,#15004);
#15003 = CARTESIAN_POINT('',(-0.77,0.4,0.47));
#15004 = VECTOR('',#15005,1.);
#15005 = DIRECTION('',(1.,0.,0.));
#15006 = ORIENTED_EDGE('',*,*,#15007,.F.);
#15007 = EDGE_CURVE('',#15008,#15000,#15010,.T.);
#15008 = VERTEX_POINT('',#15009);
#15009 = CARTESIAN_POINT('',(0.77,0.4,3.E-02));
#15010 = LINE('',#15011,#15012);
#15011 = CARTESIAN_POINT('',(0.77,0.4,3.E-02));
#15012 = VECTOR('',#15013,1.);
#15013 = DIRECTION('',(0.,0.,1.));
#15014 = ORIENTED_EDGE('',*,*,#15015,.F.);
#15015 = EDGE_CURVE('',#14740,#15008,#15016,.T.);
#15016 = LINE('',#15017,#15018);
#15017 = CARTESIAN_POINT('',(-0.77,0.4,3.E-02));
#15018 = VECTOR('',#15019,1.);
#15019 = DIRECTION('',(1.,0.,0.));
#15020 = ORIENTED_EDGE('',*,*,#14747,.F.);
#15021 = PLANE('',#15022);
#15022 = AXIS2_PLACEMENT_3D('',#15023,#15024,#15025);
#15023 = CARTESIAN_POINT('',(-0.77,0.4,3.E-02));
#15024 = DIRECTION('',(0.,1.,0.));
#15025 = DIRECTION('',(0.,-0.,1.));
#15026 = ADVANCED_FACE('',(#15027),#15045,.F.);
#15027 = FACE_BOUND('',#15028,.F.);
#15028 = EDGE_LOOP('',(#15029,#15037,#15043,#15044));
#15029 = ORIENTED_EDGE('',*,*,#15030,.F.);
#15030 = EDGE_CURVE('',#15031,#14575,#15033,.T.);
#15031 = VERTEX_POINT('',#15032);
#15032 = CARTESIAN_POINT('',(-0.725,0.3,0.5));
#15033 = LINE('',#15034,#15035);
#15034 = CARTESIAN_POINT('',(-0.7625,0.3,0.5));
#15035 = VECTOR('',#15036,1.);
#15036 = DIRECTION('',(1.,0.,0.));
#15037 = ORIENTED_EDGE('',*,*,#15038,.T.);
#15038 = EDGE_CURVE('',#15031,#14535,#15039,.T.);
#15039 = LINE('',#15040,#15041);
#15040 = CARTESIAN_POINT('',(-0.725,0.3,0.75));
#15041 = VECTOR('',#15042,1.);
#15042 = DIRECTION('',(-0.,-0.,-1.));
#15043 = ORIENTED_EDGE('',*,*,#14542,.F.);
#15044 = ORIENTED_EDGE('',*,*,#14574,.F.);
#15045 = PLANE('',#15046);
#15046 = AXIS2_PLACEMENT_3D('',#15047,#15048,#15049);
#15047 = CARTESIAN_POINT('',(-0.725,0.3,0.75));
#15048 = DIRECTION('',(0.,-1.,0.));
#15049 = DIRECTION('',(1.,0.,0.));
#15050 = ADVANCED_FACE('',(#15051),#15069,.F.);
#15051 = FACE_BOUND('',#15052,.F.);
#15052 = EDGE_LOOP('',(#15053,#15054,#15062,#15068));
#15053 = ORIENTED_EDGE('',*,*,#15038,.F.);
#15054 = ORIENTED_EDGE('',*,*,#15055,.F.);
#15055 = EDGE_CURVE('',#15056,#15031,#15058,.T.);
#15056 = VERTEX_POINT('',#15057);
#15057 = CARTESIAN_POINT('',(-0.725,0.4,0.5));
#15058 = LINE('',#15059,#15060);
#15059 = CARTESIAN_POINT('',(-0.725,5.E-02,0.5));
#15060 = VECTOR('',#15061,1.);
#15061 = DIRECTION('',(0.,-1.,0.));
#15062 = ORIENTED_EDGE('',*,*,#15063,.F.);
#15063 = EDGE_CURVE('',#14527,#15056,#15064,.T.);
#15064 = LINE('',#15065,#15066);
#15065 = CARTESIAN_POINT('',(-0.725,0.4,0.375));
#15066 = VECTOR('',#15067,1.);
#15067 = DIRECTION('',(0.,0.,1.));
#15068 = ORIENTED_EDGE('',*,*,#14534,.F.);
#15069 = PLANE('',#15070);
#15070 = AXIS2_PLACEMENT_3D('',#15071,#15072,#15073);
#15071 = CARTESIAN_POINT('',(-0.725,0.5,0.75));
#15072 = DIRECTION('',(-1.,0.,0.));
#15073 = DIRECTION('',(0.,-1.,0.));
#15074 = ADVANCED_FACE('',(#15075),#15093,.F.);
#15075 = FACE_BOUND('',#15076,.F.);
#15076 = EDGE_LOOP('',(#15077,#15085,#15091,#15092));
#15077 = ORIENTED_EDGE('',*,*,#15078,.F.);
#15078 = EDGE_CURVE('',#15079,#14608,#15081,.T.);
#15079 = VERTEX_POINT('',#15080);
#15080 = CARTESIAN_POINT('',(-0.725,-0.3,0.5));
#15081 = LINE('',#15082,#15083);
#15082 = CARTESIAN_POINT('',(-0.725,-0.3,0.75));
#15083 = VECTOR('',#15084,1.);
#15084 = DIRECTION('',(-0.,-0.,-1.));
#15085 = ORIENTED_EDGE('',*,*,#15086,.F.);
#15086 = EDGE_CURVE('',#14584,#15079,#15087,.T.);
#15087 = LINE('',#15088,#15089);
#15088 = CARTESIAN_POINT('',(-3.75E-02,-0.3,0.5));
#15089 = VECTOR('',#15090,1.);
#15090 = DIRECTION('',(-1.,0.,0.));
#15091 = ORIENTED_EDGE('',*,*,#14591,.T.);
#15092 = ORIENTED_EDGE('',*,*,#14617,.F.);
#15093 = PLANE('',#15094);
#15094 = AXIS2_PLACEMENT_3D('',#15095,#15096,#15097);
#15095 = CARTESIAN_POINT('',(0.725,-0.3,0.75));
#15096 = DIRECTION('',(0.,1.,0.));
#15097 = DIRECTION('',(-1.,0.,0.));
#15098 = ADVANCED_FACE('',(#15099),#15126,.T.);
#15099 = FACE_BOUND('',#15100,.T.);
#15100 = EDGE_LOOP('',(#15101,#15109,#15115,#15116,#15122,#15123,#15124,
    #15125));
#15101 = ORIENTED_EDGE('',*,*,#15102,.F.);
#15102 = EDGE_CURVE('',#15103,#15056,#15105,.T.);
#15103 = VERTEX_POINT('',#15104);
#15104 = CARTESIAN_POINT('',(-0.77,0.4,0.5));
#15105 = LINE('',#15106,#15107);
#15106 = CARTESIAN_POINT('',(-0.8,0.4,0.5));
#15107 = VECTOR('',#15108,1.);
#15108 = DIRECTION('',(1.,0.,0.));
#15109 = ORIENTED_EDGE('',*,*,#15110,.F.);
#15110 = EDGE_CURVE('',#14659,#15103,#15111,.T.);
#15111 = LINE('',#15112,#15113);
#15112 = CARTESIAN_POINT('',(-0.77,-0.4,0.5));
#15113 = VECTOR('',#15114,1.);
#15114 = DIRECTION('',(0.,1.,0.));
#15115 = ORIENTED_EDGE('',*,*,#14667,.T.);
#15116 = ORIENTED_EDGE('',*,*,#15117,.F.);
#15117 = EDGE_CURVE('',#15079,#14668,#15118,.T.);
#15118 = LINE('',#15119,#15120);
#15119 = CARTESIAN_POINT('',(-0.725,-0.35,0.5));
#15120 = VECTOR('',#15121,1.);
#15121 = DIRECTION('',(0.,-1.,0.));
#15122 = ORIENTED_EDGE('',*,*,#15086,.F.);
#15123 = ORIENTED_EDGE('',*,*,#14583,.T.);
#15124 = ORIENTED_EDGE('',*,*,#15030,.F.);
#15125 = ORIENTED_EDGE('',*,*,#15055,.F.);
#15126 = PLANE('',#15127);
#15127 = AXIS2_PLACEMENT_3D('',#15128,#15129,#15130);
#15128 = CARTESIAN_POINT('',(-0.8,-0.4,0.5));
#15129 = DIRECTION('',(0.,0.,1.));
#15130 = DIRECTION('',(1.,0.,-0.));
#15131 = ADVANCED_FACE('',(#15132),#15138,.F.);
#15132 = FACE_BOUND('',#15133,.F.);
#15133 = EDGE_LOOP('',(#15134,#15135,#15136,#15137));
#15134 = ORIENTED_EDGE('',*,*,#15117,.F.);
#15135 = ORIENTED_EDGE('',*,*,#15078,.T.);
#15136 = ORIENTED_EDGE('',*,*,#14607,.F.);
#15137 = ORIENTED_EDGE('',*,*,#14675,.T.);
#15138 = PLANE('',#15139);
#15139 = AXIS2_PLACEMENT_3D('',#15140,#15141,#15142);
#15140 = CARTESIAN_POINT('',(-0.725,-0.3,0.75));
#15141 = DIRECTION('',(-1.,0.,0.));
#15142 = DIRECTION('',(0.,-1.,0.));
#15143 = ADVANCED_FACE('',(#15144),#15201,.F.);
#15144 = FACE_BOUND('',#15145,.F.);
#15145 = EDGE_LOOP('',(#15146,#15156,#15162,#15163,#15171,#15179,#15187,
    #15195));
#15146 = ORIENTED_EDGE('',*,*,#15147,.F.);
#15147 = EDGE_CURVE('',#15148,#15150,#15152,.T.);
#15148 = VERTEX_POINT('',#15149);
#15149 = CARTESIAN_POINT('',(-0.77,0.4,-3.469446951954E-18));
#15150 = VERTEX_POINT('',#15151);
#15151 = CARTESIAN_POINT('',(-0.725,0.4,0.));
#15152 = LINE('',#15153,#15154);
#15153 = CARTESIAN_POINT('',(-0.8,0.4,0.));
#15154 = VECTOR('',#15155,1.);
#15155 = DIRECTION('',(1.,0.,0.));
#15156 = ORIENTED_EDGE('',*,*,#15157,.F.);
#15157 = EDGE_CURVE('',#14632,#15148,#15158,.T.);
#15158 = LINE('',#15159,#15160);
#15159 = CARTESIAN_POINT('',(-0.77,-0.4,-3.469446951954E-18));
#15160 = VECTOR('',#15161,1.);
#15161 = DIRECTION('',(0.,1.,0.));
#15162 = ORIENTED_EDGE('',*,*,#14631,.T.);
#15163 = ORIENTED_EDGE('',*,*,#15164,.F.);
#15164 = EDGE_CURVE('',#15165,#14634,#15167,.T.);
#15165 = VERTEX_POINT('',#15166);
#15166 = CARTESIAN_POINT('',(-0.725,-0.3,0.));
#15167 = LINE('',#15168,#15169);
#15168 = CARTESIAN_POINT('',(-0.725,-0.35,0.));
#15169 = VECTOR('',#15170,1.);
#15170 = DIRECTION('',(0.,-1.,0.));
#15171 = ORIENTED_EDGE('',*,*,#15172,.F.);
#15172 = EDGE_CURVE('',#15173,#15165,#15175,.T.);
#15173 = VERTEX_POINT('',#15174);
#15174 = CARTESIAN_POINT('',(-0.53,-0.3,-3.469446951954E-18));
#15175 = LINE('',#15176,#15177);
#15176 = CARTESIAN_POINT('',(-3.75E-02,-0.3,0.));
#15177 = VECTOR('',#15178,1.);
#15178 = DIRECTION('',(-1.,0.,0.));
#15179 = ORIENTED_EDGE('',*,*,#15180,.T.);
#15180 = EDGE_CURVE('',#15173,#15181,#15183,.T.);
#15181 = VERTEX_POINT('',#15182);
#15182 = CARTESIAN_POINT('',(-0.53,0.3,-3.469446951954E-18));
#15183 = LINE('',#15184,#15185);
#15184 = CARTESIAN_POINT('',(-0.53,-0.4,-3.469446951954E-18));
#15185 = VECTOR('',#15186,1.);
#15186 = DIRECTION('',(0.,1.,0.));
#15187 = ORIENTED_EDGE('',*,*,#15188,.F.);
#15188 = EDGE_CURVE('',#15189,#15181,#15191,.T.);
#15189 = VERTEX_POINT('',#15190);
#15190 = CARTESIAN_POINT('',(-0.725,0.3,0.));
#15191 = LINE('',#15192,#15193);
#15192 = CARTESIAN_POINT('',(-0.7625,0.3,0.));
#15193 = VECTOR('',#15194,1.);
#15194 = DIRECTION('',(1.,0.,0.));
#15195 = ORIENTED_EDGE('',*,*,#15196,.F.);
#15196 = EDGE_CURVE('',#15150,#15189,#15197,.T.);
#15197 = LINE('',#15198,#15199);
#15198 = CARTESIAN_POINT('',(-0.725,5.E-02,0.));
#15199 = VECTOR('',#15200,1.);
#15200 = DIRECTION('',(0.,-1.,0.));
#15201 = PLANE('',#15202);
#15202 = AXIS2_PLACEMENT_3D('',#15203,#15204,#15205);
#15203 = CARTESIAN_POINT('',(-0.8,-0.4,0.));
#15204 = DIRECTION('',(0.,0.,1.));
#15205 = DIRECTION('',(1.,0.,-0.));
#15206 = ADVANCED_FACE('',(#15207),#15226,.T.);
#15207 = FACE_BOUND('',#15208,.T.);
#15208 = EDGE_LOOP('',(#15209,#15217,#15224,#15225));
#15209 = ORIENTED_EDGE('',*,*,#15210,.T.);
#15210 = EDGE_CURVE('',#14642,#15211,#15213,.T.);
#15211 = VERTEX_POINT('',#15212);
#15212 = CARTESIAN_POINT('',(-0.8,0.4,3.E-02));
#15213 = LINE('',#15214,#15215);
#15214 = CARTESIAN_POINT('',(-0.8,-0.4,3.E-02));
#15215 = VECTOR('',#15216,1.);
#15216 = DIRECTION('',(0.,1.,0.));
#15217 = ORIENTED_EDGE('',*,*,#15218,.T.);
#15218 = EDGE_CURVE('',#15211,#15148,#15219,.T.);
#15219 = CIRCLE('',#15220,3.E-02);
#15220 = AXIS2_PLACEMENT_3D('',#15221,#15222,#15223);
#15221 = CARTESIAN_POINT('',(-0.77,0.4,3.E-02));
#15222 = DIRECTION('',(0.,-1.,0.));
#15223 = DIRECTION('',(0.,0.,1.));
#15224 = ORIENTED_EDGE('',*,*,#15157,.F.);
#15225 = ORIENTED_EDGE('',*,*,#14641,.F.);
#15226 = CYLINDRICAL_SURFACE('',#15227,3.E-02);
#15227 = AXIS2_PLACEMENT_3D('',#15228,#15229,#15230);
#15228 = CARTESIAN_POINT('',(-0.77,-0.4,3.E-02));
#15229 = DIRECTION('',(0.,1.,0.));
#15230 = DIRECTION('',(-1.,0.,0.));
#15231 = ADVANCED_FACE('',(#15232),#15243,.F.);
#15232 = FACE_BOUND('',#15233,.F.);
#15233 = EDGE_LOOP('',(#15234,#15235,#15241,#15242));
#15234 = ORIENTED_EDGE('',*,*,#14698,.T.);
#15235 = ORIENTED_EDGE('',*,*,#15236,.T.);
#15236 = EDGE_CURVE('',#14699,#15165,#15237,.T.);
#15237 = LINE('',#15238,#15239);
#15238 = CARTESIAN_POINT('',(-0.725,-0.3,0.75));
#15239 = VECTOR('',#15240,1.);
#15240 = DIRECTION('',(-0.,-0.,-1.));
#15241 = ORIENTED_EDGE('',*,*,#15164,.T.);
#15242 = ORIENTED_EDGE('',*,*,#14684,.T.);
#15243 = PLANE('',#15244);
#15244 = AXIS2_PLACEMENT_3D('',#15245,#15246,#15247);
#15245 = CARTESIAN_POINT('',(-0.725,-0.3,0.75));
#15246 = DIRECTION('',(-1.,0.,0.));
#15247 = DIRECTION('',(0.,-1.,0.));
#15248 = ADVANCED_FACE('',(#15249),#15267,.F.);
#15249 = FACE_BOUND('',#15250,.F.);
#15250 = EDGE_LOOP('',(#15251,#15252,#15253,#15261));
#15251 = ORIENTED_EDGE('',*,*,#14650,.F.);
#15252 = ORIENTED_EDGE('',*,*,#15210,.T.);
#15253 = ORIENTED_EDGE('',*,*,#15254,.T.);
#15254 = EDGE_CURVE('',#15211,#15255,#15257,.T.);
#15255 = VERTEX_POINT('',#15256);
#15256 = CARTESIAN_POINT('',(-0.8,0.4,0.47));
#15257 = LINE('',#15258,#15259);
#15258 = CARTESIAN_POINT('',(-0.8,0.4,0.));
#15259 = VECTOR('',#15260,1.);
#15260 = DIRECTION('',(0.,0.,1.));
#15261 = ORIENTED_EDGE('',*,*,#15262,.F.);
#15262 = EDGE_CURVE('',#14651,#15255,#15263,.T.);
#15263 = LINE('',#15264,#15265);
#15264 = CARTESIAN_POINT('',(-0.8,-0.4,0.47));
#15265 = VECTOR('',#15266,1.);
#15266 = DIRECTION('',(0.,1.,0.));
#15267 = PLANE('',#15268);
#15268 = AXIS2_PLACEMENT_3D('',#15269,#15270,#15271);
#15269 = CARTESIAN_POINT('',(-0.8,-0.4,0.));
#15270 = DIRECTION('',(1.,0.,0.));
#15271 = DIRECTION('',(0.,0.,1.));
#15272 = ADVANCED_FACE('',(#15273),#15285,.T.);
#15273 = FACE_BOUND('',#15274,.T.);
#15274 = EDGE_LOOP('',(#15275,#15276,#15277,#15284));
#15275 = ORIENTED_EDGE('',*,*,#14658,.T.);
#15276 = ORIENTED_EDGE('',*,*,#15110,.T.);
#15277 = ORIENTED_EDGE('',*,*,#15278,.F.);
#15278 = EDGE_CURVE('',#15255,#15103,#15279,.T.);
#15279 = CIRCLE('',#15280,3.E-02);
#15280 = AXIS2_PLACEMENT_3D('',#15281,#15282,#15283);
#15281 = CARTESIAN_POINT('',(-0.77,0.4,0.47));
#15282 = DIRECTION('',(0.,1.,0.));
#15283 = DIRECTION('',(0.,-0.,1.));
#15284 = ORIENTED_EDGE('',*,*,#15262,.F.);
#15285 = CYLINDRICAL_SURFACE('',#15286,3.E-02);
#15286 = AXIS2_PLACEMENT_3D('',#15287,#15288,#15289);
#15287 = CARTESIAN_POINT('',(-0.77,-0.4,0.47));
#15288 = DIRECTION('',(0.,1.,0.));
#15289 = DIRECTION('',(-1.,0.,0.));
#15290 = ADVANCED_FACE('',(#15291),#15303,.F.);
#15291 = FACE_BOUND('',#15292,.F.);
#15292 = EDGE_LOOP('',(#15293,#15294,#15295,#15302));
#15293 = ORIENTED_EDGE('',*,*,#15236,.F.);
#15294 = ORIENTED_EDGE('',*,*,#14779,.T.);
#15295 = ORIENTED_EDGE('',*,*,#15296,.T.);
#15296 = EDGE_CURVE('',#14772,#15173,#15297,.T.);
#15297 = CIRCLE('',#15298,3.E-02);
#15298 = AXIS2_PLACEMENT_3D('',#15299,#15300,#15301);
#15299 = CARTESIAN_POINT('',(-0.53,-0.3,3.E-02));
#15300 = DIRECTION('',(-0.,1.,0.));
#15301 = DIRECTION('',(1.,0.,0.));
#15302 = ORIENTED_EDGE('',*,*,#15172,.T.);
#15303 = PLANE('',#15304);
#15304 = AXIS2_PLACEMENT_3D('',#15305,#15306,#15307);
#15305 = CARTESIAN_POINT('',(0.725,-0.3,0.75));
#15306 = DIRECTION('',(0.,1.,0.));
#15307 = DIRECTION('',(-1.,0.,0.));
#15308 = ADVANCED_FACE('',(#15309),#15321,.T.);
#15309 = FACE_BOUND('',#15310,.T.);
#15310 = EDGE_LOOP('',(#15311,#15312,#15313,#15314));
#15311 = ORIENTED_EDGE('',*,*,#14771,.F.);
#15312 = ORIENTED_EDGE('',*,*,#15296,.T.);
#15313 = ORIENTED_EDGE('',*,*,#15180,.T.);
#15314 = ORIENTED_EDGE('',*,*,#15315,.F.);
#15315 = EDGE_CURVE('',#14764,#15181,#15316,.T.);
#15316 = CIRCLE('',#15317,3.E-02);
#15317 = AXIS2_PLACEMENT_3D('',#15318,#15319,#15320);
#15318 = CARTESIAN_POINT('',(-0.53,0.3,3.E-02));
#15319 = DIRECTION('',(-0.,1.,0.));
#15320 = DIRECTION('',(1.,0.,0.));
#15321 = CYLINDRICAL_SURFACE('',#15322,3.E-02);
#15322 = AXIS2_PLACEMENT_3D('',#15323,#15324,#15325);
#15323 = CARTESIAN_POINT('',(-0.53,-0.4,3.E-02));
#15324 = DIRECTION('',(0.,1.,0.));
#15325 = DIRECTION('',(1.,0.,0.));
#15326 = ADVANCED_FACE('',(#15327),#15338,.F.);
#15327 = FACE_BOUND('',#15328,.F.);
#15328 = EDGE_LOOP('',(#15329,#15330,#15336,#15337));
#15329 = ORIENTED_EDGE('',*,*,#14763,.T.);
#15330 = ORIENTED_EDGE('',*,*,#15331,.T.);
#15331 = EDGE_CURVE('',#14756,#15189,#15332,.T.);
#15332 = LINE('',#15333,#15334);
#15333 = CARTESIAN_POINT('',(-0.725,0.3,0.75));
#15334 = VECTOR('',#15335,1.);
#15335 = DIRECTION('',(-0.,-0.,-1.));
#15336 = ORIENTED_EDGE('',*,*,#15188,.T.);
#15337 = ORIENTED_EDGE('',*,*,#15315,.F.);
#15338 = PLANE('',#15339);
#15339 = AXIS2_PLACEMENT_3D('',#15340,#15341,#15342);
#15340 = CARTESIAN_POINT('',(-0.725,0.3,0.75));
#15341 = DIRECTION('',(0.,-1.,0.));
#15342 = DIRECTION('',(1.,0.,0.));
#15343 = ADVANCED_FACE('',(#15344),#15355,.F.);
#15344 = FACE_BOUND('',#15345,.F.);
#15345 = EDGE_LOOP('',(#15346,#15347,#15348,#15354));
#15346 = ORIENTED_EDGE('',*,*,#15331,.F.);
#15347 = ORIENTED_EDGE('',*,*,#14755,.T.);
#15348 = ORIENTED_EDGE('',*,*,#15349,.F.);
#15349 = EDGE_CURVE('',#15150,#14748,#15350,.T.);
#15350 = LINE('',#15351,#15352);
#15351 = CARTESIAN_POINT('',(-0.725,0.4,0.375));
#15352 = VECTOR('',#15353,1.);
#15353 = DIRECTION('',(0.,0.,1.));
#15354 = ORIENTED_EDGE('',*,*,#15196,.T.);
#15355 = PLANE('',#15356);
#15356 = AXIS2_PLACEMENT_3D('',#15357,#15358,#15359);
#15357 = CARTESIAN_POINT('',(-0.725,0.5,0.75));
#15358 = DIRECTION('',(-1.,0.,0.));
#15359 = DIRECTION('',(0.,-1.,0.));
#15360 = ADVANCED_FACE('',(#15361),#15386,.F.);
#15361 = FACE_BOUND('',#15362,.F.);
#15362 = EDGE_LOOP('',(#15363,#15364,#15372,#15380));
#15363 = ORIENTED_EDGE('',*,*,#14739,.T.);
#15364 = ORIENTED_EDGE('',*,*,#15365,.T.);
#15365 = EDGE_CURVE('',#14732,#15366,#15368,.T.);
#15366 = VERTEX_POINT('',#15367);
#15367 = CARTESIAN_POINT('',(0.725,0.3,0.));
#15368 = LINE('',#15369,#15370);
#15369 = CARTESIAN_POINT('',(0.725,0.3,0.75));
#15370 = VECTOR('',#15371,1.);
#15371 = DIRECTION('',(-0.,-0.,-1.));
#15372 = ORIENTED_EDGE('',*,*,#15373,.T.);
#15373 = EDGE_CURVE('',#15366,#15374,#15376,.T.);
#15374 = VERTEX_POINT('',#15375);
#15375 = CARTESIAN_POINT('',(0.725,0.4,0.));
#15376 = LINE('',#15377,#15378);
#15377 = CARTESIAN_POINT('',(0.725,-5.E-02,0.));
#15378 = VECTOR('',#15379,1.);
#15379 = DIRECTION('',(0.,1.,0.));
#15380 = ORIENTED_EDGE('',*,*,#15381,.F.);
#15381 = EDGE_CURVE('',#14740,#15374,#15382,.T.);
#15382 = LINE('',#15383,#15384);
#15383 = CARTESIAN_POINT('',(0.725,0.4,0.375));
#15384 = VECTOR('',#15385,1.);
#15385 = DIRECTION('',(0.,0.,-1.));
#15386 = PLANE('',#15387);
#15387 = AXIS2_PLACEMENT_3D('',#15388,#15389,#15390);
#15388 = CARTESIAN_POINT('',(0.725,0.3,0.75));
#15389 = DIRECTION('',(1.,0.,0.));
#15390 = DIRECTION('',(-0.,1.,0.));
#15391 = ADVANCED_FACE('',(#15392),#15411,.F.);
#15392 = FACE_BOUND('',#15393,.F.);
#15393 = EDGE_LOOP('',(#15394,#15395,#15396,#15405));
#15394 = ORIENTED_EDGE('',*,*,#15365,.F.);
#15395 = ORIENTED_EDGE('',*,*,#14731,.T.);
#15396 = ORIENTED_EDGE('',*,*,#15397,.F.);
#15397 = EDGE_CURVE('',#15398,#14724,#15400,.T.);
#15398 = VERTEX_POINT('',#15399);
#15399 = CARTESIAN_POINT('',(0.53,0.3,-3.469446951954E-18));
#15400 = CIRCLE('',#15401,3.E-02);
#15401 = AXIS2_PLACEMENT_3D('',#15402,#15403,#15404);
#15402 = CARTESIAN_POINT('',(0.53,0.3,3.E-02));
#15403 = DIRECTION('',(0.,1.,-0.));
#15404 = DIRECTION('',(-1.,0.,0.));
#15405 = ORIENTED_EDGE('',*,*,#15406,.T.);
#15406 = EDGE_CURVE('',#15398,#15366,#15407,.T.);
#15407 = LINE('',#15408,#15409);
#15408 = CARTESIAN_POINT('',(-0.1125,0.3,0.));
#15409 = VECTOR('',#15410,1.);
#15410 = DIRECTION('',(1.,0.,0.));
#15411 = PLANE('',#15412);
#15412 = AXIS2_PLACEMENT_3D('',#15413,#15414,#15415);
#15413 = CARTESIAN_POINT('',(-0.725,0.3,0.75));
#15414 = DIRECTION('',(0.,-1.,0.));
#15415 = DIRECTION('',(1.,0.,0.));
#15416 = ADVANCED_FACE('',(#15417),#15436,.T.);
#15417 = FACE_BOUND('',#15418,.T.);
#15418 = EDGE_LOOP('',(#15419,#15420,#15428,#15435));
#15419 = ORIENTED_EDGE('',*,*,#15397,.F.);
#15420 = ORIENTED_EDGE('',*,*,#15421,.F.);
#15421 = EDGE_CURVE('',#15422,#15398,#15424,.T.);
#15422 = VERTEX_POINT('',#15423);
#15423 = CARTESIAN_POINT('',(0.53,-0.3,-3.469446951954E-18));
#15424 = LINE('',#15425,#15426);
#15425 = CARTESIAN_POINT('',(0.53,-0.4,-3.469446951954E-18));
#15426 = VECTOR('',#15427,1.);
#15427 = DIRECTION('',(0.,1.,0.));
#15428 = ORIENTED_EDGE('',*,*,#15429,.T.);
#15429 = EDGE_CURVE('',#15422,#14716,#15430,.T.);
#15430 = CIRCLE('',#15431,3.E-02);
#15431 = AXIS2_PLACEMENT_3D('',#15432,#15433,#15434);
#15432 = CARTESIAN_POINT('',(0.53,-0.3,3.E-02));
#15433 = DIRECTION('',(0.,1.,-0.));
#15434 = DIRECTION('',(-1.,0.,0.));
#15435 = ORIENTED_EDGE('',*,*,#14723,.T.);
#15436 = CYLINDRICAL_SURFACE('',#15437,3.E-02);
#15437 = AXIS2_PLACEMENT_3D('',#15438,#15439,#15440);
#15438 = CARTESIAN_POINT('',(0.53,-0.4,3.E-02));
#15439 = DIRECTION('',(0.,1.,0.));
#15440 = DIRECTION('',(-1.,0.,0.));
#15441 = ADVANCED_FACE('',(#15442),#15460,.F.);
#15442 = FACE_BOUND('',#15443,.F.);
#15443 = EDGE_LOOP('',(#15444,#15445,#15453,#15459));
#15444 = ORIENTED_EDGE('',*,*,#14715,.T.);
#15445 = ORIENTED_EDGE('',*,*,#15446,.T.);
#15446 = EDGE_CURVE('',#14708,#15447,#15449,.T.);
#15447 = VERTEX_POINT('',#15448);
#15448 = CARTESIAN_POINT('',(0.725,-0.3,0.));
#15449 = LINE('',#15450,#15451);
#15450 = CARTESIAN_POINT('',(0.725,-0.3,0.75));
#15451 = VECTOR('',#15452,1.);
#15452 = DIRECTION('',(-0.,-0.,-1.));
#15453 = ORIENTED_EDGE('',*,*,#15454,.T.);
#15454 = EDGE_CURVE('',#15447,#15422,#15455,.T.);
#15455 = LINE('',#15456,#15457);
#15456 = CARTESIAN_POINT('',(0.6125,-0.3,0.));
#15457 = VECTOR('',#15458,1.);
#15458 = DIRECTION('',(-1.,0.,0.));
#15459 = ORIENTED_EDGE('',*,*,#15429,.T.);
#15460 = PLANE('',#15461);
#15461 = AXIS2_PLACEMENT_3D('',#15462,#15463,#15464);
#15462 = CARTESIAN_POINT('',(0.725,-0.3,0.75));
#15463 = DIRECTION('',(0.,1.,0.));
#15464 = DIRECTION('',(-1.,0.,0.));
#15465 = ADVANCED_FACE('',(#15466),#15477,.F.);
#15466 = FACE_BOUND('',#15467,.F.);
#15467 = EDGE_LOOP('',(#15468,#15469,#15470,#15471));
#15468 = ORIENTED_EDGE('',*,*,#15446,.F.);
#15469 = ORIENTED_EDGE('',*,*,#14707,.T.);
#15470 = ORIENTED_EDGE('',*,*,#14829,.T.);
#15471 = ORIENTED_EDGE('',*,*,#15472,.T.);
#15472 = EDGE_CURVE('',#14820,#15447,#15473,.T.);
#15473 = LINE('',#15474,#15475);
#15474 = CARTESIAN_POINT('',(0.725,-0.45,0.));
#15475 = VECTOR('',#15476,1.);
#15476 = DIRECTION('',(0.,1.,0.));
#15477 = PLANE('',#15478);
#15478 = AXIS2_PLACEMENT_3D('',#15479,#15480,#15481);
#15479 = CARTESIAN_POINT('',(0.725,-0.5,0.75));
#15480 = DIRECTION('',(1.,0.,0.));
#15481 = DIRECTION('',(-0.,1.,0.));
#15482 = ADVANCED_FACE('',(#15483),#15508,.T.);
#15483 = FACE_BOUND('',#15484,.T.);
#15484 = EDGE_LOOP('',(#15485,#15493,#15494,#15502));
#15485 = ORIENTED_EDGE('',*,*,#15486,.T.);
#15486 = EDGE_CURVE('',#15487,#14788,#15489,.T.);
#15487 = VERTEX_POINT('',#15488);
#15488 = CARTESIAN_POINT('',(0.277128129211,0.32,1.5E-02));
#15489 = LINE('',#15490,#15491);
#15490 = CARTESIAN_POINT('',(0.277128129211,0.32,1.5E-02));
#15491 = VECTOR('',#15492,1.);
#15492 = DIRECTION('',(0.,0.,1.));
#15493 = ORIENTED_EDGE('',*,*,#14787,.T.);
#15494 = ORIENTED_EDGE('',*,*,#15495,.F.);
#15495 = EDGE_CURVE('',#15496,#14790,#15498,.T.);
#15496 = VERTEX_POINT('',#15497);
#15497 = CARTESIAN_POINT('',(0.277128129211,-0.32,1.5E-02));
#15498 = LINE('',#15499,#15500);
#15499 = CARTESIAN_POINT('',(0.277128129211,-0.32,1.5E-02));
#15500 = VECTOR('',#15501,1.);
#15501 = DIRECTION('',(0.,0.,1.));
#15502 = ORIENTED_EDGE('',*,*,#15503,.F.);
#15503 = EDGE_CURVE('',#15487,#15496,#15504,.T.);
#15504 = LINE('',#15505,#15506);
#15505 = CARTESIAN_POINT('',(0.277128129211,0.32,1.5E-02));
#15506 = VECTOR('',#15507,1.);
#15507 = DIRECTION('',(0.,-1.,0.));
#15508 = PLANE('',#15509);
#15509 = AXIS2_PLACEMENT_3D('',#15510,#15511,#15512);
#15510 = CARTESIAN_POINT('',(0.277128129211,0.32,1.5E-02));
#15511 = DIRECTION('',(1.,0.,0.));
#15512 = DIRECTION('',(0.,-1.,0.));
#15513 = ADVANCED_FACE('',(#15514),#15532,.T.);
#15514 = FACE_BOUND('',#15515,.T.);
#15515 = EDGE_LOOP('',(#15516,#15524,#15525,#15526));
#15516 = ORIENTED_EDGE('',*,*,#15517,.T.);
#15517 = EDGE_CURVE('',#15518,#14798,#15520,.T.);
#15518 = VERTEX_POINT('',#15519);
#15519 = CARTESIAN_POINT('',(-0.277128129211,0.,1.5E-02));
#15520 = LINE('',#15521,#15522);
#15521 = CARTESIAN_POINT('',(-0.277128129211,0.,1.5E-02));
#15522 = VECTOR('',#15523,1.);
#15523 = DIRECTION('',(0.,0.,1.));
#15524 = ORIENTED_EDGE('',*,*,#14805,.T.);
#15525 = ORIENTED_EDGE('',*,*,#15486,.F.);
#15526 = ORIENTED_EDGE('',*,*,#15527,.F.);
#15527 = EDGE_CURVE('',#15518,#15487,#15528,.T.);
#15528 = LINE('',#15529,#15530);
#15529 = CARTESIAN_POINT('',(-0.277128129211,0.,1.5E-02));
#15530 = VECTOR('',#15531,1.);
#15531 = DIRECTION('',(0.866025403784,0.5,0.));
#15532 = PLANE('',#15533);
#15533 = AXIS2_PLACEMENT_3D('',#15534,#15535,#15536);
#15534 = CARTESIAN_POINT('',(-0.277128129211,0.,1.5E-02));
#15535 = DIRECTION('',(-0.5,0.866025403784,0.));
#15536 = DIRECTION('',(0.866025403784,0.5,0.));
#15537 = ADVANCED_FACE('',(#15538),#15549,.T.);
#15538 = FACE_BOUND('',#15539,.T.);
#15539 = EDGE_LOOP('',(#15540,#15541,#15542,#15543));
#15540 = ORIENTED_EDGE('',*,*,#15495,.T.);
#15541 = ORIENTED_EDGE('',*,*,#14797,.T.);
#15542 = ORIENTED_EDGE('',*,*,#15517,.F.);
#15543 = ORIENTED_EDGE('',*,*,#15544,.F.);
#15544 = EDGE_CURVE('',#15496,#15518,#15545,.T.);
#15545 = LINE('',#15546,#15547);
#15546 = CARTESIAN_POINT('',(0.277128129211,-0.32,1.5E-02));
#15547 = VECTOR('',#15548,1.);
#15548 = DIRECTION('',(-0.866025403784,0.5,0.));
#15549 = PLANE('',#15550);
#15550 = AXIS2_PLACEMENT_3D('',#15551,#15552,#15553);
#15551 = CARTESIAN_POINT('',(0.277128129211,-0.32,1.5E-02));
#15552 = DIRECTION('',(-0.5,-0.866025403784,0.));
#15553 = DIRECTION('',(-0.866025403784,0.5,0.));
#15554 = ADVANCED_FACE('',(#15555),#15577,.F.);
#15555 = FACE_BOUND('',#15556,.F.);
#15556 = EDGE_LOOP('',(#15557,#15565,#15566,#15567,#15568,#15569,#15570,
    #15571));
#15557 = ORIENTED_EDGE('',*,*,#15558,.F.);
#15558 = EDGE_CURVE('',#15374,#15559,#15561,.T.);
#15559 = VERTEX_POINT('',#15560);
#15560 = CARTESIAN_POINT('',(0.77,0.4,-3.469446951954E-18));
#15561 = LINE('',#15562,#15563);
#15562 = CARTESIAN_POINT('',(0.5,0.4,0.));
#15563 = VECTOR('',#15564,1.);
#15564 = DIRECTION('',(1.,0.,0.));
#15565 = ORIENTED_EDGE('',*,*,#15373,.F.);
#15566 = ORIENTED_EDGE('',*,*,#15406,.F.);
#15567 = ORIENTED_EDGE('',*,*,#15421,.F.);
#15568 = ORIENTED_EDGE('',*,*,#15454,.F.);
#15569 = ORIENTED_EDGE('',*,*,#15472,.F.);
#15570 = ORIENTED_EDGE('',*,*,#14819,.T.);
#15571 = ORIENTED_EDGE('',*,*,#15572,.T.);
#15572 = EDGE_CURVE('',#14822,#15559,#15573,.T.);
#15573 = LINE('',#15574,#15575);
#15574 = CARTESIAN_POINT('',(0.77,-0.4,-3.469446951954E-18));
#15575 = VECTOR('',#15576,1.);
#15576 = DIRECTION('',(0.,1.,0.));
#15577 = PLANE('',#15578);
#15578 = AXIS2_PLACEMENT_3D('',#15579,#15580,#15581);
#15579 = CARTESIAN_POINT('',(0.5,-0.4,0.));
#15580 = DIRECTION('',(0.,0.,1.));
#15581 = DIRECTION('',(1.,0.,-0.));
#15582 = ADVANCED_FACE('',(#15583),#15602,.T.);
#15583 = FACE_BOUND('',#15584,.T.);
#15584 = EDGE_LOOP('',(#15585,#15586,#15587,#15596));
#15585 = ORIENTED_EDGE('',*,*,#14871,.T.);
#15586 = ORIENTED_EDGE('',*,*,#15572,.T.);
#15587 = ORIENTED_EDGE('',*,*,#15588,.F.);
#15588 = EDGE_CURVE('',#15589,#15559,#15591,.T.);
#15589 = VERTEX_POINT('',#15590);
#15590 = CARTESIAN_POINT('',(0.8,0.4,3.E-02));
#15591 = CIRCLE('',#15592,3.E-02);
#15592 = AXIS2_PLACEMENT_3D('',#15593,#15594,#15595);
#15593 = CARTESIAN_POINT('',(0.77,0.4,3.E-02));
#15594 = DIRECTION('',(0.,1.,0.));
#15595 = DIRECTION('',(0.,-0.,1.));
#15596 = ORIENTED_EDGE('',*,*,#15597,.F.);
#15597 = EDGE_CURVE('',#14864,#15589,#15598,.T.);
#15598 = LINE('',#15599,#15600);
#15599 = CARTESIAN_POINT('',(0.8,-0.4,3.E-02));
#15600 = VECTOR('',#15601,1.);
#15601 = DIRECTION('',(0.,1.,0.));
#15602 = CYLINDRICAL_SURFACE('',#15603,3.E-02);
#15603 = AXIS2_PLACEMENT_3D('',#15604,#15605,#15606);
#15604 = CARTESIAN_POINT('',(0.77,-0.4,3.E-02));
#15605 = DIRECTION('',(0.,1.,0.));
#15606 = DIRECTION('',(1.,0.,0.));
#15607 = ADVANCED_FACE('',(#15608),#15626,.T.);
#15608 = FACE_BOUND('',#15609,.T.);
#15609 = EDGE_LOOP('',(#15610,#15611,#15612,#15620));
#15610 = ORIENTED_EDGE('',*,*,#14863,.F.);
#15611 = ORIENTED_EDGE('',*,*,#15597,.T.);
#15612 = ORIENTED_EDGE('',*,*,#15613,.T.);
#15613 = EDGE_CURVE('',#15589,#15614,#15616,.T.);
#15614 = VERTEX_POINT('',#15615);
#15615 = CARTESIAN_POINT('',(0.8,0.4,0.47));
#15616 = LINE('',#15617,#15618);
#15617 = CARTESIAN_POINT('',(0.8,0.4,0.));
#15618 = VECTOR('',#15619,1.);
#15619 = DIRECTION('',(0.,0.,1.));
#15620 = ORIENTED_EDGE('',*,*,#15621,.F.);
#15621 = EDGE_CURVE('',#14855,#15614,#15622,.T.);
#15622 = LINE('',#15623,#15624);
#15623 = CARTESIAN_POINT('',(0.8,-0.4,0.47));
#15624 = VECTOR('',#15625,1.);
#15625 = DIRECTION('',(0.,1.,0.));
#15626 = PLANE('',#15627);
#15627 = AXIS2_PLACEMENT_3D('',#15628,#15629,#15630);
#15628 = CARTESIAN_POINT('',(0.8,-0.4,0.));
#15629 = DIRECTION('',(1.,0.,0.));
#15630 = DIRECTION('',(0.,0.,1.));
#15631 = ADVANCED_FACE('',(#15632),#15651,.T.);
#15632 = FACE_BOUND('',#15633,.T.);
#15633 = EDGE_LOOP('',(#15634,#15635,#15644,#15650));
#15634 = ORIENTED_EDGE('',*,*,#15621,.T.);
#15635 = ORIENTED_EDGE('',*,*,#15636,.T.);
#15636 = EDGE_CURVE('',#15614,#15637,#15639,.T.);
#15637 = VERTEX_POINT('',#15638);
#15638 = CARTESIAN_POINT('',(0.77,0.4,0.5));
#15639 = CIRCLE('',#15640,3.E-02);
#15640 = AXIS2_PLACEMENT_3D('',#15641,#15642,#15643);
#15641 = CARTESIAN_POINT('',(0.77,0.4,0.47));
#15642 = DIRECTION('',(0.,-1.,0.));
#15643 = DIRECTION('',(0.,0.,1.));
#15644 = ORIENTED_EDGE('',*,*,#15645,.F.);
#15645 = EDGE_CURVE('',#14847,#15637,#15646,.T.);
#15646 = LINE('',#15647,#15648);
#15647 = CARTESIAN_POINT('',(0.77,-0.4,0.5));
#15648 = VECTOR('',#15649,1.);
#15649 = DIRECTION('',(0.,1.,0.));
#15650 = ORIENTED_EDGE('',*,*,#14854,.F.);
#15651 = CYLINDRICAL_SURFACE('',#15652,3.E-02);
#15652 = AXIS2_PLACEMENT_3D('',#15653,#15654,#15655);
#15653 = CARTESIAN_POINT('',(0.77,-0.4,0.47));
#15654 = DIRECTION('',(0.,1.,0.));
#15655 = DIRECTION('',(1.,0.,0.));
#15656 = ADVANCED_FACE('',(#15657),#15698,.T.);
#15657 = FACE_BOUND('',#15658,.T.);
#15658 = EDGE_LOOP('',(#15659,#15667,#15675,#15681,#15682,#15690,#15696,
    #15697));
#15659 = ORIENTED_EDGE('',*,*,#15660,.F.);
#15660 = EDGE_CURVE('',#15661,#15637,#15663,.T.);
#15661 = VERTEX_POINT('',#15662);
#15662 = CARTESIAN_POINT('',(0.725,0.4,0.5));
#15663 = LINE('',#15664,#15665);
#15664 = CARTESIAN_POINT('',(0.5,0.4,0.5));
#15665 = VECTOR('',#15666,1.);
#15666 = DIRECTION('',(1.,0.,0.));
#15667 = ORIENTED_EDGE('',*,*,#15668,.F.);
#15668 = EDGE_CURVE('',#15669,#15661,#15671,.T.);
#15669 = VERTEX_POINT('',#15670);
#15670 = CARTESIAN_POINT('',(0.725,0.3,0.5));
#15671 = LINE('',#15672,#15673);
#15672 = CARTESIAN_POINT('',(0.725,-5.E-02,0.5));
#15673 = VECTOR('',#15674,1.);
#15674 = DIRECTION('',(0.,1.,0.));
#15675 = ORIENTED_EDGE('',*,*,#15676,.F.);
#15676 = EDGE_CURVE('',#14952,#15669,#15677,.T.);
#15677 = LINE('',#15678,#15679);
#15678 = CARTESIAN_POINT('',(-0.1125,0.3,0.5));
#15679 = VECTOR('',#15680,1.);
#15680 = DIRECTION('',(1.,0.,0.));
#15681 = ORIENTED_EDGE('',*,*,#14951,.F.);
#15682 = ORIENTED_EDGE('',*,*,#15683,.F.);
#15683 = EDGE_CURVE('',#15684,#14943,#15686,.T.);
#15684 = VERTEX_POINT('',#15685);
#15685 = CARTESIAN_POINT('',(0.725,-0.3,0.5));
#15686 = LINE('',#15687,#15688);
#15687 = CARTESIAN_POINT('',(0.6125,-0.3,0.5));
#15688 = VECTOR('',#15689,1.);
#15689 = DIRECTION('',(-1.,0.,0.));
#15690 = ORIENTED_EDGE('',*,*,#15691,.F.);
#15691 = EDGE_CURVE('',#14839,#15684,#15692,.T.);
#15692 = LINE('',#15693,#15694);
#15693 = CARTESIAN_POINT('',(0.725,-0.45,0.5));
#15694 = VECTOR('',#15695,1.);
#15695 = DIRECTION('',(0.,1.,0.));
#15696 = ORIENTED_EDGE('',*,*,#14846,.T.);
#15697 = ORIENTED_EDGE('',*,*,#15645,.T.);
#15698 = PLANE('',#15699);
#15699 = AXIS2_PLACEMENT_3D('',#15700,#15701,#15702);
#15700 = CARTESIAN_POINT('',(0.5,-0.4,0.5));
#15701 = DIRECTION('',(0.,0.,1.));
#15702 = DIRECTION('',(1.,0.,-0.));
#15703 = ADVANCED_FACE('',(#15704),#15715,.F.);
#15704 = FACE_BOUND('',#15705,.F.);
#15705 = EDGE_LOOP('',(#15706,#15712,#15713,#15714));
#15706 = ORIENTED_EDGE('',*,*,#15707,.F.);
#15707 = EDGE_CURVE('',#15684,#14887,#15708,.T.);
#15708 = LINE('',#15709,#15710);
#15709 = CARTESIAN_POINT('',(0.725,-0.3,0.75));
#15710 = VECTOR('',#15711,1.);
#15711 = DIRECTION('',(-0.,-0.,-1.));
#15712 = ORIENTED_EDGE('',*,*,#15691,.F.);
#15713 = ORIENTED_EDGE('',*,*,#14838,.T.);
#15714 = ORIENTED_EDGE('',*,*,#14896,.F.);
#15715 = PLANE('',#15716);
#15716 = AXIS2_PLACEMENT_3D('',#15717,#15718,#15719);
#15717 = CARTESIAN_POINT('',(0.725,-0.5,0.75));
#15718 = DIRECTION('',(1.,0.,0.));
#15719 = DIRECTION('',(-0.,1.,0.));
#15720 = ADVANCED_FACE('',(#15721),#15727,.F.);
#15721 = FACE_BOUND('',#15722,.F.);
#15722 = EDGE_LOOP('',(#15723,#15724,#15725,#15726));
#15723 = ORIENTED_EDGE('',*,*,#15683,.F.);
#15724 = ORIENTED_EDGE('',*,*,#15707,.T.);
#15725 = ORIENTED_EDGE('',*,*,#14886,.F.);
#15726 = ORIENTED_EDGE('',*,*,#14942,.T.);
#15727 = PLANE('',#15728);
#15728 = AXIS2_PLACEMENT_3D('',#15729,#15730,#15731);
#15729 = CARTESIAN_POINT('',(0.725,-0.3,0.75));
#15730 = DIRECTION('',(0.,1.,0.));
#15731 = DIRECTION('',(-1.,0.,0.));
#15732 = ADVANCED_FACE('',(#15733),#15749,.F.);
#15733 = FACE_BOUND('',#15734,.F.);
#15734 = EDGE_LOOP('',(#15735,#15736,#15742,#15743));
#15735 = ORIENTED_EDGE('',*,*,#15668,.F.);
#15736 = ORIENTED_EDGE('',*,*,#15737,.T.);
#15737 = EDGE_CURVE('',#15669,#14920,#15738,.T.);
#15738 = LINE('',#15739,#15740);
#15739 = CARTESIAN_POINT('',(0.725,0.3,0.75));
#15740 = VECTOR('',#15741,1.);
#15741 = DIRECTION('',(-0.,-0.,-1.));
#15742 = ORIENTED_EDGE('',*,*,#14927,.F.);
#15743 = ORIENTED_EDGE('',*,*,#15744,.F.);
#15744 = EDGE_CURVE('',#15661,#14911,#15745,.T.);
#15745 = LINE('',#15746,#15747);
#15746 = CARTESIAN_POINT('',(0.725,0.4,0.375));
#15747 = VECTOR('',#15748,1.);
#15748 = DIRECTION('',(0.,0.,-1.));
#15749 = PLANE('',#15750);
#15750 = AXIS2_PLACEMENT_3D('',#15751,#15752,#15753);
#15751 = CARTESIAN_POINT('',(0.725,0.3,0.75));
#15752 = DIRECTION('',(1.,0.,0.));
#15753 = DIRECTION('',(-0.,1.,0.));
#15754 = ADVANCED_FACE('',(#15755),#15761,.F.);
#15755 = FACE_BOUND('',#15756,.F.);
#15756 = EDGE_LOOP('',(#15757,#15758,#15759,#15760));
#15757 = ORIENTED_EDGE('',*,*,#15737,.F.);
#15758 = ORIENTED_EDGE('',*,*,#15676,.F.);
#15759 = ORIENTED_EDGE('',*,*,#14959,.F.);
#15760 = ORIENTED_EDGE('',*,*,#14919,.F.);
#15761 = PLANE('',#15762);
#15762 = AXIS2_PLACEMENT_3D('',#15763,#15764,#15765);
#15763 = CARTESIAN_POINT('',(-0.725,0.3,0.75));
#15764 = DIRECTION('',(0.,-1.,0.));
#15765 = DIRECTION('',(1.,0.,0.));
#15766 = ADVANCED_FACE('',(#15767),#15779,.T.);
#15767 = FACE_BOUND('',#15768,.T.);
#15768 = EDGE_LOOP('',(#15769,#15770,#15771,#15772,#15773,#15774,#15775,
    #15776,#15777,#15778));
#15769 = ORIENTED_EDGE('',*,*,#15147,.F.);
#15770 = ORIENTED_EDGE('',*,*,#15218,.F.);
#15771 = ORIENTED_EDGE('',*,*,#15254,.T.);
#15772 = ORIENTED_EDGE('',*,*,#15278,.T.);
#15773 = ORIENTED_EDGE('',*,*,#15102,.T.);
#15774 = ORIENTED_EDGE('',*,*,#15063,.F.);
#15775 = ORIENTED_EDGE('',*,*,#14990,.F.);
#15776 = ORIENTED_EDGE('',*,*,#14982,.F.);
#15777 = ORIENTED_EDGE('',*,*,#14974,.T.);
#15778 = ORIENTED_EDGE('',*,*,#15349,.F.);
#15779 = PLANE('',#15780);
#15780 = AXIS2_PLACEMENT_3D('',#15781,#15782,#15783);
#15781 = CARTESIAN_POINT('',(-0.8,0.4,0.));
#15782 = DIRECTION('',(0.,1.,0.));
#15783 = DIRECTION('',(0.,-0.,1.));
#15784 = ADVANCED_FACE('',(#15785),#15797,.T.);
#15785 = FACE_BOUND('',#15786,.T.);
#15786 = EDGE_LOOP('',(#15787,#15788,#15789,#15790,#15791,#15792,#15793,
    #15794,#15795,#15796));
#15787 = ORIENTED_EDGE('',*,*,#15558,.F.);
#15788 = ORIENTED_EDGE('',*,*,#15381,.F.);
#15789 = ORIENTED_EDGE('',*,*,#15015,.T.);
#15790 = ORIENTED_EDGE('',*,*,#15007,.T.);
#15791 = ORIENTED_EDGE('',*,*,#14999,.F.);
#15792 = ORIENTED_EDGE('',*,*,#15744,.F.);
#15793 = ORIENTED_EDGE('',*,*,#15660,.T.);
#15794 = ORIENTED_EDGE('',*,*,#15636,.F.);
#15795 = ORIENTED_EDGE('',*,*,#15613,.F.);
#15796 = ORIENTED_EDGE('',*,*,#15588,.T.);
#15797 = PLANE('',#15798);
#15798 = AXIS2_PLACEMENT_3D('',#15799,#15800,#15801);
#15799 = CARTESIAN_POINT('',(0.5,0.4,0.));
#15800 = DIRECTION('',(0.,1.,0.));
#15801 = DIRECTION('',(0.,-0.,1.));
#15802 = ADVANCED_FACE('',(#15803),#15808,.T.);
#15803 = FACE_BOUND('',#15804,.T.);
#15804 = EDGE_LOOP('',(#15805,#15806,#15807));
#15805 = ORIENTED_EDGE('',*,*,#15527,.T.);
#15806 = ORIENTED_EDGE('',*,*,#15503,.T.);
#15807 = ORIENTED_EDGE('',*,*,#15544,.T.);
#15808 = PLANE('',#15809);
#15809 = AXIS2_PLACEMENT_3D('',#15810,#15811,#15812);
#15810 = CARTESIAN_POINT('',(9.237604307034E-02,0.,1.5E-02));
#15811 = DIRECTION('',(-0.,-0.,-1.));
#15812 = DIRECTION('',(-1.,0.,0.));
#15813 = ( GEOMETRIC_REPRESENTATION_CONTEXT(3) 
GLOBAL_UNCERTAINTY_ASSIGNED_CONTEXT((#15817)) 
GLOBAL_UNIT_ASSIGNED_CONTEXT((#15814,#15815,#15816)) 
REPRESENTATION_CONTEXT('Context #1',
  '3D Context with UNIT and UNCERTAINTY') );
#15814 = ( LENGTH_UNIT() NAMED_UNIT(*) SI_UNIT(.MILLI.,.METRE.) );
#15815 = ( NAMED_UNIT(*) PLANE_ANGLE_UNIT() SI_UNIT($,.RADIAN.) );
#15816 = ( NAMED_UNIT(*) SI_UNIT($,.STERADIAN.) SOLID_ANGLE_UNIT() );
#15817 = UNCERTAINTY_MEASURE_WITH_UNIT(LENGTH_MEASURE(1.E-07),#15814,
  'distance_accuracy_value','confusion accuracy');
#15818 = CONTEXT_DEPENDENT_SHAPE_REPRESENTATION(#15819,#15821);
#15819 = ( REPRESENTATION_RELATIONSHIP('','',#14289,#10) 
REPRESENTATION_RELATIONSHIP_WITH_TRANSFORMATION(#15820) 
SHAPE_REPRESENTATION_RELATIONSHIP() );
#15820 = ITEM_DEFINED_TRANSFORMATION('','',#11,#91);
#15821 = PRODUCT_DEFINITION_SHAPE('Placement','Placement of an item',
  #15822);
#15822 = NEXT_ASSEMBLY_USAGE_OCCURRENCE('20','D3','',#5,#14284,$);
#15823 = PRODUCT_RELATED_PRODUCT_CATEGORY('part',$,(#14286));
#15824 = CONTEXT_DEPENDENT_SHAPE_REPRESENTATION(#15825,#15827);
#15825 = ( REPRESENTATION_RELATIONSHIP('','',#116,#10) 
REPRESENTATION_RELATIONSHIP_WITH_TRANSFORMATION(#15826) 
SHAPE_REPRESENTATION_RELATIONSHIP() );
#15826 = ITEM_DEFINED_TRANSFORMATION('','',#11,#95);
#15827 = PRODUCT_DEFINITION_SHAPE('Placement','Placement of an item',
  #15828);
#15828 = NEXT_ASSEMBLY_USAGE_OCCURRENCE('21','R7','',#5,#111,$);
#15829 = SHAPE_DEFINITION_REPRESENTATION(#15830,#15836);
#15830 = PRODUCT_DEFINITION_SHAPE('','',#15831);
#15831 = PRODUCT_DEFINITION('design','',#15832,#15835);
#15832 = PRODUCT_DEFINITION_FORMATION('','',#15833);
#15833 = PRODUCT('kibot_kl3ylzaj_PCB','kibot_kl3ylzaj_PCB','',(#15834));
#15834 = PRODUCT_CONTEXT('',#2,'mechanical');
#15835 = PRODUCT_DEFINITION_CONTEXT('part definition',#2,'design');
#15836 = ADVANCED_BREP_SHAPE_REPRESENTATION('',(#11,#15837),#16956);
#15837 = MANIFOLD_SOLID_BREP('',#15838);
#15838 = CLOSED_SHELL('',(#15839,#15881,#15912,#15945,#16215,#16485,
    #16502,#16519,#16536,#16553,#16570,#16587,#16604,#16621,#16638,
    #16655,#16672,#16689,#16706,#16723,#16740,#16757,#16774,#16791,
    #16808,#16825,#16837,#16854,#16871,#16888,#16905,#16922,#16939));
#15839 = ADVANCED_FACE('',(#15840),#15876,.T.);
#15840 = FACE_BOUND('',#15841,.T.);
#15841 = EDGE_LOOP('',(#15842,#15852,#15861,#15869));
#15842 = ORIENTED_EDGE('',*,*,#15843,.T.);
#15843 = EDGE_CURVE('',#15844,#15846,#15848,.T.);
#15844 = VERTEX_POINT('',#15845);
#15845 = CARTESIAN_POINT('',(175.246875,-88.251017,0.));
#15846 = VERTEX_POINT('',#15847);
#15847 = CARTESIAN_POINT('',(175.246875,-88.251017,1.51));
#15848 = LINE('',#15849,#15850);
#15849 = CARTESIAN_POINT('',(175.246875,-88.251017,0.));
#15850 = VECTOR('',#15851,1.);
#15851 = DIRECTION('',(0.,0.,1.));
#15852 = ORIENTED_EDGE('',*,*,#15853,.T.);
#15853 = EDGE_CURVE('',#15846,#15854,#15856,.T.);
#15854 = VERTEX_POINT('',#15855);
#15855 = CARTESIAN_POINT('',(175.444494,-88.420248,1.51));
#15856 = CIRCLE('',#15857,0.199832571662);
#15857 = AXIS2_PLACEMENT_3D('',#15858,#15859,#15860);
#15858 = CARTESIAN_POINT('',(175.24701842262,-88.45084952019,1.51));
#15859 = DIRECTION('',(0.,0.,-1.));
#15860 = DIRECTION('',(-7.177139618111E-04,0.999999742443,0.));
#15861 = ORIENTED_EDGE('',*,*,#15862,.F.);
#15862 = EDGE_CURVE('',#15863,#15854,#15865,.T.);
#15863 = VERTEX_POINT('',#15864);
#15864 = CARTESIAN_POINT('',(175.444494,-88.420248,0.));
#15865 = LINE('',#15866,#15867);
#15866 = CARTESIAN_POINT('',(175.444494,-88.420248,0.));
#15867 = VECTOR('',#15868,1.);
#15868 = DIRECTION('',(0.,0.,1.));
#15869 = ORIENTED_EDGE('',*,*,#15870,.F.);
#15870 = EDGE_CURVE('',#15844,#15863,#15871,.T.);
#15871 = CIRCLE('',#15872,0.199832571662);
#15872 = AXIS2_PLACEMENT_3D('',#15873,#15874,#15875);
#15873 = CARTESIAN_POINT('',(175.24701842262,-88.45084952019,0.));
#15874 = DIRECTION('',(0.,0.,-1.));
#15875 = DIRECTION('',(-7.177139618111E-04,0.999999742443,0.));
#15876 = CYLINDRICAL_SURFACE('',#15877,0.199832571662);
#15877 = AXIS2_PLACEMENT_3D('',#15878,#15879,#15880);
#15878 = CARTESIAN_POINT('',(175.24701842262,-88.45084952019,0.));
#15879 = DIRECTION('',(0.,0.,-1.));
#15880 = DIRECTION('',(-7.177139618111E-04,0.999999742443,0.));
#15881 = ADVANCED_FACE('',(#15882),#15907,.T.);
#15882 = FACE_BOUND('',#15883,.T.);
#15883 = EDGE_LOOP('',(#15884,#15894,#15900,#15901));
#15884 = ORIENTED_EDGE('',*,*,#15885,.T.);
#15885 = EDGE_CURVE('',#15886,#15888,#15890,.T.);
#15886 = VERTEX_POINT('',#15887);
#15887 = CARTESIAN_POINT('',(157.815921,-88.251017,0.));
#15888 = VERTEX_POINT('',#15889);
#15889 = CARTESIAN_POINT('',(157.815921,-88.251017,1.51));
#15890 = LINE('',#15891,#15892);
#15891 = CARTESIAN_POINT('',(157.815921,-88.251017,0.));
#15892 = VECTOR('',#15893,1.);
#15893 = DIRECTION('',(0.,0.,1.));
#15894 = ORIENTED_EDGE('',*,*,#15895,.T.);
#15895 = EDGE_CURVE('',#15888,#15846,#15896,.T.);
#15896 = LINE('',#15897,#15898);
#15897 = CARTESIAN_POINT('',(157.815921,-88.251017,1.51));
#15898 = VECTOR('',#15899,1.);
#15899 = DIRECTION('',(1.,0.,0.));
#15900 = ORIENTED_EDGE('',*,*,#15843,.F.);
#15901 = ORIENTED_EDGE('',*,*,#15902,.F.);
#15902 = EDGE_CURVE('',#15886,#15844,#15903,.T.);
#15903 = LINE('',#15904,#15905);
#15904 = CARTESIAN_POINT('',(157.815921,-88.251017,0.));
#15905 = VECTOR('',#15906,1.);
#15906 = DIRECTION('',(1.,0.,0.));
#15907 = PLANE('',#15908);
#15908 = AXIS2_PLACEMENT_3D('',#15909,#15910,#15911);
#15909 = CARTESIAN_POINT('',(157.815921,-88.251017,0.));
#15910 = DIRECTION('',(0.,1.,0.));
#15911 = DIRECTION('',(1.,0.,0.));
#15912 = ADVANCED_FACE('',(#15913),#15940,.F.);
#15913 = FACE_BOUND('',#15914,.T.);
#15914 = EDGE_LOOP('',(#15915,#15916,#15925,#15933));
#15915 = ORIENTED_EDGE('',*,*,#15862,.T.);
#15916 = ORIENTED_EDGE('',*,*,#15917,.T.);
#15917 = EDGE_CURVE('',#15854,#15918,#15920,.T.);
#15918 = VERTEX_POINT('',#15919);
#15919 = CARTESIAN_POINT('',(177.618303,-88.420248,1.51));
#15920 = CIRCLE('',#15921,1.100000281209);
#15921 = AXIS2_PLACEMENT_3D('',#15922,#15923,#15924);
#15922 = CARTESIAN_POINT('',(176.5313985,-88.25101671879,1.51));
#15923 = DIRECTION('',(0.,0.,1.));
#15924 = DIRECTION('',(-0.988094747399,-0.153846579951,0.));
#15925 = ORIENTED_EDGE('',*,*,#15926,.F.);
#15926 = EDGE_CURVE('',#15927,#15918,#15929,.T.);
#15927 = VERTEX_POINT('',#15928);
#15928 = CARTESIAN_POINT('',(177.618303,-88.420248,0.));
#15929 = LINE('',#15930,#15931);
#15930 = CARTESIAN_POINT('',(177.618303,-88.420248,0.));
#15931 = VECTOR('',#15932,1.);
#15932 = DIRECTION('',(0.,0.,1.));
#15933 = ORIENTED_EDGE('',*,*,#15934,.F.);
#15934 = EDGE_CURVE('',#15863,#15927,#15935,.T.);
#15935 = CIRCLE('',#15936,1.100000281209);
#15936 = AXIS2_PLACEMENT_3D('',#15937,#15938,#15939);
#15937 = CARTESIAN_POINT('',(176.5313985,-88.25101671879,0.));
#15938 = DIRECTION('',(0.,0.,1.));
#15939 = DIRECTION('',(-0.988094747399,-0.153846579951,0.));
#15940 = CYLINDRICAL_SURFACE('',#15941,1.100000281209);
#15941 = AXIS2_PLACEMENT_3D('',#15942,#15943,#15944);
#15942 = CARTESIAN_POINT('',(176.5313985,-88.25101671879,0.));
#15943 = DIRECTION('',(-0.,-0.,-1.));
#15944 = DIRECTION('',(-0.988094747399,-0.153846579951,0.));
#15945 = ADVANCED_FACE('',(#15946,#16133,#16144,#16155,#16166,#16177,
    #16188,#16199),#16210,.F.);
#15946 = FACE_BOUND('',#15947,.F.);
#15947 = EDGE_LOOP('',(#15948,#15949,#15950,#15959,#15968,#15977,#15985,
    #15994,#16003,#16012,#16020,#16029,#16038,#16047,#16055,#16064,
    #16073,#16082,#16090,#16099,#16108,#16117,#16125,#16132));
#15948 = ORIENTED_EDGE('',*,*,#15870,.F.);
#15949 = ORIENTED_EDGE('',*,*,#15902,.F.);
#15950 = ORIENTED_EDGE('',*,*,#15951,.F.);
#15951 = EDGE_CURVE('',#15952,#15886,#15954,.T.);
#15952 = VERTEX_POINT('',#15953);
#15953 = CARTESIAN_POINT('',(157.618303,-88.420248,0.));
#15954 = CIRCLE('',#15955,0.200075322511);
#15955 = AXIS2_PLACEMENT_3D('',#15956,#15957,#15958);
#15956 = CARTESIAN_POINT('',(157.81598649224,-88.45109231179,0.));
#15957 = DIRECTION('',(0.,0.,-1.));
#15958 = DIRECTION('',(-0.988045350963,0.15416349905,0.));
#15959 = ORIENTED_EDGE('',*,*,#15960,.F.);
#15960 = EDGE_CURVE('',#15961,#15952,#15963,.T.);
#15961 = VERTEX_POINT('',#15962);
#15962 = CARTESIAN_POINT('',(156.700629,-89.337921,0.));
#15963 = CIRCLE('',#15964,1.100039550388);
#15964 = AXIS2_PLACEMENT_3D('',#15965,#15966,#15967);
#15965 = CARTESIAN_POINT('',(156.53136416657,-88.25098198212,0.));
#15966 = DIRECTION('',(0.,0.,1.));
#15967 = DIRECTION('',(0.153871588859,-0.988090853182,0.));
#15968 = ORIENTED_EDGE('',*,*,#15969,.F.);
#15969 = EDGE_CURVE('',#15970,#15961,#15972,.T.);
#15970 = VERTEX_POINT('',#15971);
#15971 = CARTESIAN_POINT('',(156.531398,-89.53554,0.));
#15972 = CIRCLE('',#15973,0.19991601835);
#15973 = AXIS2_PLACEMENT_3D('',#15974,#15975,#15976);
#15974 = CARTESIAN_POINT('',(156.73131400541,-89.53546806992,0.));
#15975 = DIRECTION('',(0.,0.,-1.));
#15976 = DIRECTION('',(-0.999999935271,-3.598014590732E-04,-0.));
#15977 = ORIENTED_EDGE('',*,*,#15978,.F.);
#15978 = EDGE_CURVE('',#15979,#15970,#15981,.T.);
#15979 = VERTEX_POINT('',#15980);
#15980 = CARTESIAN_POINT('',(156.531398,-106.966494,0.));
#15981 = LINE('',#15982,#15983);
#15982 = CARTESIAN_POINT('',(156.531398,-106.966494,0.));
#15983 = VECTOR('',#15984,1.);
#15984 = DIRECTION('',(0.,1.,0.));
#15985 = ORIENTED_EDGE('',*,*,#15986,.F.);
#15986 = EDGE_CURVE('',#15987,#15979,#15989,.T.);
#15987 = VERTEX_POINT('',#15988);
#15988 = CARTESIAN_POINT('',(156.700629,-107.164113,0.));
#15989 = CIRCLE('',#15990,0.200095218775);
#15990 = AXIS2_PLACEMENT_3D('',#15991,#15992,#15993);
#15991 = CARTESIAN_POINT('',(156.73149320216,-106.9664124749,0.));
#15992 = DIRECTION('',(0.,0.,-1.));
#15993 = DIRECTION('',(-0.154247574511,-0.988032229109,-0.));
#15994 = ORIENTED_EDGE('',*,*,#15995,.F.);
#15995 = EDGE_CURVE('',#15996,#15987,#15998,.T.);
#15996 = VERTEX_POINT('',#15997);
#15997 = CARTESIAN_POINT('',(157.618303,-108.081786,0.));
#15998 = CIRCLE('',#15999,1.10001878907);
#15999 = AXIS2_PLACEMENT_3D('',#16000,#16001,#16002);
#16000 = CARTESIAN_POINT('',(156.53138234703,-108.2510338373,0.));
#16001 = DIRECTION('',(0.,0.,1.));
#16002 = DIRECTION('',(0.988092806928,0.153859042298,-0.));
#16003 = ORIENTED_EDGE('',*,*,#16004,.F.);
#16004 = EDGE_CURVE('',#16005,#15996,#16007,.T.);
#16005 = VERTEX_POINT('',#16006);
#16006 = CARTESIAN_POINT('',(157.815921,-108.251017,0.));
#16007 = CIRCLE('',#16008,0.199942713743);
#16008 = AXIS2_PLACEMENT_3D('',#16009,#16010,#16011);
#16009 = CARTESIAN_POINT('',(157.8158729364,-108.051074292,0.));
#16010 = DIRECTION('',(0.,0.,-1.));
#16011 = DIRECTION('',(2.403868089234E-04,-0.999999971107,0.));
#16012 = ORIENTED_EDGE('',*,*,#16013,.F.);
#16013 = EDGE_CURVE('',#16014,#16005,#16016,.T.);
#16014 = VERTEX_POINT('',#16015);
#16015 = CARTESIAN_POINT('',(175.246875,-108.251017,0.));
#16016 = LINE('',#16017,#16018);
#16017 = CARTESIAN_POINT('',(175.246875,-108.251017,0.));
#16018 = VECTOR('',#16019,1.);
#16019 = DIRECTION('',(-1.,0.,0.));
#16020 = ORIENTED_EDGE('',*,*,#16021,.F.);
#16021 = EDGE_CURVE('',#16022,#16014,#16024,.T.);
#16022 = VERTEX_POINT('',#16023);
#16023 = CARTESIAN_POINT('',(175.444494,-108.081786,0.));
#16024 = CIRCLE('',#16025,0.20005921189);
#16025 = AXIS2_PLACEMENT_3D('',#16026,#16027,#16028);
#16026 = CARTESIAN_POINT('',(175.24682430072,-108.0509577945,0.));
#16027 = DIRECTION('',(0.,0.,-1.));
#16028 = DIRECTION('',(0.988055973046,-0.154095405929,0.));
#16029 = ORIENTED_EDGE('',*,*,#16030,.F.);
#16030 = EDGE_CURVE('',#16031,#16022,#16033,.T.);
#16031 = VERTEX_POINT('',#16032);
#16032 = CARTESIAN_POINT('',(177.618303,-108.081786,0.));
#16033 = CIRCLE('',#16034,1.100000099391);
#16034 = AXIS2_PLACEMENT_3D('',#16035,#16036,#16037);
#16035 = CARTESIAN_POINT('',(176.5313985,-108.2510160993,0.));
#16036 = DIRECTION('',(0.,0.,1.));
#16037 = DIRECTION('',(0.98809491072,0.153845531,-0.));
#16038 = ORIENTED_EDGE('',*,*,#16039,.F.);
#16039 = EDGE_CURVE('',#16040,#16031,#16042,.T.);
#16040 = VERTEX_POINT('',#16041);
#16041 = CARTESIAN_POINT('',(177.815921,-108.251017,0.));
#16042 = CIRCLE('',#16043,0.199942713743);
#16043 = AXIS2_PLACEMENT_3D('',#16044,#16045,#16046);
#16044 = CARTESIAN_POINT('',(177.8158729364,-108.051074292,0.));
#16045 = DIRECTION('',(0.,0.,-1.));
#16046 = DIRECTION('',(2.403868089234E-04,-0.999999971107,0.));
#16047 = ORIENTED_EDGE('',*,*,#16048,.F.);
#16048 = EDGE_CURVE('',#16049,#16040,#16051,.T.);
#16049 = VERTEX_POINT('',#16050);
#16050 = CARTESIAN_POINT('',(195.246875,-108.251017,0.));
#16051 = LINE('',#16052,#16053);
#16052 = CARTESIAN_POINT('',(195.246875,-108.251017,0.));
#16053 = VECTOR('',#16054,1.);
#16054 = DIRECTION('',(-1.,0.,0.));
#16055 = ORIENTED_EDGE('',*,*,#16056,.F.);
#16056 = EDGE_CURVE('',#16057,#16049,#16059,.T.);
#16057 = VERTEX_POINT('',#16058);
#16058 = CARTESIAN_POINT('',(195.444494,-108.081786,0.));
#16059 = CIRCLE('',#16060,0.200143971123);
#16060 = AXIS2_PLACEMENT_3D('',#16061,#16062,#16063);
#16061 = CARTESIAN_POINT('',(195.24675174417,-108.0508730668,0.));
#16062 = DIRECTION('',(0.,0.,-1.));
#16063 = DIRECTION('',(0.988000061745,-0.154453481646,0.));
#16064 = ORIENTED_EDGE('',*,*,#16065,.F.);
#16065 = EDGE_CURVE('',#16066,#16057,#16068,.T.);
#16066 = VERTEX_POINT('',#16067);
#16067 = CARTESIAN_POINT('',(196.362167,-107.164113,0.));
#16068 = CIRCLE('',#16069,1.099959876477);
#16069 = AXIS2_PLACEMENT_3D('',#16070,#16071,#16072);
#16070 = CARTESIAN_POINT('',(196.53136308768,-108.2509820876,0.));
#16071 = DIRECTION('',(0.,0.,1.));
#16072 = DIRECTION('',(-0.153820235907,0.988098848813,0.));
#16073 = ORIENTED_EDGE('',*,*,#16074,.F.);
#16074 = EDGE_CURVE('',#16075,#16066,#16077,.T.);
#16075 = VERTEX_POINT('',#16076);
#16076 = CARTESIAN_POINT('',(196.531398,-106.966494,0.));
#16077 = CIRCLE('',#16078,0.199861283915);
#16078 = AXIS2_PLACEMENT_3D('',#16079,#16080,#16081);
#16079 = CARTESIAN_POINT('',(196.3315367514,-106.966612821,0.));
#16080 = DIRECTION('',(0.,0.,-1.));
#16081 = DIRECTION('',(0.999999823274,5.945176743108E-04,0.));
#16082 = ORIENTED_EDGE('',*,*,#16083,.F.);
#16083 = EDGE_CURVE('',#16084,#16075,#16086,.T.);
#16084 = VERTEX_POINT('',#16085);
#16085 = CARTESIAN_POINT('',(196.531398,-89.53554,0.));
#16086 = LINE('',#16087,#16088);
#16087 = CARTESIAN_POINT('',(196.531398,-89.53554,0.));
#16088 = VECTOR('',#16089,1.);
#16089 = DIRECTION('',(0.,-1.,0.));
#16090 = ORIENTED_EDGE('',*,*,#16091,.F.);
#16091 = EDGE_CURVE('',#16092,#16084,#16094,.T.);
#16092 = VERTEX_POINT('',#16093);
#16093 = CARTESIAN_POINT('',(196.362167,-89.337921,0.));
#16094 = CIRCLE('',#16095,0.200038980989);
#16095 = AXIS2_PLACEMENT_3D('',#16096,#16097,#16098);
#16096 = CARTESIAN_POINT('',(196.33135902179,-89.53557337765,0.));
#16097 = DIRECTION('',(0.,0.,-1.));
#16098 = DIRECTION('',(0.154009873734,0.988069308699,0.));
#16099 = ORIENTED_EDGE('',*,*,#16100,.F.);
#16100 = EDGE_CURVE('',#16101,#16092,#16103,.T.);
#16101 = VERTEX_POINT('',#16102);
#16102 = CARTESIAN_POINT('',(195.444494,-88.420248,0.));
#16103 = CIRCLE('',#16104,1.099986565872);
#16104 = AXIS2_PLACEMENT_3D('',#16105,#16106,#16107);
#16105 = CARTESIAN_POINT('',(196.53138645994,-88.25102854006,0.));
#16106 = DIRECTION('',(0.,0.,1.));
#16107 = DIRECTION('',(-0.988096121955,-0.15383775147,0.));
#16108 = ORIENTED_EDGE('',*,*,#16109,.F.);
#16109 = EDGE_CURVE('',#16110,#16101,#16112,.T.);
#16110 = VERTEX_POINT('',#16111);
#16111 = CARTESIAN_POINT('',(195.246875,-88.251017,0.));
#16112 = CIRCLE('',#16113,0.199832571662);
#16113 = AXIS2_PLACEMENT_3D('',#16114,#16115,#16116);
#16114 = CARTESIAN_POINT('',(195.24701842262,-88.45084952019,0.));
#16115 = DIRECTION('',(0.,0.,-1.));
#16116 = DIRECTION('',(-7.177139618111E-04,0.999999742443,0.));
#16117 = ORIENTED_EDGE('',*,*,#16118,.F.);
#16118 = EDGE_CURVE('',#16119,#16110,#16121,.T.);
#16119 = VERTEX_POINT('',#16120);
#16120 = CARTESIAN_POINT('',(177.815921,-88.251017,0.));
#16121 = LINE('',#16122,#16123);
#16122 = CARTESIAN_POINT('',(177.815921,-88.251017,0.));
#16123 = VECTOR('',#16124,1.);
#16124 = DIRECTION('',(1.,0.,0.));
#16125 = ORIENTED_EDGE('',*,*,#16126,.F.);
#16126 = EDGE_CURVE('',#15927,#16119,#16127,.T.);
#16127 = CIRCLE('',#16128,0.200075322511);
#16128 = AXIS2_PLACEMENT_3D('',#16129,#16130,#16131);
#16129 = CARTESIAN_POINT('',(177.81598649224,-88.45109231179,0.));
#16130 = DIRECTION('',(0.,0.,-1.));
#16131 = DIRECTION('',(-0.988045350963,0.15416349905,0.));
#16132 = ORIENTED_EDGE('',*,*,#15934,.F.);
#16133 = FACE_BOUND('',#16134,.F.);
#16134 = EDGE_LOOP('',(#16135));
#16135 = ORIENTED_EDGE('',*,*,#16136,.T.);
#16136 = EDGE_CURVE('',#16137,#16137,#16139,.T.);
#16137 = VERTEX_POINT('',#16138);
#16138 = CARTESIAN_POINT('',(161.72,-102.47,0.));
#16139 = CIRCLE('',#16140,0.6);
#16140 = AXIS2_PLACEMENT_3D('',#16141,#16142,#16143);
#16141 = CARTESIAN_POINT('',(161.72,-101.87,0.));
#16142 = DIRECTION('',(-0.,0.,-1.));
#16143 = DIRECTION('',(-0.,-1.,0.));
#16144 = FACE_BOUND('',#16145,.F.);
#16145 = EDGE_LOOP('',(#16146));
#16146 = ORIENTED_EDGE('',*,*,#16147,.T.);
#16147 = EDGE_CURVE('',#16148,#16148,#16150,.T.);
#16148 = VERTEX_POINT('',#16149);
#16149 = CARTESIAN_POINT('',(161.72,-98.97,0.));
#16150 = CIRCLE('',#16151,0.6);
#16151 = AXIS2_PLACEMENT_3D('',#16152,#16153,#16154);
#16152 = CARTESIAN_POINT('',(161.72,-98.37,0.));
#16153 = DIRECTION('',(-0.,0.,-1.));
#16154 = DIRECTION('',(-0.,-1.,0.));
#16155 = FACE_BOUND('',#16156,.F.);
#16156 = EDGE_LOOP('',(#16157));
#16157 = ORIENTED_EDGE('',*,*,#16158,.T.);
#16158 = EDGE_CURVE('',#16159,#16159,#16161,.T.);
#16159 = VERTEX_POINT('',#16160);
#16160 = CARTESIAN_POINT('',(193.51,-102.485,0.));
#16161 = CIRCLE('',#16162,0.475);
#16162 = AXIS2_PLACEMENT_3D('',#16163,#16164,#16165);
#16163 = CARTESIAN_POINT('',(193.51,-102.01,0.));
#16164 = DIRECTION('',(-0.,0.,-1.));
#16165 = DIRECTION('',(-0.,-1.,0.));
#16166 = FACE_BOUND('',#16167,.F.);
#16167 = EDGE_LOOP('',(#16168));
#16168 = ORIENTED_EDGE('',*,*,#16169,.T.);
#16169 = EDGE_CURVE('',#16170,#16170,#16172,.T.);
#16170 = VERTEX_POINT('',#16171);
#16171 = CARTESIAN_POINT('',(193.51,-99.985,0.));
#16172 = CIRCLE('',#16173,0.475);
#16173 = AXIS2_PLACEMENT_3D('',#16174,#16175,#16176);
#16174 = CARTESIAN_POINT('',(193.51,-99.51,0.));
#16175 = DIRECTION('',(-0.,0.,-1.));
#16176 = DIRECTION('',(-0.,-1.,0.));
#16177 = FACE_BOUND('',#16178,.F.);
#16178 = EDGE_LOOP('',(#16179));
#16179 = ORIENTED_EDGE('',*,*,#16180,.T.);
#16180 = EDGE_CURVE('',#16181,#16181,#16183,.T.);
#16181 = VERTEX_POINT('',#16182);
#16182 = CARTESIAN_POINT('',(161.72,-95.47,0.));
#16183 = CIRCLE('',#16184,0.6);
#16184 = AXIS2_PLACEMENT_3D('',#16185,#16186,#16187);
#16185 = CARTESIAN_POINT('',(161.72,-94.87,0.));
#16186 = DIRECTION('',(-0.,0.,-1.));
#16187 = DIRECTION('',(-0.,-1.,0.));
#16188 = FACE_BOUND('',#16189,.F.);
#16189 = EDGE_LOOP('',(#16190));
#16190 = ORIENTED_EDGE('',*,*,#16191,.T.);
#16191 = EDGE_CURVE('',#16192,#16192,#16194,.T.);
#16192 = VERTEX_POINT('',#16193);
#16193 = CARTESIAN_POINT('',(193.51,-97.485,0.));
#16194 = CIRCLE('',#16195,0.475);
#16195 = AXIS2_PLACEMENT_3D('',#16196,#16197,#16198);
#16196 = CARTESIAN_POINT('',(193.51,-97.01,0.));
#16197 = DIRECTION('',(-0.,0.,-1.));
#16198 = DIRECTION('',(-0.,-1.,0.));
#16199 = FACE_BOUND('',#16200,.F.);
#16200 = EDGE_LOOP('',(#16201));
#16201 = ORIENTED_EDGE('',*,*,#16202,.T.);
#16202 = EDGE_CURVE('',#16203,#16203,#16205,.T.);
#16203 = VERTEX_POINT('',#16204);
#16204 = CARTESIAN_POINT('',(193.51,-94.985,0.));
#16205 = CIRCLE('',#16206,0.475);
#16206 = AXIS2_PLACEMENT_3D('',#16207,#16208,#16209);
#16207 = CARTESIAN_POINT('',(193.51,-94.51,0.));
#16208 = DIRECTION('',(-0.,0.,-1.));
#16209 = DIRECTION('',(-0.,-1.,0.));
#16210 = PLANE('',#16211);
#16211 = AXIS2_PLACEMENT_3D('',#16212,#16213,#16214);
#16212 = CARTESIAN_POINT('',(0.,0.,0.));
#16213 = DIRECTION('',(0.,0.,1.));
#16214 = DIRECTION('',(1.,0.,-0.));
#16215 = ADVANCED_FACE('',(#16216,#16403,#16414,#16425,#16436,#16447,
    #16458,#16469),#16480,.T.);
#16216 = FACE_BOUND('',#16217,.T.);
#16217 = EDGE_LOOP('',(#16218,#16219,#16220,#16229,#16238,#16247,#16255,
    #16264,#16273,#16282,#16290,#16299,#16308,#16317,#16325,#16334,
    #16343,#16352,#16360,#16369,#16378,#16387,#16395,#16402));
#16218 = ORIENTED_EDGE('',*,*,#15853,.F.);
#16219 = ORIENTED_EDGE('',*,*,#15895,.F.);
#16220 = ORIENTED_EDGE('',*,*,#16221,.F.);
#16221 = EDGE_CURVE('',#16222,#15888,#16224,.T.);
#16222 = VERTEX_POINT('',#16223);
#16223 = CARTESIAN_POINT('',(157.618303,-88.420248,1.51));
#16224 = CIRCLE('',#16225,0.200075322511);
#16225 = AXIS2_PLACEMENT_3D('',#16226,#16227,#16228);
#16226 = CARTESIAN_POINT('',(157.81598649224,-88.45109231179,1.51));
#16227 = DIRECTION('',(0.,0.,-1.));
#16228 = DIRECTION('',(-0.988045350963,0.15416349905,0.));
#16229 = ORIENTED_EDGE('',*,*,#16230,.F.);
#16230 = EDGE_CURVE('',#16231,#16222,#16233,.T.);
#16231 = VERTEX_POINT('',#16232);
#16232 = CARTESIAN_POINT('',(156.700629,-89.337921,1.51));
#16233 = CIRCLE('',#16234,1.100039550388);
#16234 = AXIS2_PLACEMENT_3D('',#16235,#16236,#16237);
#16235 = CARTESIAN_POINT('',(156.53136416657,-88.25098198212,1.51));
#16236 = DIRECTION('',(0.,0.,1.));
#16237 = DIRECTION('',(0.153871588859,-0.988090853182,0.));
#16238 = ORIENTED_EDGE('',*,*,#16239,.F.);
#16239 = EDGE_CURVE('',#16240,#16231,#16242,.T.);
#16240 = VERTEX_POINT('',#16241);
#16241 = CARTESIAN_POINT('',(156.531398,-89.53554,1.51));
#16242 = CIRCLE('',#16243,0.19991601835);
#16243 = AXIS2_PLACEMENT_3D('',#16244,#16245,#16246);
#16244 = CARTESIAN_POINT('',(156.73131400541,-89.53546806992,1.51));
#16245 = DIRECTION('',(0.,0.,-1.));
#16246 = DIRECTION('',(-0.999999935271,-3.598014590732E-04,-0.));
#16247 = ORIENTED_EDGE('',*,*,#16248,.F.);
#16248 = EDGE_CURVE('',#16249,#16240,#16251,.T.);
#16249 = VERTEX_POINT('',#16250);
#16250 = CARTESIAN_POINT('',(156.531398,-106.966494,1.51));
#16251 = LINE('',#16252,#16253);
#16252 = CARTESIAN_POINT('',(156.531398,-106.966494,1.51));
#16253 = VECTOR('',#16254,1.);
#16254 = DIRECTION('',(0.,1.,0.));
#16255 = ORIENTED_EDGE('',*,*,#16256,.F.);
#16256 = EDGE_CURVE('',#16257,#16249,#16259,.T.);
#16257 = VERTEX_POINT('',#16258);
#16258 = CARTESIAN_POINT('',(156.700629,-107.164113,1.51));
#16259 = CIRCLE('',#16260,0.200095218775);
#16260 = AXIS2_PLACEMENT_3D('',#16261,#16262,#16263);
#16261 = CARTESIAN_POINT('',(156.73149320216,-106.9664124749,1.51));
#16262 = DIRECTION('',(0.,0.,-1.));
#16263 = DIRECTION('',(-0.154247574511,-0.988032229109,-0.));
#16264 = ORIENTED_EDGE('',*,*,#16265,.F.);
#16265 = EDGE_CURVE('',#16266,#16257,#16268,.T.);
#16266 = VERTEX_POINT('',#16267);
#16267 = CARTESIAN_POINT('',(157.618303,-108.081786,1.51));
#16268 = CIRCLE('',#16269,1.10001878907);
#16269 = AXIS2_PLACEMENT_3D('',#16270,#16271,#16272);
#16270 = CARTESIAN_POINT('',(156.53138234703,-108.2510338373,1.51));
#16271 = DIRECTION('',(0.,0.,1.));
#16272 = DIRECTION('',(0.988092806928,0.153859042298,-0.));
#16273 = ORIENTED_EDGE('',*,*,#16274,.F.);
#16274 = EDGE_CURVE('',#16275,#16266,#16277,.T.);
#16275 = VERTEX_POINT('',#16276);
#16276 = CARTESIAN_POINT('',(157.815921,-108.251017,1.51));
#16277 = CIRCLE('',#16278,0.199942713743);
#16278 = AXIS2_PLACEMENT_3D('',#16279,#16280,#16281);
#16279 = CARTESIAN_POINT('',(157.8158729364,-108.051074292,1.51));
#16280 = DIRECTION('',(0.,0.,-1.));
#16281 = DIRECTION('',(2.403868089234E-04,-0.999999971107,0.));
#16282 = ORIENTED_EDGE('',*,*,#16283,.F.);
#16283 = EDGE_CURVE('',#16284,#16275,#16286,.T.);
#16284 = VERTEX_POINT('',#16285);
#16285 = CARTESIAN_POINT('',(175.246875,-108.251017,1.51));
#16286 = LINE('',#16287,#16288);
#16287 = CARTESIAN_POINT('',(175.246875,-108.251017,1.51));
#16288 = VECTOR('',#16289,1.);
#16289 = DIRECTION('',(-1.,0.,0.));
#16290 = ORIENTED_EDGE('',*,*,#16291,.F.);
#16291 = EDGE_CURVE('',#16292,#16284,#16294,.T.);
#16292 = VERTEX_POINT('',#16293);
#16293 = CARTESIAN_POINT('',(175.444494,-108.081786,1.51));
#16294 = CIRCLE('',#16295,0.20005921189);
#16295 = AXIS2_PLACEMENT_3D('',#16296,#16297,#16298);
#16296 = CARTESIAN_POINT('',(175.24682430072,-108.0509577945,1.51));
#16297 = DIRECTION('',(0.,0.,-1.));
#16298 = DIRECTION('',(0.988055973046,-0.154095405929,0.));
#16299 = ORIENTED_EDGE('',*,*,#16300,.F.);
#16300 = EDGE_CURVE('',#16301,#16292,#16303,.T.);
#16301 = VERTEX_POINT('',#16302);
#16302 = CARTESIAN_POINT('',(177.618303,-108.081786,1.51));
#16303 = CIRCLE('',#16304,1.100000099391);
#16304 = AXIS2_PLACEMENT_3D('',#16305,#16306,#16307);
#16305 = CARTESIAN_POINT('',(176.5313985,-108.2510160993,1.51));
#16306 = DIRECTION('',(0.,0.,1.));
#16307 = DIRECTION('',(0.98809491072,0.153845531,-0.));
#16308 = ORIENTED_EDGE('',*,*,#16309,.F.);
#16309 = EDGE_CURVE('',#16310,#16301,#16312,.T.);
#16310 = VERTEX_POINT('',#16311);
#16311 = CARTESIAN_POINT('',(177.815921,-108.251017,1.51));
#16312 = CIRCLE('',#16313,0.199942713743);
#16313 = AXIS2_PLACEMENT_3D('',#16314,#16315,#16316);
#16314 = CARTESIAN_POINT('',(177.8158729364,-108.051074292,1.51));
#16315 = DIRECTION('',(0.,0.,-1.));
#16316 = DIRECTION('',(2.403868089234E-04,-0.999999971107,0.));
#16317 = ORIENTED_EDGE('',*,*,#16318,.F.);
#16318 = EDGE_CURVE('',#16319,#16310,#16321,.T.);
#16319 = VERTEX_POINT('',#16320);
#16320 = CARTESIAN_POINT('',(195.246875,-108.251017,1.51));
#16321 = LINE('',#16322,#16323);
#16322 = CARTESIAN_POINT('',(195.246875,-108.251017,1.51));
#16323 = VECTOR('',#16324,1.);
#16324 = DIRECTION('',(-1.,0.,0.));
#16325 = ORIENTED_EDGE('',*,*,#16326,.F.);
#16326 = EDGE_CURVE('',#16327,#16319,#16329,.T.);
#16327 = VERTEX_POINT('',#16328);
#16328 = CARTESIAN_POINT('',(195.444494,-108.081786,1.51));
#16329 = CIRCLE('',#16330,0.200143971123);
#16330 = AXIS2_PLACEMENT_3D('',#16331,#16332,#16333);
#16331 = CARTESIAN_POINT('',(195.24675174417,-108.0508730668,1.51));
#16332 = DIRECTION('',(0.,0.,-1.));
#16333 = DIRECTION('',(0.988000061745,-0.154453481646,0.));
#16334 = ORIENTED_EDGE('',*,*,#16335,.F.);
#16335 = EDGE_CURVE('',#16336,#16327,#16338,.T.);
#16336 = VERTEX_POINT('',#16337);
#16337 = CARTESIAN_POINT('',(196.362167,-107.164113,1.51));
#16338 = CIRCLE('',#16339,1.099959876477);
#16339 = AXIS2_PLACEMENT_3D('',#16340,#16341,#16342);
#16340 = CARTESIAN_POINT('',(196.53136308768,-108.2509820876,1.51));
#16341 = DIRECTION('',(0.,0.,1.));
#16342 = DIRECTION('',(-0.153820235907,0.988098848813,0.));
#16343 = ORIENTED_EDGE('',*,*,#16344,.F.);
#16344 = EDGE_CURVE('',#16345,#16336,#16347,.T.);
#16345 = VERTEX_POINT('',#16346);
#16346 = CARTESIAN_POINT('',(196.531398,-106.966494,1.51));
#16347 = CIRCLE('',#16348,0.199861283915);
#16348 = AXIS2_PLACEMENT_3D('',#16349,#16350,#16351);
#16349 = CARTESIAN_POINT('',(196.3315367514,-106.966612821,1.51));
#16350 = DIRECTION('',(0.,0.,-1.));
#16351 = DIRECTION('',(0.999999823274,5.945176743108E-04,0.));
#16352 = ORIENTED_EDGE('',*,*,#16353,.F.);
#16353 = EDGE_CURVE('',#16354,#16345,#16356,.T.);
#16354 = VERTEX_POINT('',#16355);
#16355 = CARTESIAN_POINT('',(196.531398,-89.53554,1.51));
#16356 = LINE('',#16357,#16358);
#16357 = CARTESIAN_POINT('',(196.531398,-89.53554,1.51));
#16358 = VECTOR('',#16359,1.);
#16359 = DIRECTION('',(0.,-1.,0.));
#16360 = ORIENTED_EDGE('',*,*,#16361,.F.);
#16361 = EDGE_CURVE('',#16362,#16354,#16364,.T.);
#16362 = VERTEX_POINT('',#16363);
#16363 = CARTESIAN_POINT('',(196.362167,-89.337921,1.51));
#16364 = CIRCLE('',#16365,0.200038980989);
#16365 = AXIS2_PLACEMENT_3D('',#16366,#16367,#16368);
#16366 = CARTESIAN_POINT('',(196.33135902179,-89.53557337765,1.51));
#16367 = DIRECTION('',(0.,0.,-1.));
#16368 = DIRECTION('',(0.154009873734,0.988069308699,0.));
#16369 = ORIENTED_EDGE('',*,*,#16370,.F.);
#16370 = EDGE_CURVE('',#16371,#16362,#16373,.T.);
#16371 = VERTEX_POINT('',#16372);
#16372 = CARTESIAN_POINT('',(195.444494,-88.420248,1.51));
#16373 = CIRCLE('',#16374,1.099986565872);
#16374 = AXIS2_PLACEMENT_3D('',#16375,#16376,#16377);
#16375 = CARTESIAN_POINT('',(196.53138645994,-88.25102854006,1.51));
#16376 = DIRECTION('',(0.,0.,1.));
#16377 = DIRECTION('',(-0.988096121955,-0.15383775147,0.));
#16378 = ORIENTED_EDGE('',*,*,#16379,.F.);
#16379 = EDGE_CURVE('',#16380,#16371,#16382,.T.);
#16380 = VERTEX_POINT('',#16381);
#16381 = CARTESIAN_POINT('',(195.246875,-88.251017,1.51));
#16382 = CIRCLE('',#16383,0.199832571662);
#16383 = AXIS2_PLACEMENT_3D('',#16384,#16385,#16386);
#16384 = CARTESIAN_POINT('',(195.24701842262,-88.45084952019,1.51));
#16385 = DIRECTION('',(0.,0.,-1.));
#16386 = DIRECTION('',(-7.177139618111E-04,0.999999742443,0.));
#16387 = ORIENTED_EDGE('',*,*,#16388,.F.);
#16388 = EDGE_CURVE('',#16389,#16380,#16391,.T.);
#16389 = VERTEX_POINT('',#16390);
#16390 = CARTESIAN_POINT('',(177.815921,-88.251017,1.51));
#16391 = LINE('',#16392,#16393);
#16392 = CARTESIAN_POINT('',(177.815921,-88.251017,1.51));
#16393 = VECTOR('',#16394,1.);
#16394 = DIRECTION('',(1.,0.,0.));
#16395 = ORIENTED_EDGE('',*,*,#16396,.F.);
#16396 = EDGE_CURVE('',#15918,#16389,#16397,.T.);
#16397 = CIRCLE('',#16398,0.200075322511);
#16398 = AXIS2_PLACEMENT_3D('',#16399,#16400,#16401);
#16399 = CARTESIAN_POINT('',(177.81598649224,-88.45109231179,1.51));
#16400 = DIRECTION('',(0.,0.,-1.));
#16401 = DIRECTION('',(-0.988045350963,0.15416349905,0.));
#16402 = ORIENTED_EDGE('',*,*,#15917,.F.);
#16403 = FACE_BOUND('',#16404,.T.);
#16404 = EDGE_LOOP('',(#16405));
#16405 = ORIENTED_EDGE('',*,*,#16406,.T.);
#16406 = EDGE_CURVE('',#16407,#16407,#16409,.T.);
#16407 = VERTEX_POINT('',#16408);
#16408 = CARTESIAN_POINT('',(161.72,-102.47,1.51));
#16409 = CIRCLE('',#16410,0.6);
#16410 = AXIS2_PLACEMENT_3D('',#16411,#16412,#16413);
#16411 = CARTESIAN_POINT('',(161.72,-101.87,1.51));
#16412 = DIRECTION('',(-0.,0.,-1.));
#16413 = DIRECTION('',(-0.,-1.,0.));
#16414 = FACE_BOUND('',#16415,.T.);
#16415 = EDGE_LOOP('',(#16416));
#16416 = ORIENTED_EDGE('',*,*,#16417,.T.);
#16417 = EDGE_CURVE('',#16418,#16418,#16420,.T.);
#16418 = VERTEX_POINT('',#16419);
#16419 = CARTESIAN_POINT('',(161.72,-98.97,1.51));
#16420 = CIRCLE('',#16421,0.6);
#16421 = AXIS2_PLACEMENT_3D('',#16422,#16423,#16424);
#16422 = CARTESIAN_POINT('',(161.72,-98.37,1.51));
#16423 = DIRECTION('',(-0.,0.,-1.));
#16424 = DIRECTION('',(-0.,-1.,0.));
#16425 = FACE_BOUND('',#16426,.T.);
#16426 = EDGE_LOOP('',(#16427));
#16427 = ORIENTED_EDGE('',*,*,#16428,.T.);
#16428 = EDGE_CURVE('',#16429,#16429,#16431,.T.);
#16429 = VERTEX_POINT('',#16430);
#16430 = CARTESIAN_POINT('',(193.51,-102.485,1.51));
#16431 = CIRCLE('',#16432,0.475);
#16432 = AXIS2_PLACEMENT_3D('',#16433,#16434,#16435);
#16433 = CARTESIAN_POINT('',(193.51,-102.01,1.51));
#16434 = DIRECTION('',(-0.,0.,-1.));
#16435 = DIRECTION('',(-0.,-1.,0.));
#16436 = FACE_BOUND('',#16437,.T.);
#16437 = EDGE_LOOP('',(#16438));
#16438 = ORIENTED_EDGE('',*,*,#16439,.T.);
#16439 = EDGE_CURVE('',#16440,#16440,#16442,.T.);
#16440 = VERTEX_POINT('',#16441);
#16441 = CARTESIAN_POINT('',(193.51,-99.985,1.51));
#16442 = CIRCLE('',#16443,0.475);
#16443 = AXIS2_PLACEMENT_3D('',#16444,#16445,#16446);
#16444 = CARTESIAN_POINT('',(193.51,-99.51,1.51));
#16445 = DIRECTION('',(-0.,0.,-1.));
#16446 = DIRECTION('',(-0.,-1.,0.));
#16447 = FACE_BOUND('',#16448,.T.);
#16448 = EDGE_LOOP('',(#16449));
#16449 = ORIENTED_EDGE('',*,*,#16450,.T.);
#16450 = EDGE_CURVE('',#16451,#16451,#16453,.T.);
#16451 = VERTEX_POINT('',#16452);
#16452 = CARTESIAN_POINT('',(161.72,-95.47,1.51));
#16453 = CIRCLE('',#16454,0.6);
#16454 = AXIS2_PLACEMENT_3D('',#16455,#16456,#16457);
#16455 = CARTESIAN_POINT('',(161.72,-94.87,1.51));
#16456 = DIRECTION('',(-0.,0.,-1.));
#16457 = DIRECTION('',(-0.,-1.,0.));
#16458 = FACE_BOUND('',#16459,.T.);
#16459 = EDGE_LOOP('',(#16460));
#16460 = ORIENTED_EDGE('',*,*,#16461,.T.);
#16461 = EDGE_CURVE('',#16462,#16462,#16464,.T.);
#16462 = VERTEX_POINT('',#16463);
#16463 = CARTESIAN_POINT('',(193.51,-97.485,1.51));
#16464 = CIRCLE('',#16465,0.475);
#16465 = AXIS2_PLACEMENT_3D('',#16466,#16467,#16468);
#16466 = CARTESIAN_POINT('',(193.51,-97.01,1.51));
#16467 = DIRECTION('',(-0.,0.,-1.));
#16468 = DIRECTION('',(-0.,-1.,0.));
#16469 = FACE_BOUND('',#16470,.T.);
#16470 = EDGE_LOOP('',(#16471));
#16471 = ORIENTED_EDGE('',*,*,#16472,.T.);
#16472 = EDGE_CURVE('',#16473,#16473,#16475,.T.);
#16473 = VERTEX_POINT('',#16474);
#16474 = CARTESIAN_POINT('',(193.51,-94.985,1.51));
#16475 = CIRCLE('',#16476,0.475);
#16476 = AXIS2_PLACEMENT_3D('',#16477,#16478,#16479);
#16477 = CARTESIAN_POINT('',(193.51,-94.51,1.51));
#16478 = DIRECTION('',(-0.,0.,-1.));
#16479 = DIRECTION('',(-0.,-1.,0.));
#16480 = PLANE('',#16481);
#16481 = AXIS2_PLACEMENT_3D('',#16482,#16483,#16484);
#16482 = CARTESIAN_POINT('',(0.,0.,1.51));
#16483 = DIRECTION('',(0.,0.,1.));
#16484 = DIRECTION('',(1.,0.,-0.));
#16485 = ADVANCED_FACE('',(#16486),#16497,.T.);
#16486 = FACE_BOUND('',#16487,.T.);
#16487 = EDGE_LOOP('',(#16488,#16494,#16495,#16496));
#16488 = ORIENTED_EDGE('',*,*,#16489,.T.);
#16489 = EDGE_CURVE('',#15952,#16222,#16490,.T.);
#16490 = LINE('',#16491,#16492);
#16491 = CARTESIAN_POINT('',(157.618303,-88.420248,0.));
#16492 = VECTOR('',#16493,1.);
#16493 = DIRECTION('',(0.,0.,1.));
#16494 = ORIENTED_EDGE('',*,*,#16221,.T.);
#16495 = ORIENTED_EDGE('',*,*,#15885,.F.);
#16496 = ORIENTED_EDGE('',*,*,#15951,.F.);
#16497 = CYLINDRICAL_SURFACE('',#16498,0.200075322511);
#16498 = AXIS2_PLACEMENT_3D('',#16499,#16500,#16501);
#16499 = CARTESIAN_POINT('',(157.81598649224,-88.45109231179,0.));
#16500 = DIRECTION('',(0.,0.,-1.));
#16501 = DIRECTION('',(-0.988045350963,0.15416349905,0.));
#16502 = ADVANCED_FACE('',(#16503),#16514,.T.);
#16503 = FACE_BOUND('',#16504,.T.);
#16504 = EDGE_LOOP('',(#16505,#16506,#16507,#16513));
#16505 = ORIENTED_EDGE('',*,*,#15926,.T.);
#16506 = ORIENTED_EDGE('',*,*,#16396,.T.);
#16507 = ORIENTED_EDGE('',*,*,#16508,.F.);
#16508 = EDGE_CURVE('',#16119,#16389,#16509,.T.);
#16509 = LINE('',#16510,#16511);
#16510 = CARTESIAN_POINT('',(177.815921,-88.251017,0.));
#16511 = VECTOR('',#16512,1.);
#16512 = DIRECTION('',(0.,0.,1.));
#16513 = ORIENTED_EDGE('',*,*,#16126,.F.);
#16514 = CYLINDRICAL_SURFACE('',#16515,0.200075322511);
#16515 = AXIS2_PLACEMENT_3D('',#16516,#16517,#16518);
#16516 = CARTESIAN_POINT('',(177.81598649224,-88.45109231179,0.));
#16517 = DIRECTION('',(0.,0.,-1.));
#16518 = DIRECTION('',(-0.988045350963,0.15416349905,0.));
#16519 = ADVANCED_FACE('',(#16520),#16531,.F.);
#16520 = FACE_BOUND('',#16521,.T.);
#16521 = EDGE_LOOP('',(#16522,#16528,#16529,#16530));
#16522 = ORIENTED_EDGE('',*,*,#16523,.T.);
#16523 = EDGE_CURVE('',#15961,#16231,#16524,.T.);
#16524 = LINE('',#16525,#16526);
#16525 = CARTESIAN_POINT('',(156.700629,-89.337921,0.));
#16526 = VECTOR('',#16527,1.);
#16527 = DIRECTION('',(0.,0.,1.));
#16528 = ORIENTED_EDGE('',*,*,#16230,.T.);
#16529 = ORIENTED_EDGE('',*,*,#16489,.F.);
#16530 = ORIENTED_EDGE('',*,*,#15960,.F.);
#16531 = CYLINDRICAL_SURFACE('',#16532,1.100039550388);
#16532 = AXIS2_PLACEMENT_3D('',#16533,#16534,#16535);
#16533 = CARTESIAN_POINT('',(156.53136416657,-88.25098198212,0.));
#16534 = DIRECTION('',(-0.,-0.,-1.));
#16535 = DIRECTION('',(0.153871588859,-0.988090853182,0.));
#16536 = ADVANCED_FACE('',(#16537),#16548,.T.);
#16537 = FACE_BOUND('',#16538,.T.);
#16538 = EDGE_LOOP('',(#16539,#16540,#16541,#16547));
#16539 = ORIENTED_EDGE('',*,*,#16508,.T.);
#16540 = ORIENTED_EDGE('',*,*,#16388,.T.);
#16541 = ORIENTED_EDGE('',*,*,#16542,.F.);
#16542 = EDGE_CURVE('',#16110,#16380,#16543,.T.);
#16543 = LINE('',#16544,#16545);
#16544 = CARTESIAN_POINT('',(195.246875,-88.251017,0.));
#16545 = VECTOR('',#16546,1.);
#16546 = DIRECTION('',(0.,0.,1.));
#16547 = ORIENTED_EDGE('',*,*,#16118,.F.);
#16548 = PLANE('',#16549);
#16549 = AXIS2_PLACEMENT_3D('',#16550,#16551,#16552);
#16550 = CARTESIAN_POINT('',(177.815921,-88.251017,0.));
#16551 = DIRECTION('',(0.,1.,0.));
#16552 = DIRECTION('',(1.,0.,0.));
#16553 = ADVANCED_FACE('',(#16554),#16565,.T.);
#16554 = FACE_BOUND('',#16555,.T.);
#16555 = EDGE_LOOP('',(#16556,#16562,#16563,#16564));
#16556 = ORIENTED_EDGE('',*,*,#16557,.T.);
#16557 = EDGE_CURVE('',#15970,#16240,#16558,.T.);
#16558 = LINE('',#16559,#16560);
#16559 = CARTESIAN_POINT('',(156.531398,-89.53554,0.));
#16560 = VECTOR('',#16561,1.);
#16561 = DIRECTION('',(0.,0.,1.));
#16562 = ORIENTED_EDGE('',*,*,#16239,.T.);
#16563 = ORIENTED_EDGE('',*,*,#16523,.F.);
#16564 = ORIENTED_EDGE('',*,*,#15969,.F.);
#16565 = CYLINDRICAL_SURFACE('',#16566,0.19991601835);
#16566 = AXIS2_PLACEMENT_3D('',#16567,#16568,#16569);
#16567 = CARTESIAN_POINT('',(156.73131400541,-89.53546806992,0.));
#16568 = DIRECTION('',(0.,0.,-1.));
#16569 = DIRECTION('',(-0.999999935271,-3.598014590732E-04,-0.));
#16570 = ADVANCED_FACE('',(#16571),#16582,.T.);
#16571 = FACE_BOUND('',#16572,.T.);
#16572 = EDGE_LOOP('',(#16573,#16574,#16575,#16581));
#16573 = ORIENTED_EDGE('',*,*,#16542,.T.);
#16574 = ORIENTED_EDGE('',*,*,#16379,.T.);
#16575 = ORIENTED_EDGE('',*,*,#16576,.F.);
#16576 = EDGE_CURVE('',#16101,#16371,#16577,.T.);
#16577 = LINE('',#16578,#16579);
#16578 = CARTESIAN_POINT('',(195.444494,-88.420248,0.));
#16579 = VECTOR('',#16580,1.);
#16580 = DIRECTION('',(0.,0.,1.));
#16581 = ORIENTED_EDGE('',*,*,#16109,.F.);
#16582 = CYLINDRICAL_SURFACE('',#16583,0.199832571662);
#16583 = AXIS2_PLACEMENT_3D('',#16584,#16585,#16586);
#16584 = CARTESIAN_POINT('',(195.24701842262,-88.45084952019,0.));
#16585 = DIRECTION('',(0.,0.,-1.));
#16586 = DIRECTION('',(-7.177139618111E-04,0.999999742443,0.));
#16587 = ADVANCED_FACE('',(#16588),#16599,.T.);
#16588 = FACE_BOUND('',#16589,.T.);
#16589 = EDGE_LOOP('',(#16590,#16596,#16597,#16598));
#16590 = ORIENTED_EDGE('',*,*,#16591,.T.);
#16591 = EDGE_CURVE('',#15979,#16249,#16592,.T.);
#16592 = LINE('',#16593,#16594);
#16593 = CARTESIAN_POINT('',(156.531398,-106.966494,0.));
#16594 = VECTOR('',#16595,1.);
#16595 = DIRECTION('',(0.,0.,1.));
#16596 = ORIENTED_EDGE('',*,*,#16248,.T.);
#16597 = ORIENTED_EDGE('',*,*,#16557,.F.);
#16598 = ORIENTED_EDGE('',*,*,#15978,.F.);
#16599 = PLANE('',#16600);
#16600 = AXIS2_PLACEMENT_3D('',#16601,#16602,#16603);
#16601 = CARTESIAN_POINT('',(156.531398,-106.966494,0.));
#16602 = DIRECTION('',(-1.,0.,0.));
#16603 = DIRECTION('',(0.,1.,0.));
#16604 = ADVANCED_FACE('',(#16605),#16616,.F.);
#16605 = FACE_BOUND('',#16606,.T.);
#16606 = EDGE_LOOP('',(#16607,#16608,#16609,#16615));
#16607 = ORIENTED_EDGE('',*,*,#16576,.T.);
#16608 = ORIENTED_EDGE('',*,*,#16370,.T.);
#16609 = ORIENTED_EDGE('',*,*,#16610,.F.);
#16610 = EDGE_CURVE('',#16092,#16362,#16611,.T.);
#16611 = LINE('',#16612,#16613);
#16612 = CARTESIAN_POINT('',(196.362167,-89.337921,0.));
#16613 = VECTOR('',#16614,1.);
#16614 = DIRECTION('',(0.,0.,1.));
#16615 = ORIENTED_EDGE('',*,*,#16100,.F.);
#16616 = CYLINDRICAL_SURFACE('',#16617,1.099986565872);
#16617 = AXIS2_PLACEMENT_3D('',#16618,#16619,#16620);
#16618 = CARTESIAN_POINT('',(196.53138645994,-88.25102854006,0.));
#16619 = DIRECTION('',(-0.,-0.,-1.));
#16620 = DIRECTION('',(-0.988096121955,-0.15383775147,0.));
#16621 = ADVANCED_FACE('',(#16622),#16633,.T.);
#16622 = FACE_BOUND('',#16623,.T.);
#16623 = EDGE_LOOP('',(#16624,#16630,#16631,#16632));
#16624 = ORIENTED_EDGE('',*,*,#16625,.T.);
#16625 = EDGE_CURVE('',#15987,#16257,#16626,.T.);
#16626 = LINE('',#16627,#16628);
#16627 = CARTESIAN_POINT('',(156.700629,-107.164113,0.));
#16628 = VECTOR('',#16629,1.);
#16629 = DIRECTION('',(0.,0.,1.));
#16630 = ORIENTED_EDGE('',*,*,#16256,.T.);
#16631 = ORIENTED_EDGE('',*,*,#16591,.F.);
#16632 = ORIENTED_EDGE('',*,*,#15986,.F.);
#16633 = CYLINDRICAL_SURFACE('',#16634,0.200095218775);
#16634 = AXIS2_PLACEMENT_3D('',#16635,#16636,#16637);
#16635 = CARTESIAN_POINT('',(156.73149320216,-106.9664124749,0.));
#16636 = DIRECTION('',(0.,0.,-1.));
#16637 = DIRECTION('',(-0.154247574511,-0.988032229109,-0.));
#16638 = ADVANCED_FACE('',(#16639),#16650,.T.);
#16639 = FACE_BOUND('',#16640,.T.);
#16640 = EDGE_LOOP('',(#16641,#16642,#16643,#16649));
#16641 = ORIENTED_EDGE('',*,*,#16610,.T.);
#16642 = ORIENTED_EDGE('',*,*,#16361,.T.);
#16643 = ORIENTED_EDGE('',*,*,#16644,.F.);
#16644 = EDGE_CURVE('',#16084,#16354,#16645,.T.);
#16645 = LINE('',#16646,#16647);
#16646 = CARTESIAN_POINT('',(196.531398,-89.53554,0.));
#16647 = VECTOR('',#16648,1.);
#16648 = DIRECTION('',(0.,0.,1.));
#16649 = ORIENTED_EDGE('',*,*,#16091,.F.);
#16650 = CYLINDRICAL_SURFACE('',#16651,0.200038980989);
#16651 = AXIS2_PLACEMENT_3D('',#16652,#16653,#16654);
#16652 = CARTESIAN_POINT('',(196.33135902179,-89.53557337765,0.));
#16653 = DIRECTION('',(0.,0.,-1.));
#16654 = DIRECTION('',(0.154009873734,0.988069308699,0.));
#16655 = ADVANCED_FACE('',(#16656),#16667,.F.);
#16656 = FACE_BOUND('',#16657,.T.);
#16657 = EDGE_LOOP('',(#16658,#16664,#16665,#16666));
#16658 = ORIENTED_EDGE('',*,*,#16659,.T.);
#16659 = EDGE_CURVE('',#15996,#16266,#16660,.T.);
#16660 = LINE('',#16661,#16662);
#16661 = CARTESIAN_POINT('',(157.618303,-108.081786,0.));
#16662 = VECTOR('',#16663,1.);
#16663 = DIRECTION('',(0.,0.,1.));
#16664 = ORIENTED_EDGE('',*,*,#16265,.T.);
#16665 = ORIENTED_EDGE('',*,*,#16625,.F.);
#16666 = ORIENTED_EDGE('',*,*,#15995,.F.);
#16667 = CYLINDRICAL_SURFACE('',#16668,1.10001878907);
#16668 = AXIS2_PLACEMENT_3D('',#16669,#16670,#16671);
#16669 = CARTESIAN_POINT('',(156.53138234703,-108.2510338373,0.));
#16670 = DIRECTION('',(-0.,-0.,-1.));
#16671 = DIRECTION('',(0.988092806928,0.153859042298,-0.));
#16672 = ADVANCED_FACE('',(#16673),#16684,.T.);
#16673 = FACE_BOUND('',#16674,.T.);
#16674 = EDGE_LOOP('',(#16675,#16676,#16677,#16683));
#16675 = ORIENTED_EDGE('',*,*,#16644,.T.);
#16676 = ORIENTED_EDGE('',*,*,#16353,.T.);
#16677 = ORIENTED_EDGE('',*,*,#16678,.F.);
#16678 = EDGE_CURVE('',#16075,#16345,#16679,.T.);
#16679 = LINE('',#16680,#16681);
#16680 = CARTESIAN_POINT('',(196.531398,-106.966494,0.));
#16681 = VECTOR('',#16682,1.);
#16682 = DIRECTION('',(0.,0.,1.));
#16683 = ORIENTED_EDGE('',*,*,#16083,.F.);
#16684 = PLANE('',#16685);
#16685 = AXIS2_PLACEMENT_3D('',#16686,#16687,#16688);
#16686 = CARTESIAN_POINT('',(196.531398,-89.53554,0.));
#16687 = DIRECTION('',(1.,0.,-0.));
#16688 = DIRECTION('',(0.,-1.,0.));
#16689 = ADVANCED_FACE('',(#16690),#16701,.T.);
#16690 = FACE_BOUND('',#16691,.T.);
#16691 = EDGE_LOOP('',(#16692,#16698,#16699,#16700));
#16692 = ORIENTED_EDGE('',*,*,#16693,.T.);
#16693 = EDGE_CURVE('',#16005,#16275,#16694,.T.);
#16694 = LINE('',#16695,#16696);
#16695 = CARTESIAN_POINT('',(157.815921,-108.251017,0.));
#16696 = VECTOR('',#16697,1.);
#16697 = DIRECTION('',(0.,0.,1.));
#16698 = ORIENTED_EDGE('',*,*,#16274,.T.);
#16699 = ORIENTED_EDGE('',*,*,#16659,.F.);
#16700 = ORIENTED_EDGE('',*,*,#16004,.F.);
#16701 = CYLINDRICAL_SURFACE('',#16702,0.199942713743);
#16702 = AXIS2_PLACEMENT_3D('',#16703,#16704,#16705);
#16703 = CARTESIAN_POINT('',(157.8158729364,-108.051074292,0.));
#16704 = DIRECTION('',(0.,0.,-1.));
#16705 = DIRECTION('',(2.403868089234E-04,-0.999999971107,0.));
#16706 = ADVANCED_FACE('',(#16707),#16718,.T.);
#16707 = FACE_BOUND('',#16708,.T.);
#16708 = EDGE_LOOP('',(#16709,#16710,#16711,#16717));
#16709 = ORIENTED_EDGE('',*,*,#16678,.T.);
#16710 = ORIENTED_EDGE('',*,*,#16344,.T.);
#16711 = ORIENTED_EDGE('',*,*,#16712,.F.);
#16712 = EDGE_CURVE('',#16066,#16336,#16713,.T.);
#16713 = LINE('',#16714,#16715);
#16714 = CARTESIAN_POINT('',(196.362167,-107.164113,0.));
#16715 = VECTOR('',#16716,1.);
#16716 = DIRECTION('',(0.,0.,1.));
#16717 = ORIENTED_EDGE('',*,*,#16074,.F.);
#16718 = CYLINDRICAL_SURFACE('',#16719,0.199861283915);
#16719 = AXIS2_PLACEMENT_3D('',#16720,#16721,#16722);
#16720 = CARTESIAN_POINT('',(196.3315367514,-106.966612821,0.));
#16721 = DIRECTION('',(0.,0.,-1.));
#16722 = DIRECTION('',(0.999999823274,5.945176743108E-04,0.));
#16723 = ADVANCED_FACE('',(#16724),#16735,.T.);
#16724 = FACE_BOUND('',#16725,.T.);
#16725 = EDGE_LOOP('',(#16726,#16732,#16733,#16734));
#16726 = ORIENTED_EDGE('',*,*,#16727,.T.);
#16727 = EDGE_CURVE('',#16014,#16284,#16728,.T.);
#16728 = LINE('',#16729,#16730);
#16729 = CARTESIAN_POINT('',(175.246875,-108.251017,0.));
#16730 = VECTOR('',#16731,1.);
#16731 = DIRECTION('',(0.,0.,1.));
#16732 = ORIENTED_EDGE('',*,*,#16283,.T.);
#16733 = ORIENTED_EDGE('',*,*,#16693,.F.);
#16734 = ORIENTED_EDGE('',*,*,#16013,.F.);
#16735 = PLANE('',#16736);
#16736 = AXIS2_PLACEMENT_3D('',#16737,#16738,#16739);
#16737 = CARTESIAN_POINT('',(175.246875,-108.251017,0.));
#16738 = DIRECTION('',(0.,-1.,0.));
#16739 = DIRECTION('',(-1.,0.,0.));
#16740 = ADVANCED_FACE('',(#16741),#16752,.F.);
#16741 = FACE_BOUND('',#16742,.T.);
#16742 = EDGE_LOOP('',(#16743,#16744,#16745,#16751));
#16743 = ORIENTED_EDGE('',*,*,#16712,.T.);
#16744 = ORIENTED_EDGE('',*,*,#16335,.T.);
#16745 = ORIENTED_EDGE('',*,*,#16746,.F.);
#16746 = EDGE_CURVE('',#16057,#16327,#16747,.T.);
#16747 = LINE('',#16748,#16749);
#16748 = CARTESIAN_POINT('',(195.444494,-108.081786,0.));
#16749 = VECTOR('',#16750,1.);
#16750 = DIRECTION('',(0.,0.,1.));
#16751 = ORIENTED_EDGE('',*,*,#16065,.F.);
#16752 = CYLINDRICAL_SURFACE('',#16753,1.099959876477);
#16753 = AXIS2_PLACEMENT_3D('',#16754,#16755,#16756);
#16754 = CARTESIAN_POINT('',(196.53136308768,-108.2509820876,0.));
#16755 = DIRECTION('',(-0.,-0.,-1.));
#16756 = DIRECTION('',(-0.153820235907,0.988098848813,0.));
#16757 = ADVANCED_FACE('',(#16758),#16769,.T.);
#16758 = FACE_BOUND('',#16759,.T.);
#16759 = EDGE_LOOP('',(#16760,#16766,#16767,#16768));
#16760 = ORIENTED_EDGE('',*,*,#16761,.T.);
#16761 = EDGE_CURVE('',#16022,#16292,#16762,.T.);
#16762 = LINE('',#16763,#16764);
#16763 = CARTESIAN_POINT('',(175.444494,-108.081786,0.));
#16764 = VECTOR('',#16765,1.);
#16765 = DIRECTION('',(0.,0.,1.));
#16766 = ORIENTED_EDGE('',*,*,#16291,.T.);
#16767 = ORIENTED_EDGE('',*,*,#16727,.F.);
#16768 = ORIENTED_EDGE('',*,*,#16021,.F.);
#16769 = CYLINDRICAL_SURFACE('',#16770,0.20005921189);
#16770 = AXIS2_PLACEMENT_3D('',#16771,#16772,#16773);
#16771 = CARTESIAN_POINT('',(175.24682430072,-108.0509577945,0.));
#16772 = DIRECTION('',(0.,0.,-1.));
#16773 = DIRECTION('',(0.988055973046,-0.154095405929,0.));
#16774 = ADVANCED_FACE('',(#16775),#16786,.T.);
#16775 = FACE_BOUND('',#16776,.T.);
#16776 = EDGE_LOOP('',(#16777,#16778,#16779,#16785));
#16777 = ORIENTED_EDGE('',*,*,#16746,.T.);
#16778 = ORIENTED_EDGE('',*,*,#16326,.T.);
#16779 = ORIENTED_EDGE('',*,*,#16780,.F.);
#16780 = EDGE_CURVE('',#16049,#16319,#16781,.T.);
#16781 = LINE('',#16782,#16783);
#16782 = CARTESIAN_POINT('',(195.246875,-108.251017,0.));
#16783 = VECTOR('',#16784,1.);
#16784 = DIRECTION('',(0.,0.,1.));
#16785 = ORIENTED_EDGE('',*,*,#16056,.F.);
#16786 = CYLINDRICAL_SURFACE('',#16787,0.200143971123);
#16787 = AXIS2_PLACEMENT_3D('',#16788,#16789,#16790);
#16788 = CARTESIAN_POINT('',(195.24675174417,-108.0508730668,0.));
#16789 = DIRECTION('',(0.,0.,-1.));
#16790 = DIRECTION('',(0.988000061745,-0.154453481646,0.));
#16791 = ADVANCED_FACE('',(#16792),#16803,.F.);
#16792 = FACE_BOUND('',#16793,.T.);
#16793 = EDGE_LOOP('',(#16794,#16800,#16801,#16802));
#16794 = ORIENTED_EDGE('',*,*,#16795,.T.);
#16795 = EDGE_CURVE('',#16031,#16301,#16796,.T.);
#16796 = LINE('',#16797,#16798);
#16797 = CARTESIAN_POINT('',(177.618303,-108.081786,0.));
#16798 = VECTOR('',#16799,1.);
#16799 = DIRECTION('',(0.,0.,1.));
#16800 = ORIENTED_EDGE('',*,*,#16300,.T.);
#16801 = ORIENTED_EDGE('',*,*,#16761,.F.);
#16802 = ORIENTED_EDGE('',*,*,#16030,.F.);
#16803 = CYLINDRICAL_SURFACE('',#16804,1.100000099391);
#16804 = AXIS2_PLACEMENT_3D('',#16805,#16806,#16807);
#16805 = CARTESIAN_POINT('',(176.5313985,-108.2510160993,0.));
#16806 = DIRECTION('',(-0.,-0.,-1.));
#16807 = DIRECTION('',(0.98809491072,0.153845531,-0.));
#16808 = ADVANCED_FACE('',(#16809),#16820,.T.);
#16809 = FACE_BOUND('',#16810,.T.);
#16810 = EDGE_LOOP('',(#16811,#16812,#16813,#16819));
#16811 = ORIENTED_EDGE('',*,*,#16780,.T.);
#16812 = ORIENTED_EDGE('',*,*,#16318,.T.);
#16813 = ORIENTED_EDGE('',*,*,#16814,.F.);
#16814 = EDGE_CURVE('',#16040,#16310,#16815,.T.);
#16815 = LINE('',#16816,#16817);
#16816 = CARTESIAN_POINT('',(177.815921,-108.251017,0.));
#16817 = VECTOR('',#16818,1.);
#16818 = DIRECTION('',(0.,0.,1.));
#16819 = ORIENTED_EDGE('',*,*,#16048,.F.);
#16820 = PLANE('',#16821);
#16821 = AXIS2_PLACEMENT_3D('',#16822,#16823,#16824);
#16822 = CARTESIAN_POINT('',(195.246875,-108.251017,0.));
#16823 = DIRECTION('',(0.,-1.,0.));
#16824 = DIRECTION('',(-1.,0.,0.));
#16825 = ADVANCED_FACE('',(#16826),#16832,.T.);
#16826 = FACE_BOUND('',#16827,.T.);
#16827 = EDGE_LOOP('',(#16828,#16829,#16830,#16831));
#16828 = ORIENTED_EDGE('',*,*,#16814,.T.);
#16829 = ORIENTED_EDGE('',*,*,#16309,.T.);
#16830 = ORIENTED_EDGE('',*,*,#16795,.F.);
#16831 = ORIENTED_EDGE('',*,*,#16039,.F.);
#16832 = CYLINDRICAL_SURFACE('',#16833,0.199942713743);
#16833 = AXIS2_PLACEMENT_3D('',#16834,#16835,#16836);
#16834 = CARTESIAN_POINT('',(177.8158729364,-108.051074292,0.));
#16835 = DIRECTION('',(0.,0.,-1.));
#16836 = DIRECTION('',(2.403868089234E-04,-0.999999971107,0.));
#16837 = ADVANCED_FACE('',(#16838),#16849,.F.);
#16838 = FACE_BOUND('',#16839,.T.);
#16839 = EDGE_LOOP('',(#16840,#16841,#16847,#16848));
#16840 = ORIENTED_EDGE('',*,*,#16136,.T.);
#16841 = ORIENTED_EDGE('',*,*,#16842,.T.);
#16842 = EDGE_CURVE('',#16137,#16407,#16843,.T.);
#16843 = LINE('',#16844,#16845);
#16844 = CARTESIAN_POINT('',(161.72,-102.47,-4.6E-02));
#16845 = VECTOR('',#16846,1.);
#16846 = DIRECTION('',(0.,0.,1.));
#16847 = ORIENTED_EDGE('',*,*,#16406,.F.);
#16848 = ORIENTED_EDGE('',*,*,#16842,.F.);
#16849 = CYLINDRICAL_SURFACE('',#16850,0.6);
#16850 = AXIS2_PLACEMENT_3D('',#16851,#16852,#16853);
#16851 = CARTESIAN_POINT('',(161.72,-101.87,-4.6E-02));
#16852 = DIRECTION('',(-0.,-0.,-1.));
#16853 = DIRECTION('',(-0.,-1.,0.));
#16854 = ADVANCED_FACE('',(#16855),#16866,.F.);
#16855 = FACE_BOUND('',#16856,.T.);
#16856 = EDGE_LOOP('',(#16857,#16858,#16864,#16865));
#16857 = ORIENTED_EDGE('',*,*,#16147,.T.);
#16858 = ORIENTED_EDGE('',*,*,#16859,.T.);
#16859 = EDGE_CURVE('',#16148,#16418,#16860,.T.);
#16860 = LINE('',#16861,#16862);
#16861 = CARTESIAN_POINT('',(161.72,-98.97,-4.6E-02));
#16862 = VECTOR('',#16863,1.);
#16863 = DIRECTION('',(0.,0.,1.));
#16864 = ORIENTED_EDGE('',*,*,#16417,.F.);
#16865 = ORIENTED_EDGE('',*,*,#16859,.F.);
#16866 = CYLINDRICAL_SURFACE('',#16867,0.6);
#16867 = AXIS2_PLACEMENT_3D('',#16868,#16869,#16870);
#16868 = CARTESIAN_POINT('',(161.72,-98.37,-4.6E-02));
#16869 = DIRECTION('',(-0.,-0.,-1.));
#16870 = DIRECTION('',(-0.,-1.,0.));
#16871 = ADVANCED_FACE('',(#16872),#16883,.F.);
#16872 = FACE_BOUND('',#16873,.T.);
#16873 = EDGE_LOOP('',(#16874,#16875,#16881,#16882));
#16874 = ORIENTED_EDGE('',*,*,#16158,.T.);
#16875 = ORIENTED_EDGE('',*,*,#16876,.T.);
#16876 = EDGE_CURVE('',#16159,#16429,#16877,.T.);
#16877 = LINE('',#16878,#16879);
#16878 = CARTESIAN_POINT('',(193.51,-102.485,-4.6E-02));
#16879 = VECTOR('',#16880,1.);
#16880 = DIRECTION('',(0.,0.,1.));
#16881 = ORIENTED_EDGE('',*,*,#16428,.F.);
#16882 = ORIENTED_EDGE('',*,*,#16876,.F.);
#16883 = CYLINDRICAL_SURFACE('',#16884,0.475);
#16884 = AXIS2_PLACEMENT_3D('',#16885,#16886,#16887);
#16885 = CARTESIAN_POINT('',(193.51,-102.01,-4.6E-02));
#16886 = DIRECTION('',(-0.,-0.,-1.));
#16887 = DIRECTION('',(-0.,-1.,0.));
#16888 = ADVANCED_FACE('',(#16889),#16900,.F.);
#16889 = FACE_BOUND('',#16890,.T.);
#16890 = EDGE_LOOP('',(#16891,#16892,#16898,#16899));
#16891 = ORIENTED_EDGE('',*,*,#16169,.T.);
#16892 = ORIENTED_EDGE('',*,*,#16893,.T.);
#16893 = EDGE_CURVE('',#16170,#16440,#16894,.T.);
#16894 = LINE('',#16895,#16896);
#16895 = CARTESIAN_POINT('',(193.51,-99.985,-4.6E-02));
#16896 = VECTOR('',#16897,1.);
#16897 = DIRECTION('',(0.,0.,1.));
#16898 = ORIENTED_EDGE('',*,*,#16439,.F.);
#16899 = ORIENTED_EDGE('',*,*,#16893,.F.);
#16900 = CYLINDRICAL_SURFACE('',#16901,0.475);
#16901 = AXIS2_PLACEMENT_3D('',#16902,#16903,#16904);
#16902 = CARTESIAN_POINT('',(193.51,-99.51,-4.6E-02));
#16903 = DIRECTION('',(-0.,-0.,-1.));
#16904 = DIRECTION('',(-0.,-1.,0.));
#16905 = ADVANCED_FACE('',(#16906),#16917,.F.);
#16906 = FACE_BOUND('',#16907,.T.);
#16907 = EDGE_LOOP('',(#16908,#16909,#16915,#16916));
#16908 = ORIENTED_EDGE('',*,*,#16180,.T.);
#16909 = ORIENTED_EDGE('',*,*,#16910,.T.);
#16910 = EDGE_CURVE('',#16181,#16451,#16911,.T.);
#16911 = LINE('',#16912,#16913);
#16912 = CARTESIAN_POINT('',(161.72,-95.47,-4.6E-02));
#16913 = VECTOR('',#16914,1.);
#16914 = DIRECTION('',(0.,0.,1.));
#16915 = ORIENTED_EDGE('',*,*,#16450,.F.);
#16916 = ORIENTED_EDGE('',*,*,#16910,.F.);
#16917 = CYLINDRICAL_SURFACE('',#16918,0.6);
#16918 = AXIS2_PLACEMENT_3D('',#16919,#16920,#16921);
#16919 = CARTESIAN_POINT('',(161.72,-94.87,-4.6E-02));
#16920 = DIRECTION('',(-0.,-0.,-1.));
#16921 = DIRECTION('',(-0.,-1.,0.));
#16922 = ADVANCED_FACE('',(#16923),#16934,.F.);
#16923 = FACE_BOUND('',#16924,.T.);
#16924 = EDGE_LOOP('',(#16925,#16926,#16932,#16933));
#16925 = ORIENTED_EDGE('',*,*,#16191,.T.);
#16926 = ORIENTED_EDGE('',*,*,#16927,.T.);
#16927 = EDGE_CURVE('',#16192,#16462,#16928,.T.);
#16928 = LINE('',#16929,#16930);
#16929 = CARTESIAN_POINT('',(193.51,-97.485,-4.6E-02));
#16930 = VECTOR('',#16931,1.);
#16931 = DIRECTION('',(0.,0.,1.));
#16932 = ORIENTED_EDGE('',*,*,#16461,.F.);
#16933 = ORIENTED_EDGE('',*,*,#16927,.F.);
#16934 = CYLINDRICAL_SURFACE('',#16935,0.475);
#16935 = AXIS2_PLACEMENT_3D('',#16936,#16937,#16938);
#16936 = CARTESIAN_POINT('',(193.51,-97.01,-4.6E-02));
#16937 = DIRECTION('',(-0.,-0.,-1.));
#16938 = DIRECTION('',(-0.,-1.,0.));
#16939 = ADVANCED_FACE('',(#16940),#16951,.F.);
#16940 = FACE_BOUND('',#16941,.T.);
#16941 = EDGE_LOOP('',(#16942,#16943,#16949,#16950));
#16942 = ORIENTED_EDGE('',*,*,#16202,.T.);
#16943 = ORIENTED_EDGE('',*,*,#16944,.T.);
#16944 = EDGE_CURVE('',#16203,#16473,#16945,.T.);
#16945 = LINE('',#16946,#16947);
#16946 = CARTESIAN_POINT('',(193.51,-94.985,-4.6E-02));
#16947 = VECTOR('',#16948,1.);
#16948 = DIRECTION('',(0.,0.,1.));
#16949 = ORIENTED_EDGE('',*,*,#16472,.F.);
#16950 = ORIENTED_EDGE('',*,*,#16944,.F.);
#16951 = CYLINDRICAL_SURFACE('',#16952,0.475);
#16952 = AXIS2_PLACEMENT_3D('',#16953,#16954,#16955);
#16953 = CARTESIAN_POINT('',(193.51,-94.51,-4.6E-02));
#16954 = DIRECTION('',(-0.,-0.,-1.));
#16955 = DIRECTION('',(-0.,-1.,0.));
#16956 = ( GEOMETRIC_REPRESENTATION_CONTEXT(3) 
GLOBAL_UNCERTAINTY_ASSIGNED_CONTEXT((#16960)) 
GLOBAL_UNIT_ASSIGNED_CONTEXT((#16957,#16958,#16959)) 
REPRESENTATION_CONTEXT('Context #1',
  '3D Context with UNIT and UNCERTAINTY') );
#16957 = ( LENGTH_UNIT() NAMED_UNIT(*) SI_UNIT(.MILLI.,.METRE.) );
#16958 = ( NAMED_UNIT(*) PLANE_ANGLE_UNIT() SI_UNIT($,.RADIAN.) );
#16959 = ( NAMED_UNIT(*) SI_UNIT($,.STERADIAN.) SOLID_ANGLE_UNIT() );
#16960 = UNCERTAINTY_MEASURE_WITH_UNIT(LENGTH_MEASURE(1.E-07),#16957,
  'distance_accuracy_value','confusion accuracy');
#16961 = CONTEXT_DEPENDENT_SHAPE_REPRESENTATION(#16962,#16964);
#16962 = ( REPRESENTATION_RELATIONSHIP('','',#15836,#10) 
REPRESENTATION_RELATIONSHIP_WITH_TRANSFORMATION(#16963) 
SHAPE_REPRESENTATION_RELATIONSHIP() );
#16963 = ITEM_DEFINED_TRANSFORMATION('','',#11,#99);
#16964 = PRODUCT_DEFINITION_SHAPE('Placement','Placement of an item',
  #16965);
#16965 = NEXT_ASSEMBLY_USAGE_OCCURRENCE('22','=>[0:1:1:10]','',#5,#15831
  ,$);
#16966 = PRODUCT_RELATED_PRODUCT_CATEGORY('part',$,(#15833));
#16967 = MECHANICAL_DESIGN_GEOMETRIC_PRESENTATION_REPRESENTATION('',(
    #16968),#16956);
#16968 = STYLED_ITEM('color',(#16969),#15837);
#16969 = PRESENTATION_STYLE_ASSIGNMENT((#16970));
#16970 = SURFACE_STYLE_USAGE(.BOTH.,#16971);
#16971 = SURFACE_SIDE_STYLE('',(#16972));
#16972 = SURFACE_STYLE_FILL_AREA(#16973);
#16973 = FILL_AREA_STYLE('',(#16974));
#16974 = FILL_AREA_STYLE_COLOUR('',#16975);
#16975 = COLOUR_RGB('',0.313304153717,0.484529207832,0.410020903123);
ENDSEC;
END-ISO-10303-21;
